schema_version,case_id,dof,seed_count,success_count,failure_count,failure_reasons,config_hashes,energy_gap_median,energy_gap_q1,energy_gap_q3,natural_error_median,natural_error_q1,natural_error_q3,v_error_median,v_error_q1,v_error_q3,l2_error_median,l2_error_q1,l2_error_q3,wall_time_sec_median,wall_time_sec_q1,wall_time_sec_q3
cga-experiments-v1,C1,128,10,10,0,none,7f87c16fdc42457391817014ea273c6c3b26e1aab091198c9ab5adb83a49bc6e;b1651ad7e73c008ece0142a5f2b55cf0ac26b5a7f88dbbe570fd4ad7dbef359b,0.0008134394602077322,0.0004889401654954995,0.0014136987435806603,0.005762936981132944,0.00446548442320606,0.007604405021773741,NA,NA,NA,0.00023951594503240337,0.00016584910478143855,0.00037005466569946016,0.007765437499983818,0.0076925204998588015,0.007989625249933852
cga-experiments-v1,C1,16,10,10,0,none,7f87c16fdc42457391817014ea273c6c3b26e1aab091198c9ab5adb83a49bc6e;b1651ad7e73c008ece0142a5f2b55cf0ac26b5a7f88dbbe570fd4ad7dbef359b,7.0218904280975405,6.705173918255045,7.4751636135363935,0.5359764996510082,0.5237363707660196,0.552978975055997,NA,NA,NA,0.10002914835891183,0.09384334602465007,0.10629714969926543,0.0006125629998905424,0.0005487082499371354,0.0007593014998406034
cga-experiments-v1,C1,256,10,10,0,none,7f87c16fdc42457391817014ea273c6c3b26e1aab091198c9ab5adb83a49bc6e;b1651ad7e73c008ece0142a5f2b55cf0ac26b5a7f88dbbe570fd4ad7dbef359b,8.377177156404514e-07,7.743918999381094e-07,8.961159476683633e-07,0.0001853036947919546,0.00017793309281231373,0.0001912855992735679,NA,NA,NA,2.297756983446358e-06,2.1621161391839178e-06,2.420530492965872e-06,0.014674395500037463,0.014391239250073795,0.014988261000041803
cga-experiments-v1,C1,32,10,10,0,none,7f87c16fdc42457391817014ea273c6c3b26e1aab091198c9ab5adb83a49bc6e;b1651ad7e73c008ece0142a5f2b55cf0ac26b5a7f88dbbe570fd4ad7dbef359b,1.7210094748597715,1.4649013785580234,2.4656657227976364,0.2653421169355273,0.24480780158806945,0.31760663057607547,NA,NA,NA,0.04255156680847807,0.03709898310626067,0.055715041762307876,0.0010967079999772977,0.0010350835001986525,0.0011594162499477534
cga-experiments-v1,C1,64,10,10,0,none,7f87c16fdc42457391817014ea273c6c3b26e1aab091198c9ab5adb83a49bc6e;b1651ad7e73c008ece0142a5f2b55cf0ac26b5a7f88dbbe570fd4ad7dbef359b,0.07551045654362198,0.0401854855466226,0.11710602496200018,0.05557793890781977,0.040544800217015724,0.0688864787754769,NA,NA,NA,0.004307849488281423,0.0031311982696451074,0.006531157879836529,0.0026321455000015703,0.002571561999957339,0.0031572812498552594
cga-experiments-v1,C1,8,10,10,0,none,7f87c16fdc42457391817014ea273c6c3b26e1aab091198c9ab5adb83a49bc6e;b1651ad7e73c008ece0142a5f2b55cf0ac26b5a7f88dbbe570fd4ad7dbef359b,11.844216711115674,11.675709617531101,12.116300859448774,0.6961062173065804,0.6911337475347722,0.7040544193849043,NA,NA,NA,0.36016680659819944,0.2017408720620187,0.41140687204848775,0.0005446874999961437,0.00046211450001010235,0.0007856044998675316
cga-experiments-v1,C2,128,10,10,0,none,7f87c16fdc42457391817014ea273c6c3b26e1aab091198c9ab5adb83a49bc6e;b1651ad7e73c008ece0142a5f2b55cf0ac26b5a7f88dbbe570fd4ad7dbef359b,0.000813436400784795,0.000488945607056479,0.0014137563871337022,0.005762936991634849,0.004465484426805485,0.007604405041318788,NA,NA,NA,0.00023951770751438157,0.00016584902343831276,0.00037005946409641695,0.0373168539983908,0.03001005149997127,0.041406635999976515
cga-experiments-v1,C2,16,10,10,0,none,7f87c16fdc42457391817014ea273c6c3b26e1aab091198c9ab5adb83a49bc6e;b1651ad7e73c008ece0142a5f2b55cf0ac26b5a7f88dbbe570fd4ad7dbef359b,7.023629434475907,6.705958263713573,7.476117046813355,0.5359775653469745,0.5237365357806667,0.5529792380144369,NA,NA,NA,0.09996412401418778,0.09381342558301356,0.10611427753412565,0.001491062500008411,0.0014187604998596726,0.0015840205001040886
cga-experiments-v1,C2,256,10,10,0,none,7f87c16fdc42457391817014ea273c6c3b26e1aab091198c9ab5adb83a49bc6e;b1651ad7e73c008ece0142a5f2b55cf0ac26b5a7f88dbbe570fd4ad7dbef359b,8.377336495613008e-07,7.744052030744797e-07,8.961271191765263e-07,0.00018530463478851552,0.0001779350505435415,0.00019128710866903154,NA,NA,NA,2.299867033682589e-06,2.1624915472485648e-06,2.434538715730272e-06,0.27501843749996624,0.25549339574996566,0.285337104000007
cga-experiments-v1,C2,32,10,10,0,none,7f87c16fdc42457391817014ea273c6c3b26e1aab091198c9ab5adb83a49bc6e;b1651ad7e73c008ece0142a5f2b55cf0ac26b5a7f88dbbe570fd4ad7dbef359b,1.7212297431363304,1.4649050127089458,2.4661750375135076,0.2653421968654892,0.2448078694844178,0.3176067233118338,NA,NA,NA,0.042615408044395175,0.03710300290794987,0.05572671600380624,0.0016045835000113584,0.0015001560000200698,0.0019089376622787313
cga-experiments-v1,C2,64,10,10,0,none,7f87c16fdc42457391817014ea273c6c3b26e1aab091198c9ab5adb83a49bc6e;b1651ad7e73c008ece0142a5f2b55cf0ac26b5a7f88dbbe570fd4ad7dbef359b,0.07550901522738052,0.04018463766987601,0.11711833161667862,0.05557793932327455,0.040544800391277856,0.06888648413769793,NA,NA,NA,0.004308217779151141,0.0031316560833172863,0.006535384871535322,0.0043354580074037585,0.003976395749987205,0.005564916499906758
cga-experiments-v1,C2,8,10,10,0,none,7f87c16fdc42457391817014ea273c6c3b26e1aab091198c9ab5adb83a49bc6e;b1651ad7e73c008ece0142a5f2b55cf0ac26b5a7f88dbbe570fd4ad7dbef359b,11.857835546641217,11.681743734052933,12.296699315152013,0.6961492620910301,0.691137807682861,0.7047073231239517,NA,NA,NA,0.3018866702168715,0.20100444271407716,0.38074246765322367,0.0016752710342871069,0.0015253434999067395,0.0020014270000956458
cga-experiments-v1,C3,128,10,10,0,none,7f87c16fdc42457391817014ea273c6c3b26e1aab091198c9ab5adb83a49bc6e;b1651ad7e73c008ece0142a5f2b55cf0ac26b5a7f88dbbe570fd4ad7dbef359b,0.005362019378411631,0.004951669882729881,0.007407481736636079,0.023160066854218432,0.022255025371667948,0.02721723262688856,NA,NA,NA,0.007060132738071044,0.006459481742784431,0.008443907853344578,0.3706557085000668,0.30296182272570604,0.452560968750106
cga-experiments-v1,C3,16,10,10,0,none,7f87c16fdc42457391817014ea273c6c3b26e1aab091198c9ab5adb83a49bc6e;b1651ad7e73c008ece0142a5f2b55cf0ac26b5a7f88dbbe570fd4ad7dbef359b,6.0761945302802856,4.845214552082253,6.769428851210758,0.7788800973960123,0.695628601016705,0.8218718165312373,NA,NA,NA,1.0745482888639666,0.8922531114402655,1.2616502553016584,0.03190147899999829,0.030846551775653097,0.0327601877501138
cga-experiments-v1,C3,256,10,10,0,none,7f87c16fdc42457391817014ea273c6c3b26e1aab091198c9ab5adb83a49bc6e;b1651ad7e73c008ece0142a5f2b55cf0ac26b5a7f88dbbe570fd4ad7dbef359b,0.0005174040287316828,0.00041879785921050683,0.0007505705285928421,0.007195350931935174,0.006471700578512594,0.008662722262823969,NA,NA,NA,0.001455110784880652,0.001367343434687774,0.001876519442658299,0.9871256875001109,0.9082801150000819,1.4612857912499067
cga-experiments-v1,C3,32,10,10,0,none,7f87c16fdc42457391817014ea273c6c3b26e1aab091198c9ab5adb83a49bc6e;b1651ad7e73c008ece0142a5f2b55cf0ac26b5a7f88dbbe570fd4ad7dbef359b,1.413832093971581,0.8490251469007597,1.6411944381828105,0.3759598540181477,0.29090883616572283,0.40483911737356937,NA,NA,NA,0.2460576454807335,0.17582442122420666,0.2714649935826722,0.050407958500045424,0.04901061399999662,0.054443583500074055
cga-experiments-v1,C3,512,10,10,0,none,7f87c16fdc42457391817014ea273c6c3b26e1aab091198c9ab5adb83a49bc6e;b1651ad7e73c008ece0142a5f2b55cf0ac26b5a7f88dbbe570fd4ad7dbef359b,4.029159044272035e-05,3.3429177308974545e-05,4.819277759438023e-05,0.0021195361989907006,0.0019552892313726847,0.0022895222937028303,NA,NA,NA,0.0003087701764656291,0.0002760748160927141,0.0003231113922178235,10.335119874999918,6.289229323110078,22.592606406250127
cga-experiments-v1,C3,64,10,10,0,none,7f87c16fdc42457391817014ea273c6c3b26e1aab091198c9ab5adb83a49bc6e;b1651ad7e73c008ece0142a5f2b55cf0ac26b5a7f88dbbe570fd4ad7dbef359b,0.08256076069896512,0.032558536366891655,0.12220105904973044,0.0908639882730127,0.05699925257507098,0.11043747455346528,NA,NA,NA,0.03696498895229243,0.022989051254600122,0.048773299021139666,0.10662206250003692,0.10362866675006899,0.1101903747500046
cga-experiments-v1,C3,8,10,10,0,none,7f87c16fdc42457391817014ea273c6c3b26e1aab091198c9ab5adb83a49bc6e;b1651ad7e73c008ece0142a5f2b55cf0ac26b5a7f88dbbe570fd4ad7dbef359b,9.18896880781035,8.529766860885214,9.644559825227143,0.957999296703726,0.922908348842591,0.9814248072865022,NA,NA,NA,0.9994158736841979,0.9917209379451977,1.082418746769082,0.036593145499978164,0.03426838524990217,0.0383057607500632
cga-experiments-v1,C4,128,10,10,0,none,7f87c16fdc42457391817014ea273c6c3b26e1aab091198c9ab5adb83a49bc6e;b1651ad7e73c008ece0142a5f2b55cf0ac26b5a7f88dbbe570fd4ad7dbef359b,8.109677196443954e-08,3.6488771115728014e-08,8.907163362437132e-08,9.102704118004628e-05,6.10767246883433e-05,0.00020773633578139025,1.9236054189759047e-05,1.289614247424001e-05,2.0152458145277523e-05,1.4012351070884351e-06,1.072220176596168e-06,3.045433704819935e-06,0.027657666999971298,0.022111698250114387,0.03486258324988967
cga-experiments-v1,C4,16,10,10,0,none,7f87c16fdc42457391817014ea273c6c3b26e1aab091198c9ab5adb83a49bc6e;b1651ad7e73c008ece0142a5f2b55cf0ac26b5a7f88dbbe570fd4ad7dbef359b,0.004343970553264853,0.001988148487512831,0.005760051815130396,0.009297202996800556,0.007917488064714918,0.010255623407643964,0.004454727453716004,0.003010426364417741,0.005117066428343463,0.0025314114565950156,0.001251674380924862,0.00449465234436979,0.005304583499992077,0.004416301999981442,0.005771906499887791
cga-experiments-v1,C4,256,10,10,0,none,7f87c16fdc42457391817014ea273c6c3b26e1aab091198c9ab5adb83a49bc6e;b1651ad7e73c008ece0142a5f2b55cf0ac26b5a7f88dbbe570fd4ad7dbef359b,3.4503955248510465e-10,2.7920066258957377e-10,4.277609377822955e-10,8.773581793772909e-05,5.084270678139013e-05,0.00013482883150232194,1.203204635771061e-06,1.1146406493161655e-06,1.3063858916928328e-06,5.801250937994835e-07,2.982766427171001e-07,7.478771434036511e-07,0.04557399999998779,0.041128094345594945,0.05042707349991815
cga-experiments-v1,C4,32,10,10,0,none,7f87c16fdc42457391817014ea273c6c3b26e1aab091198c9ab5adb83a49bc6e;b1651ad7e73c008ece0142a5f2b55cf0ac26b5a7f88dbbe570fd4ad7dbef359b,0.000279430407857717,0.00015227841393539165,0.0007348088577714407,0.0025113406725561695,0.0016383578119539622,0.004918758663785718,0.001104121319054341,0.0008335099170496779,0.001820655846656749,0.00020822481391299653,0.00011300588610033978,0.0003218338621411258,0.011728416499977357,0.008924062930418586,0.013721802250131532
cga-experiments-v1,C4,64,10,10,0,none,7f87c16fdc42457391817014ea273c6c3b26e1aab091198c9ab5adb83a49bc6e;b1651ad7e73c008ece0142a5f2b55cf0ac26b5a7f88dbbe570fd4ad7dbef359b,5.892336247370622e-06,3.641532387632651e-06,1.4079989355764155e-05,0.0005151732577860875,0.0003550364639858356,0.0011202992300098043,0.0001631346305677294,0.00012841576860477447,0.0002506901210467953,3.069415473255433e-05,1.4856024785532836e-05,5.897151901129675e-05,0.01929908344504838,0.01710675050003374,0.02400239550013339
cga-experiments-v1,C4,8,10,10,0,none,7f87c16fdc42457391817014ea273c6c3b26e1aab091198c9ab5adb83a49bc6e;b1651ad7e73c008ece0142a5f2b55cf0ac26b5a7f88dbbe570fd4ad7dbef359b,0.3949859811203851,0.13341042938571945,3.957625730418087,0.0829087080851427,0.07180532845397458,0.20702012149368304,0.042787191104979846,0.02558115281263857,0.12549927320359794,0.019792203034654798,0.012719675139247384,0.04338335366525107,0.0033424375000095097,0.0031958124999391657,0.0035096770000109245
cga-experiments-v1,C5,128,10,7,3,L-BFGS-B: CONVERGENCE: RELATIVE REDUCTION OF F <= FACTR*EPSMCH; Newton-CG: Optimization terminated successfully.;L-BFGS-B: CONVERGENCE: RELATIVE REDUCTION OF F <= FACTR*EPSMCH; Newton-CG: Warning: Desired error not necessarily achieved due to precision loss.,3a389181f596806d9fd75de4a7e16fe3294415f902dd2d0d74a86d025f4ede14;7f87c16fdc42457391817014ea273c6c3b26e1aab091198c9ab5adb83a49bc6e;b1651ad7e73c008ece0142a5f2b55cf0ac26b5a7f88dbbe570fd4ad7dbef359b,0.16467016031072035,0.13009656987398444,0.2169585111846004,0.035362151164344775,0.028013091710559712,0.035682743438117004,0.02825637243107325,0.02517837569563909,0.03263078527381026,0.013057452845136121,0.010550426460146707,0.01621656646997017,2.3891221250000854,2.2267532084999857,5.807958228999951
cga-experiments-v1,C5,16,10,10,0,none,3a389181f596806d9fd75de4a7e16fe3294415f902dd2d0d74a86d025f4ede14;7f87c16fdc42457391817014ea273c6c3b26e1aab091198c9ab5adb83a49bc6e;b1651ad7e73c008ece0142a5f2b55cf0ac26b5a7f88dbbe570fd4ad7dbef359b,188.1642175653029,155.0305519030993,210.1840461310613,0.7970414062099991,0.7529473209589588,0.820356670214114,0.8420480984195451,0.7699576306530848,0.8732716595029457,0.8787970931767632,0.7766138561106375,0.9265386010831236,0.11876102049996007,0.07790247925004223,0.17703731275014434
cga-experiments-v1,C5,256,10,4,6,L-BFGS-B: CONVERGENCE: RELATIVE REDUCTION OF F <= FACTR*EPSMCH; Newton-CG: Warning: Desired error not necessarily achieved due to precision loss.;L-BFGS-B: STOP: TOTAL NO. OF ITERATIONS REACHED LIMIT; Newton-CG: Warning: Desired error not necessarily achieved due to precision loss.,3a389181f596806d9fd75de4a7e16fe3294415f902dd2d0d74a86d025f4ede14;7f87c16fdc42457391817014ea273c6c3b26e1aab091198c9ab5adb83a49bc6e;b1651ad7e73c008ece0142a5f2b55cf0ac26b5a7f88dbbe570fd4ad7dbef359b,0.02573241972632445,0.01896892244226933,0.035269742755176026,0.012483080193583847,0.010865332341039757,0.014650917726434376,0.011145140687796555,0.009575881462510162,0.013110136301867064,0.004144341477708048,0.003460605775959178,0.004791005902433674,4.6036413130000255,4.040896677494402,5.435555187750083
cga-experiments-v1,C5,32,10,10,0,none,3a389181f596806d9fd75de4a7e16fe3294415f902dd2d0d74a86d025f4ede14;7f87c16fdc42457391817014ea273c6c3b26e1aab091198c9ab5adb83a49bc6e;b1651ad7e73c008ece0142a5f2b55cf0ac26b5a7f88dbbe570fd4ad7dbef359b,43.59085920420844,27.845647949825477,56.06445597498572,0.42900502018262554,0.3499644982964438,0.46553704378895255,0.4564537997083742,0.3651231455522058,0.5194455323526738,0.30060721311066546,0.24608161850418261,0.3306169226511738,0.20038335399999596,0.14263546849986142,0.24757592725006816
cga-experiments-v1,C5,512,3,3,0,none,7f87c16fdc42457391817014ea273c6c3b26e1aab091198c9ab5adb83a49bc6e;b1651ad7e73c008ece0142a5f2b55cf0ac26b5a7f88dbbe570fd4ad7dbef359b,0.0015063904351677593,0.0013882856230509333,0.001922598992081248,0.003320651016802386,0.0030796228813449837,0.0036589000763619308,0.002706193100862439,0.0026130746786092876,0.003045092154374431,0.0005712278050681552,0.00048357666762275807,0.0006713441146886297,15.70837541600008,14.525162520470417,20.86334212500003
cga-experiments-v1,C5,64,10,10,0,none,3a389181f596806d9fd75de4a7e16fe3294415f902dd2d0d74a86d025f4ede14;7f87c16fdc42457391817014ea273c6c3b26e1aab091198c9ab5adb83a49bc6e;b1651ad7e73c008ece0142a5f2b55cf0ac26b5a7f88dbbe570fd4ad7dbef359b,2.751137819966658,1.360579288721226,4.728193422340837,0.12260004337842098,0.08045247031549363,0.13663646918973404,0.11648666293973917,0.08064115921442225,0.1512849201988749,0.0658429780403001,0.051798151382300345,0.10999151843419669,0.5936166250000952,0.5581537085000718,0.8761216247498851
cga-experiments-v1,C5,8,10,10,0,none,3a389181f596806d9fd75de4a7e16fe3294415f902dd2d0d74a86d025f4ede14;7f87c16fdc42457391817014ea273c6c3b26e1aab091198c9ab5adb83a49bc6e;b1651ad7e73c008ece0142a5f2b55cf0ac26b5a7f88dbbe570fd4ad7dbef359b,317.6381399385268,291.64933498160434,332.6179879426712,1.0178719085227121,0.9971350905322653,1.0340292319543924,0.9815053302033421,0.9539584481268109,1.004082244038866,1.1678671880480231,1.1260642074863099,1.2083023383502207,0.09491975000014463,0.05538768799988247,0.1404185622499199
