schema_version,source_path,sha256,size_bytes
cga-experiments-v1,reproducibility/configs/experiments/mission3_rfm_multiseed.json,b1651ad7e73c008ece0142a5f2b55cf0ac26b5a7f88dbbe570fd4ad7dbef359b,910
cga-experiments-v1,archive/data/raw/baseline/data/cga_evaluated.csv,0ddba21a1d71f58734a144da2c8e9637c879b45a95cf666bd50f0a884bba70c5,26424
cga-experiments-v1,archive/data/raw/baseline/data/fem_raw.csv,ee4d4d1795e39b0bde9a151e26d3004e703724890ebfd667db4a9554bf2242c5,53625
cga-experiments-v1,archive/data/raw/baseline/data/rfm_raw.csv,d9ba684ca65bba7a09c43d8dacceb14797bd7b8765244918fadd6611091ea7be,17861
cga-experiments-v1,archive/data/raw/mission3_cga/base_pure/pure_p_p4_k3_d1_neumann_stratified_breakpoint_lbfgs_seed0201_20260907T084318+0800/config.json,65a42aa696c3710ce595d39c6545968642a6b064da220f1476dd6aef48fac360,1759
cga-experiments-v1,archive/data/raw/mission3_cga/base_pure/pure_p_p4_k3_d1_neumann_stratified_breakpoint_lbfgs_seed0201_20260907T084318+0800/history.csv,3da8885406067e143bc145fdad5d1cf191fbf7fe7f8161fb14e7abbe3f235f94,30837
cga-experiments-v1,archive/data/raw/mission3_cga/base_pure/pure_p_p4_k3_d1_neumann_stratified_breakpoint_lbfgs_seed0201_20260907T084318+0800/states/accepted_0001.npz,d46333f531cfc10f7da05c1cf35ea4fbb86c039fd4690f7af0a930f195f7f1c2,2124
cga-experiments-v1,archive/data/raw/mission3_cga/base_pure/pure_p_p4_k3_d1_neumann_stratified_breakpoint_lbfgs_seed0201_20260907T084318+0800/states/accepted_0002.npz,9c17eeb9ca848c6dc40c3c8cef49b3e308e054eac4bb024e47fe2c77a19455e7,2162
cga-experiments-v1,archive/data/raw/mission3_cga/base_pure/pure_p_p4_k3_d1_neumann_stratified_breakpoint_lbfgs_seed0201_20260907T084318+0800/states/accepted_0003.npz,1f5a80c73c3d293e1615725778effec252f51dbb5b7b72480d651b735b292069,2197
cga-experiments-v1,archive/data/raw/mission3_cga/base_pure/pure_p_p4_k3_d1_neumann_stratified_breakpoint_lbfgs_seed0201_20260907T084318+0800/states/accepted_0004.npz,993339f4b3fdd87ad387f52adfa84fffb639e24d1e38710091345f32235ce596,2231
cga-experiments-v1,archive/data/raw/mission3_cga/base_pure/pure_p_p4_k3_d1_neumann_stratified_breakpoint_lbfgs_seed0201_20260907T084318+0800/states/accepted_0005.npz,2e30bdfd6c709f01f6ba618f9984a899c4cd455b7362f60a0a486ebc13f5dbdb,2265
cga-experiments-v1,archive/data/raw/mission3_cga/base_pure/pure_p_p4_k3_d1_neumann_stratified_breakpoint_lbfgs_seed0201_20260907T084318+0800/states/accepted_0006.npz,36821ce38462a5faf5b90fc7684abb9abe1e1979f71d20024a214c33332d012c,2299
cga-experiments-v1,archive/data/raw/mission3_cga/base_pure/pure_p_p4_k3_d1_neumann_stratified_breakpoint_lbfgs_seed0201_20260907T084318+0800/states/accepted_0007.npz,b145e2512fc27d79dd1b924a9e78f1da6f0e57730fa522956a9ea1bcb1416672,2333
cga-experiments-v1,archive/data/raw/mission3_cga/base_pure/pure_p_p4_k3_d1_neumann_stratified_breakpoint_lbfgs_seed0201_20260907T084318+0800/states/accepted_0008.npz,d3c575e94d940fa29a3cd38d36feaec5ade6227049783b96dad2cef9a00acb35,2368
cga-experiments-v1,archive/data/raw/mission3_cga/base_pure/pure_p_p4_k3_d1_neumann_stratified_breakpoint_lbfgs_seed0201_20260907T084318+0800/states/accepted_0009.npz,fc933af8b89b26d97142cc4162c79beee7abfcd654a090ba452d26c8c96857ad,2403
cga-experiments-v1,archive/data/raw/mission3_cga/base_pure/pure_p_p4_k3_d1_neumann_stratified_breakpoint_lbfgs_seed0201_20260907T084318+0800/states/accepted_0010.npz,00181fe566e91d557cb26d5e55924f8824c1b2db0c97cba6b6f021d18564436f,2443
cga-experiments-v1,archive/data/raw/mission3_cga/base_pure/pure_p_p4_k3_d1_neumann_stratified_breakpoint_lbfgs_seed0201_20260907T084318+0800/states/accepted_0011.npz,f9790c731a6b4a7e576bec2862ce40688cd28d8d366b36d0755f60b5870bcb48,2476
cga-experiments-v1,archive/data/raw/mission3_cga/base_pure/pure_p_p4_k3_d1_neumann_stratified_breakpoint_lbfgs_seed0201_20260907T084318+0800/states/accepted_0012.npz,cd9c36dfccd6bffadeda6dd763cf3ed24b67ae6d4aeac031e6be0ba18290d5ae,2509
cga-experiments-v1,archive/data/raw/mission3_cga/base_pure/pure_p_p4_k3_d1_neumann_stratified_breakpoint_lbfgs_seed0201_20260907T084318+0800/states/accepted_0013.npz,95974bb28ab613d13127436769fd21da8bbc8e9dfbb2478b634ba2301c90b4ce,2544
cga-experiments-v1,archive/data/raw/mission3_cga/base_pure/pure_p_p4_k3_d1_neumann_stratified_breakpoint_lbfgs_seed0201_20260907T084318+0800/states/accepted_0014.npz,588ded85fa45b791e5036de5bf3246db56b440c7e1a241955dbb106092eb1ecc,2578
cga-experiments-v1,archive/data/raw/mission3_cga/base_pure/pure_p_p4_k3_d1_neumann_stratified_breakpoint_lbfgs_seed0201_20260907T084318+0800/states/accepted_0015.npz,af7882feef3105c83891a95e89e4a9dfaa50986bc6742b979acf771b3cc85269,2613
cga-experiments-v1,archive/data/raw/mission3_cga/base_pure/pure_p_p4_k3_d1_neumann_stratified_breakpoint_lbfgs_seed0201_20260907T084318+0800/states/accepted_0016.npz,225fe158b589d455f4309b463cfbda40ca292e697b7f70e66419a460270800cc,2647
cga-experiments-v1,archive/data/raw/mission3_cga/base_pure/pure_p_p4_k3_d1_neumann_stratified_breakpoint_lbfgs_seed0201_20260907T084318+0800/states/accepted_0017.npz,1b24f0fe96a14b93e6a34287b01f88c5b6a673c4ed663329c1481682ac746fb3,2685
cga-experiments-v1,archive/data/raw/mission3_cga/base_pure/pure_p_p4_k3_d1_neumann_stratified_breakpoint_lbfgs_seed0201_20260907T084318+0800/states/accepted_0018.npz,2062394f29e7104c53a32b98538c920d5a1ba576736b763f8a6b7157289c2bc4,2717
cga-experiments-v1,archive/data/raw/mission3_cga/base_pure/pure_p_p4_k3_d1_neumann_stratified_breakpoint_lbfgs_seed0201_20260907T084318+0800/states/accepted_0019.npz,e793566fc2a53e775f16828596decba5476f9a784260592fba14e3b03a1fd5d3,2752
cga-experiments-v1,archive/data/raw/mission3_cga/base_pure/pure_p_p4_k3_d1_neumann_stratified_breakpoint_lbfgs_seed0201_20260907T084318+0800/states/accepted_0020.npz,f4ec2b724cccf71b1ad75d2771c6d81300de1a8abeea4fb00cc72c8daf6c992f,2784
cga-experiments-v1,archive/data/raw/mission3_cga/base_pure/pure_p_p4_k3_d1_neumann_stratified_breakpoint_lbfgs_seed0201_20260907T084318+0800/states/accepted_0021.npz,8a26f7c09233b680047c2e8e3a45ee3a55938aae641d727a2ef76c1d137ddc3d,2819
cga-experiments-v1,archive/data/raw/mission3_cga/base_pure/pure_p_p4_k3_d1_neumann_stratified_breakpoint_lbfgs_seed0201_20260907T084318+0800/states/accepted_0022.npz,7cf1e756429469c0a1ceed056f5a5526c53670294fb1cd7fa0e935a0e5e0c0d2,2855
cga-experiments-v1,archive/data/raw/mission3_cga/base_pure/pure_p_p4_k3_d1_neumann_stratified_breakpoint_lbfgs_seed0201_20260907T084318+0800/states/accepted_0023.npz,b57918bfa05eaf5f94366ef70acd7c7971269a03bfe6b64abb01f173c5b09d20,2889
cga-experiments-v1,archive/data/raw/mission3_cga/base_pure/pure_p_p4_k3_d1_neumann_stratified_breakpoint_lbfgs_seed0201_20260907T084318+0800/states/accepted_0024.npz,fca90d95cb5c57c143576ae2cb0cafe060eafd86e937435889929ba97e4b6332,2922
cga-experiments-v1,archive/data/raw/mission3_cga/base_pure/pure_p_p4_k3_d1_neumann_stratified_breakpoint_lbfgs_seed0201_20260907T084318+0800/states/accepted_0025.npz,255f4f4ad7da575a4d541a9fbfec8402bba9496635c2a07b61e19f4faccb4741,2957
cga-experiments-v1,archive/data/raw/mission3_cga/base_pure/pure_p_p4_k3_d1_neumann_stratified_breakpoint_lbfgs_seed0201_20260907T084318+0800/states/accepted_0026.npz,232011bc1886b99254113689f92b0f6f5fae89fb8a6fc00001635206b46f20f7,2989
cga-experiments-v1,archive/data/raw/mission3_cga/base_pure/pure_p_p4_k3_d1_neumann_stratified_breakpoint_lbfgs_seed0201_20260907T084318+0800/states/accepted_0027.npz,01b1eb24df56578862dd74d9559a1c2e3f4cd7d82180b48b371f45f0a0d71f94,3024
cga-experiments-v1,archive/data/raw/mission3_cga/base_pure/pure_p_p4_k3_d1_neumann_stratified_breakpoint_lbfgs_seed0201_20260907T084318+0800/states/accepted_0028.npz,82af67288b26d6e2fd43446afff89d9e7abd5bcc56d5b5312b440d4e08c48697,3056
cga-experiments-v1,archive/data/raw/mission3_cga/base_pure/pure_p_p4_k3_d1_neumann_stratified_breakpoint_lbfgs_seed0201_20260907T084318+0800/states/accepted_0029.npz,db496a86f902be239ddf815254f1686a42c8e80503e6aacf46c864311a446419,3092
cga-experiments-v1,archive/data/raw/mission3_cga/base_pure/pure_p_p4_k3_d1_neumann_stratified_breakpoint_lbfgs_seed0201_20260907T084318+0800/states/accepted_0030.npz,10440c8ce5eddf6555433df04894eebab8f0902e71dd8165ebe427bc2936eeaf,3127
cga-experiments-v1,archive/data/raw/mission3_cga/base_pure/pure_p_p4_k3_d1_neumann_stratified_breakpoint_lbfgs_seed0201_20260907T084318+0800/states/accepted_0031.npz,52d05dc451a0cf0ae2c3f1c50419d6601976816b5e3d6d9c641c3fac561fbb9d,3159
cga-experiments-v1,archive/data/raw/mission3_cga/base_pure/pure_p_p4_k3_d1_neumann_stratified_breakpoint_lbfgs_seed0201_20260907T084318+0800/states/accepted_0032.npz,3e825d4a131717f7b5a7db8ad15332cb2fb31dce1d6a3da961fcef8f46a56d32,3195
cga-experiments-v1,archive/data/raw/mission3_cga/epsilon_001/regularized_p_p4_k3_d1_neumann_stratified_breakpoint_lbfgs_seed0201_20260907T084325+0800/config.json,eb96aa713c30dbe765bad3a40b1a2d9df0ef473e2c6b564a35f9dbc8f790cd4e,1768
cga-experiments-v1,archive/data/raw/mission3_cga/epsilon_001/regularized_p_p4_k3_d1_neumann_stratified_breakpoint_lbfgs_seed0201_20260907T084325+0800/history.csv,0bd16ea221d0f9caafd5eec5184871562b5a6230d3a43f45a13a1c37f4a63965,30131
cga-experiments-v1,archive/data/raw/mission3_cga/epsilon_01/regularized_p_p4_k3_d1_neumann_stratified_breakpoint_lbfgs_seed0201_20260907T084318+0800/config.json,11723a5e72e6f4878e083142ce6395724ff245e777938843bd91d3ee5d3e1573,1766
cga-experiments-v1,archive/data/raw/mission3_cga/epsilon_01/regularized_p_p4_k3_d1_neumann_stratified_breakpoint_lbfgs_seed0201_20260907T084318+0800/history.csv,327ec1f128a50a5d77ead82df41f105b5ecc6f7e24779e867fd8f93e72f56f42,30137
cga-experiments-v1,archive/data/raw/mission3_cga/epsilon_1/regularized_p_p4_k3_d1_neumann_stratified_breakpoint_lbfgs_seed0201_20260907T084318+0800/config.json,2409ada31ed37d1ede1acbaa82862df58cb4abf43665042f9d8a22629059b696,1765
cga-experiments-v1,archive/data/raw/mission3_cga/epsilon_1/regularized_p_p4_k3_d1_neumann_stratified_breakpoint_lbfgs_seed0201_20260907T084318+0800/history.csv,e351f160a91cb317740fdfe370e5208dbffd61c72b671a403847a848d0715459,30271
cga-experiments-v1,archive/data/raw/mission3_cga/pool_1024/pure_p_p4_k3_d1_neumann_stratified_breakpoint_lbfgs_seed0201_20260907T084329+0800/config.json,a749375496f513916a8b93514ae9b81cbf04f778f3d720a1a0a590bec1c625c8,1760
cga-experiments-v1,archive/data/raw/mission3_cga/pool_1024/pure_p_p4_k3_d1_neumann_stratified_breakpoint_lbfgs_seed0201_20260907T084329+0800/history.csv,d5e4aba246c12af369213fff43d1a4c768a00ea391c23989b7b7eefc3f6cb099,30337
cga-experiments-v1,archive/data/raw/mission3_cga/pool_256/pure_p_p4_k3_d1_neumann_stratified_breakpoint_lbfgs_seed0201_20260907T084328+0800/config.json,5dec54018a08d2320010cfefd057bae1177ec65c774de50434d830770e007e27,1758
cga-experiments-v1,archive/data/raw/mission3_cga/pool_256/pure_p_p4_k3_d1_neumann_stratified_breakpoint_lbfgs_seed0201_20260907T084328+0800/history.csv,40551c8a1adbe7368bf6f492886a8e221c48aaec7f1c728d214e867eb1807ba6,30145
cga-experiments-v1,archive/data/raw/mission3_cga/quadrature_10/pure_p_p4_k3_d1_neumann_stratified_breakpoint_lbfgs_seed0201_20260907T084335+0800/config.json,17e0597bfdf2a336bac96f620880c77c47af80b3ed9cd5f799f9c2f5bd917ce5,1758
cga-experiments-v1,archive/data/raw/mission3_cga/quadrature_10/pure_p_p4_k3_d1_neumann_stratified_breakpoint_lbfgs_seed0201_20260907T084335+0800/history.csv,8013fbe73399b6bbc26feaa53d9912278b90510557d4f091a3172f24ef538fff,30651
cga-experiments-v1,archive/data/raw/mission3_cga/quadrature_4/pure_p_p4_k3_d1_neumann_stratified_breakpoint_lbfgs_seed0201_20260907T084333+0800/config.json,df78a976596a96c21724da29fa360d5c60c5e5a3868e07a66969fd0b89277d27,1756
cga-experiments-v1,archive/data/raw/mission3_cga/quadrature_4/pure_p_p4_k3_d1_neumann_stratified_breakpoint_lbfgs_seed0201_20260907T084333+0800/history.csv,cbe84c1f6b209e20d326918d99ce18cab6c231a36b835377127b7888f865b128,30676
cga-experiments-v1,archive/data/raw/mission3_cga_instrumented/tolerance_base/pure_p_p4_k3_d1_neumann_stratified_breakpoint_lbfgs_seed0201_20260907T084527+0800/config.json,2f0eed93a24551bd0fa5e8250cc640f21f446d72e265f66f10b2413418816829,1771
cga-experiments-v1,archive/data/raw/mission3_cga_instrumented/tolerance_base/pure_p_p4_k3_d1_neumann_stratified_breakpoint_lbfgs_seed0201_20260907T084527+0800/history.csv,fb641ed6928e9dc9e8dfaf125c7fe73e27445834643cfdaa9d41129d9eae96fd,31043
cga-experiments-v1,archive/data/raw/mission3_cga_instrumented/tolerance_base/pure_p_p4_k3_d1_neumann_stratified_breakpoint_lbfgs_seed0201_20260907T084527+0800/summary.json,68d48031129cd2f469fc8b75b9ff7dc6a6668b57af9f5228e62d78c606cdd834,4923
cga-experiments-v1,archive/data/raw/mission3_cga_instrumented/tolerance_loose/pure_p_p4_k3_d1_neumann_stratified_breakpoint_lbfgs_seed0201_20260907T084527+0800/config.json,3c606890e81195831d7f58c0dad9270c618090a915587acd075a5936ccb69a54,1773
cga-experiments-v1,archive/data/raw/mission3_cga_instrumented/tolerance_loose/pure_p_p4_k3_d1_neumann_stratified_breakpoint_lbfgs_seed0201_20260907T084527+0800/history.csv,c325411cd69a55ad55e49e8d0c6b00aa8c71429a4e2748e4b0a909c5c09c64a4,30417
cga-experiments-v1,archive/data/raw/mission3_cga_instrumented/tolerance_loose/pure_p_p4_k3_d1_neumann_stratified_breakpoint_lbfgs_seed0201_20260907T084527+0800/summary.json,16aef541b4aaff9738f541e88b3a5f140be36f3e7bf1a83a589e78f7aa1db0f8,4957
cga-experiments-v1,archive/data/raw/mission3_cga_instrumented/tolerance_tight/pure_p_p4_k3_d1_neumann_stratified_breakpoint_lbfgs_seed0201_20260907T084527+0800/config.json,7fbf078e524cfd515e0c5d0198e3f587b3cca2c793d4b6dceeeb9a874b652c1c,1772
cga-experiments-v1,archive/data/raw/mission3_cga_instrumented/tolerance_tight/pure_p_p4_k3_d1_neumann_stratified_breakpoint_lbfgs_seed0201_20260907T084527+0800/history.csv,2be25c41a0147e864bc3723ba261d5431455dbc0c927bc595d828b5a241a774c,30619
cga-experiments-v1,archive/data/raw/mission3_cga_instrumented/tolerance_tight/pure_p_p4_k3_d1_neumann_stratified_breakpoint_lbfgs_seed0201_20260907T084527+0800/summary.json,b288ff77ab86055948b3b1fe62a4a1625a99695d93b27254e955ffa7e1688471,4912
cga-experiments-v1,data/raw/baseline/data/rfm_raw.csv,69a1ad076a40fd57193e9d810caf83a611ee2d8b8d7dc2e15351766811fae092,146602
cga-experiments-v1,archive/data/raw/mission3_rfm_shards/seed203/data/rfm_raw.csv,1716891a3fd3a809e28ab0e683b28707ec63cbb7e0bf8c5b0a1ed9eaaee0320a,3810
cga-experiments-v1,archive/data/raw/mission3_rfm_shards/seed204/data/rfm_raw.csv,4a43b1fecf48488bdee582bf1b1680e6ac936cbb32aa2be1dcd47e26281203d5,3820
cga-experiments-v1,archive/data/raw/mission3_rfm_shards/seed205/data/rfm_raw.csv,72ddfefc5a2bfff009933c6779076228bde80ef0b0981171d3427e9ea5fd7fc1,3955
cga-experiments-v1,archive/data/raw/mission3_rfm_shards/seed206/data/rfm_raw.csv,66b7ea71ab38bcb9d6739b3fea7b20ef7d9de56769e30539663a037d739b0c3a,4433
cga-experiments-v1,archive/data/raw/mission3_rfm_shards/seed207/data/rfm_raw.csv,cf3c65aaa13bb01305a03f2ed42f431d2a2176fcfaf13daef83b1f3b5c0950d6,3842
cga-experiments-v1,archive/data/raw/mission3_rfm_shards/seed208/data/rfm_raw.csv,9caf58aada15767d610730c1018ad1d83628f650a1936bb5328a153f950f1756,4116
cga-experiments-v1,archive/data/raw/mission3_rfm_shards/seed209/data/rfm_raw.csv,89cb69bda0633770afac4bf18f260f00b5154434d21a8de5bd7c20127f6b4600,4044
cga-experiments-v1,archive/data/raw/mission3_rfm_shards/seed210/data/rfm_raw.csv,825d4a125f301e65042858b672d4ffb608c59ffc5894ba405e1382c602ba6c75,4039
cga-experiments-v1,archive/data/raw/pool_small/01_linear_d1_k3_multifreq/config.json,915a4e97cd09beb54d46f8a7d8b69d54a32c1982cb0a1ba6dbe79d8edb52a865,1792
cga-experiments-v1,archive/data/raw/pool_small/01_linear_d1_k3_multifreq/history.csv,93c7446e1632767f5ef3198b19fe41dbf19be6fca6677133894596bbf41918fa,217652
cga-experiments-v1,archive/data/raw/pool_small/01_linear_d1_k3_multifreq/model.npz,7d3cc31f2d7ea5d2adcf0c9021b85ac079cd606dee7743ced80c524afb001d75,8268
cga-experiments-v1,archive/data/raw/pool_small/01_linear_d1_k3_multifreq/summary.json,0fc57ace32e46788212f70c398b35b2730bb382c480177383030d7a6fad83c7a,4302
cga-experiments-v1,archive/data/raw/pool_small/02_linear_d2_k3/summary.json,222f8270dc5a05d04cd456cc951ce07c6e5ceaecd857809c27fe335d1e1dac2b,4281
cga-experiments-v1,archive/data/raw/pool_small/03_cubic_d1_k3_multifreq/config.json,a13bc2176741214933e5f92d515ac338c3a8beb6cf1238f295d187c93153e5d8,1791
cga-experiments-v1,archive/data/raw/pool_small/03_cubic_d1_k3_multifreq/history.csv,dd380d9ef1149208321164b88528fb2f03f156075c332f0d92b5064fffd8508e,246702
cga-experiments-v1,archive/data/raw/pool_small/03_cubic_d1_k3_multifreq/model.npz,9c8e7269129290a60ff1d0e83985bb948d7e86374dcd298a9b76e3df7ab2973a,8251
cga-experiments-v1,archive/data/raw/pool_small/03_cubic_d1_k3_multifreq/summary.json,7dccae7ea62c4f347f517cd1fa960dd02698445681ad9024d5445744803d1fed,4287
cga-experiments-v1,archive/data/raw/pool_small/04_cubic_d2_k3/summary.json,3cca379eb0b4caf537494ede41768706d03e016c49f1ba6d9424128a4103398b,4281
cga-experiments-v1,archive/data/raw/pool_small/05_sinh_d1_k3_multifreq/summary.json,771cc0e8d6491cc0c24baddc8baa12a5af78eee669c5f6a2a2964962fb7e9832,4280
cga-experiments-v1,archive/data/raw/pool_small/06_sinh_d2_k3/config.json,0a18d2ec09760c2d919f68885530c0e4bfc3c13e2b255482a351ab1c2ff1dcb0,1782
cga-experiments-v1,archive/data/raw/pool_small/06_sinh_d2_k3/history.csv,62a5eca62a7a87473550c36d89524826da5e26750f70c586438b0bce9be52a62,475026
cga-experiments-v1,archive/data/raw/pool_small/06_sinh_d2_k3/model.npz,5166a1db687262b7f94c4a2827890f9c7d4d251bdb2aec590d2a0c9f42ad4ae8,21577
cga-experiments-v1,archive/data/raw/pool_small/06_sinh_d2_k3/summary.json,9f9c7690bb0d5e6abb65296b8775f0fdb38fd3d214535282d107e0872b5dcd2d,4283
cga-experiments-v1,archive/data/raw/pool_small/07_pure_p_p4_d1_k1/config.json,6f8a9fa0c619e86cad7826f6c89e0c75c578f10698583e4e4eef312f5cb6dab4,1791
cga-experiments-v1,archive/data/raw/pool_small/07_pure_p_p4_d1_k1/summary.json,6825116841bd1a4ae48a1f579c3daddbdec7f916e6ec2b998939449f94e3ab96,4682
cga-experiments-v1,archive/data/raw/pool_small/08_pure_p_p4_d2_k3/config.json,ad69a9ec7e75408be3fb0d1a8bef39d12092383ddb601c3358d3eb4d0ecf655d,1784
cga-experiments-v1,archive/data/raw/pool_small/08_pure_p_p4_d2_k3/history.csv,6d81942b302d13300c3647405a00815e6889bf8414f20361cbc7e8f89df0904c,502785
cga-experiments-v1,archive/data/raw/pool_small/08_pure_p_p4_d2_k3/model.npz,3ed064be89fa7ae88dd3423d0f083f8764e19a447762d4a938305f96c9726786,25243
cga-experiments-v1,archive/data/raw/pool_small/08_pure_p_p4_d2_k3/summary.json,ed23231860c7aec591ef3031da5fce508a6bd5ea7fac1a8d1e989e6c2cbb4ae2,4820
cga-experiments-v1,archive/data/raw/pool_small/09_regularized_p_p4_d1_k3/summary.json,8ea3967c1aa274824a1d155e78a30eaac08edf7fa5e640c291e1595231e53ff5,4625
cga-experiments-v1,archive/data/raw/pool_small/10_regularized_p_p4_d2_k3/config.json,d28c893b47e31d66377b750534512555f871475fe65d4b9f4b8bbb177f12c2be,1790
cga-experiments-v1,archive/data/raw/pool_small/10_regularized_p_p4_d2_k3/history.csv,0bc6bbe47f17191efb53c6fb4243573c2afff6aea3aced6e70132588fc7c26bd,494299
cga-experiments-v1,archive/data/raw/pool_small/10_regularized_p_p4_d2_k3/model.npz,b9918ec2d8b19150950c133c665e4fa16d1c06823b9d6f7e537b059da7e9f4f2,23937
cga-experiments-v1,archive/data/raw/pool_small/10_regularized_p_p4_d2_k3/summary.json,eaca989ae4224831cf52834353ee9ae091106cb32b749accb07e1acfaccdbab8,4832
cga-experiments-v1,archive/data/raw/pool_small/11_reaction_p_p4_d1_k3/summary.json,53d6c356eefd654a7468e572682ad56977ee318e2ca140c5c78a453f82531a8c,4661
cga-experiments-v1,archive/data/raw/pool_small/12_reaction_p_p4_d2_k3/config.json,1decc06d8dce27c35ab5635122035dcb8d5daec94b081140706a31ae0fac95b2,1788
cga-experiments-v1,archive/data/raw/pool_small/12_reaction_p_p4_d2_k3/history.csv,9e1c00e4c9f9f1995b7ff6cf3f22b40cc8e912c97c2b810dd92c7226e5cc91f7,491575
cga-experiments-v1,archive/data/raw/pool_small/12_reaction_p_p4_d2_k3/model.npz,eb73bd5ecf13311e855596025c71edc0f70bf693006480031176b4be54a123c2,20761
cga-experiments-v1,archive/data/raw/pool_small/12_reaction_p_p4_d2_k3/summary.json,8404eeb4ebb823829965793e49a20e5ef558fd716421c95f4fb007b09690a931,4832
cga-experiments-v1,archive/data/raw/pool_small/13_pure_p_p3_d1_k1/summary.json,1d2f6ecd94cb238658c6797876685307d2b2790d734105813db07f6f00a8cbd1,4691
cga-experiments-v1,archive/data/raw/pool_small/14_pure_p_p3_d2_k3/config.json,d6b4115d93e6ed2f409715602d36a0c30d31b9115c223ce3a9604c4a2c845b58,1784
cga-experiments-v1,archive/data/raw/pool_small/14_pure_p_p3_d2_k3/summary.json,7558b34b8b5f87e1b483cbf27447f239a82113b758fa0f1fbaceb7792c83c105,4823
cga-experiments-v1,archive/data/raw/pool_small/15_pure_p_p5_d1_k1/config.json,ef360ab35701c4fc0819a49d520d101f0af13b460d7428fc41282060e8a0c953,1791
cga-experiments-v1,archive/data/raw/pool_small/15_pure_p_p5_d1_k1/history.csv,4c1b5bfdbd44fa1d8b0cf4d93ff0b743e165fcae6ff1f29fcc1ddfe77667b2c9,231094
cga-experiments-v1,archive/data/raw/pool_small/15_pure_p_p5_d1_k1/model.npz,574aac7c11028d274da1486451d59dd2b517fe33326f844c0a57a374c162b3ac,10142
cga-experiments-v1,archive/data/raw/pool_small/15_pure_p_p5_d1_k1/summary.json,4740f6d9adbe7dbd6da68eed0a881888f2229952e0892471dd2b27f2b84fa65d,4659
cga-experiments-v1,archive/data/raw/pool_small/16_pure_p_p5_d2_k3/config.json,9f81a202e0a9363b99342297afeaa6574c99cbadf61c49ee3aae574de882d609,1784
cga-experiments-v1,archive/data/raw/pool_small/16_pure_p_p5_d2_k3/summary.json,0a4ebe225b952b652f47bfb3f48f113a8a70e8c5fe5797636f06c228cc35fc44,4817
cga-experiments-v1,archive/data/raw/pool_small/17_pure_p_p4_d1_k3/summary.json,5d20fda82104999dbefadea92b4e7c2bdfdd8f5e7ba2f3cdd14e168296dfc8e5,4622
cga-experiments-v1,archive/data/raw/reviewed_case17/17_pure_p_p4_d1_k3/config.json,d678a0791d2cad2b06981e3cd25126552c1bc92e6c7c0efc4e9bc3a426fab2fe,1791
cga-experiments-v1,archive/data/raw/reviewed_case17/17_pure_p_p4_d1_k3/history.csv,f6994e23a0ff86cd66c37daba0e507dbef857680e42db61efae5fecf1f9526df,547394
cga-experiments-v1,archive/data/raw/reviewed_case17/17_pure_p_p4_d1_k3/model.npz,2a63bd9680c919523b95c66fe31dfabeebed702a44c5950b6cb4828bd832e9e5,6695
cga-experiments-v1,archive/data/raw/reviewed_case17/17_pure_p_p4_d1_k3/summary.json,fcb3e5680a84efd47f090018e063a0236723c4e70a63f494d7147235d03b1331,4823
