schema_version,case_id,step,active_rank,computed_active_dual_kkt,strict_resolve_active_dual_kkt,radial_stationarity,optimization_energy_gap,optimization_hessian_error,strict_solver_success,strict_solver_iterations,strict_solver_function_evaluations,strict_solver_message,evaluator,source_history_sha256,config_sha256
window-certificate-v1,pure,8,8,3.3090851370819376e-07,1.962713999269367e-08,5.695462191423547e-07,0.0,3.4148699641632255e-07,True,1,3,CONVERGENCE: RELATIVE REDUCTION OF F <= FACTR*EPSMCH,SG16-589,3da8885406067e143bc145fdad5d1cf191fbf7fe7f8161fb14e7abbe3f235f94,722987bad6031a42f983ab7757406af49aadb4740adabfeb7e772eac213e8eee
window-certificate-v1,pure,9,9,2.1385626536513266e-14,6.690888111348137e-14,2.599618613453588e-13,0.0,9.433441985163542e-15,True,0,1,CONVERGENCE: NORM OF PROJECTED GRADIENT <= PGTOL,SG16-589,3da8885406067e143bc145fdad5d1cf191fbf7fe7f8161fb14e7abbe3f235f94,722987bad6031a42f983ab7757406af49aadb4740adabfeb7e772eac213e8eee
window-certificate-v1,pure,10,10,6.410364350798059e-08,3.39517111598759e-09,2.1392505859700812e-07,5.684341886080802e-14,6.05600561044237e-08,True,1,3,CONVERGENCE: RELATIVE REDUCTION OF F <= FACTR*EPSMCH,SG16-589,3da8885406067e143bc145fdad5d1cf191fbf7fe7f8161fb14e7abbe3f235f94,722987bad6031a42f983ab7757406af49aadb4740adabfeb7e772eac213e8eee
window-certificate-v1,pure,11,11,9.885044722531846e-08,4.663062570509836e-09,7.346914687885839e-07,0.0,1.0436739958999302e-07,True,1,3,CONVERGENCE: RELATIVE REDUCTION OF F <= FACTR*EPSMCH,SG16-589,3da8885406067e143bc145fdad5d1cf191fbf7fe7f8161fb14e7abbe3f235f94,722987bad6031a42f983ab7757406af49aadb4740adabfeb7e772eac213e8eee
window-certificate-v1,pure,12,12,4.067181847364898e-13,5.725130302598058e-13,3.0317963513338004e-13,-5.684341886080802e-14,1.5533846793640335e-14,True,0,1,CONVERGENCE: NORM OF PROJECTED GRADIENT <= PGTOL,SG16-589,3da8885406067e143bc145fdad5d1cf191fbf7fe7f8161fb14e7abbe3f235f94,722987bad6031a42f983ab7757406af49aadb4740adabfeb7e772eac213e8eee
window-certificate-v1,pure,13,13,7.904982399967338e-14,6.772448085528802e-14,2.0917598695030923e-13,5.684341886080802e-14,1.6027168517160662e-15,True,0,1,CONVERGENCE: NORM OF PROJECTED GRADIENT <= PGTOL,SG16-589,3da8885406067e143bc145fdad5d1cf191fbf7fe7f8161fb14e7abbe3f235f94,722987bad6031a42f983ab7757406af49aadb4740adabfeb7e772eac213e8eee
window-certificate-v1,pure,14,14,3.0916957089733986e-13,1.2679613420836894e-13,3.4563513899985813e-13,-5.684341886080802e-14,1.7474024769215478e-14,True,0,1,CONVERGENCE: NORM OF PROJECTED GRADIENT <= PGTOL,SG16-589,3da8885406067e143bc145fdad5d1cf191fbf7fe7f8161fb14e7abbe3f235f94,722987bad6031a42f983ab7757406af49aadb4740adabfeb7e772eac213e8eee
window-certificate-v1,pure,15,15,2.4106405010211374e-13,1.91278078247957e-13,1.1958636725385516e-13,5.684341886080802e-14,3.980455758737681e-15,True,0,1,CONVERGENCE: NORM OF PROJECTED GRADIENT <= PGTOL,SG16-589,3da8885406067e143bc145fdad5d1cf191fbf7fe7f8161fb14e7abbe3f235f94,722987bad6031a42f983ab7757406af49aadb4740adabfeb7e772eac213e8eee
window-certificate-v1,pure,16,16,1.493858837089315e-13,3.2162239077323054e-13,7.718950364574454e-14,5.684341886080802e-14,1.5979442090582482e-14,True,0,1,CONVERGENCE: NORM OF PROJECTED GRADIENT <= PGTOL,SG16-589,3da8885406067e143bc145fdad5d1cf191fbf7fe7f8161fb14e7abbe3f235f94,722987bad6031a42f983ab7757406af49aadb4740adabfeb7e772eac213e8eee
window-certificate-v1,pure,17,17,1.7489104038569966e-13,1.9421948444480668e-13,4.3616164151584703e-13,5.684341886080802e-14,1.1717247267249826e-14,True,0,1,CONVERGENCE: NORM OF PROJECTED GRADIENT <= PGTOL,SG16-589,3da8885406067e143bc145fdad5d1cf191fbf7fe7f8161fb14e7abbe3f235f94,722987bad6031a42f983ab7757406af49aadb4740adabfeb7e772eac213e8eee
window-certificate-v1,pure,18,18,4.60248441630292e-13,2.735034001050441e-13,3.7130456059840013e-13,-5.684341886080802e-14,1.3937877395980032e-14,True,0,1,CONVERGENCE: NORM OF PROJECTED GRADIENT <= PGTOL,SG16-589,3da8885406067e143bc145fdad5d1cf191fbf7fe7f8161fb14e7abbe3f235f94,722987bad6031a42f983ab7757406af49aadb4740adabfeb7e772eac213e8eee
window-certificate-v1,pure,19,19,2.4187860921190383e-13,2.1436169693261754e-13,2.8484546594266083e-13,0.0,1.025023061245429e-14,True,0,1,CONVERGENCE: NORM OF PROJECTED GRADIENT <= PGTOL,SG16-589,3da8885406067e143bc145fdad5d1cf191fbf7fe7f8161fb14e7abbe3f235f94,722987bad6031a42f983ab7757406af49aadb4740adabfeb7e772eac213e8eee
window-certificate-v1,pure,20,20,1.6252129705133998e-12,1.2591925009677606e-12,3.522609529237479e-14,0.0,2.4804737146384937e-14,True,0,1,CONVERGENCE: NORM OF PROJECTED GRADIENT <= PGTOL,SG16-589,3da8885406067e143bc145fdad5d1cf191fbf7fe7f8161fb14e7abbe3f235f94,722987bad6031a42f983ab7757406af49aadb4740adabfeb7e772eac213e8eee
window-certificate-v1,pure,21,21,4.0490702350815986e-13,8.087773893190844e-13,4.225069822036574e-13,1.1368683772161603e-13,1.539583402834022e-12,True,1,3,CONVERGENCE: NORM OF PROJECTED GRADIENT <= PGTOL,SG16-589,3da8885406067e143bc145fdad5d1cf191fbf7fe7f8161fb14e7abbe3f235f94,722987bad6031a42f983ab7757406af49aadb4740adabfeb7e772eac213e8eee
window-certificate-v1,pure,22,22,1.4514393534018392e-12,3.8382849099923085e-13,2.7616990380607602e-14,5.684341886080802e-14,1.1961665709080053e-12,True,1,3,CONVERGENCE: NORM OF PROJECTED GRADIENT <= PGTOL,SG16-589,3da8885406067e143bc145fdad5d1cf191fbf7fe7f8161fb14e7abbe3f235f94,722987bad6031a42f983ab7757406af49aadb4740adabfeb7e772eac213e8eee
window-certificate-v1,pure,23,23,6.891803813604339e-13,7.708650652255609e-13,1.9343483657659702e-13,0.0,1.9632733400457474e-14,True,0,1,CONVERGENCE: NORM OF PROJECTED GRADIENT <= PGTOL,SG16-589,3da8885406067e143bc145fdad5d1cf191fbf7fe7f8161fb14e7abbe3f235f94,722987bad6031a42f983ab7757406af49aadb4740adabfeb7e772eac213e8eee
window-certificate-v1,pure,24,24,8.62258657646366e-13,9.640639289856432e-13,1.7256018196727174e-13,0.0,1.1694773274070947e-14,True,0,1,CONVERGENCE: NORM OF PROJECTED GRADIENT <= PGTOL,SG16-589,3da8885406067e143bc145fdad5d1cf191fbf7fe7f8161fb14e7abbe3f235f94,722987bad6031a42f983ab7757406af49aadb4740adabfeb7e772eac213e8eee
window-certificate-v1,pure,25,25,7.795726514944458e-13,9.153461349195967e-13,1.605455190229177e-14,0.0,2.240122726637649e-14,True,0,1,CONVERGENCE: NORM OF PROJECTED GRADIENT <= PGTOL,SG16-589,3da8885406067e143bc145fdad5d1cf191fbf7fe7f8161fb14e7abbe3f235f94,722987bad6031a42f983ab7757406af49aadb4740adabfeb7e772eac213e8eee
window-certificate-v1,pure,26,26,2.514930699464549e-13,5.819528182519291e-13,3.365459141144644e-13,0.0,5.240083517918909e-15,True,0,1,CONVERGENCE: NORM OF PROJECTED GRADIENT <= PGTOL,SG16-589,3da8885406067e143bc145fdad5d1cf191fbf7fe7f8161fb14e7abbe3f235f94,722987bad6031a42f983ab7757406af49aadb4740adabfeb7e772eac213e8eee
window-certificate-v1,pure,27,27,1.735072227067882e-12,1.1617827869491572e-12,6.223094515260566e-14,5.684341886080802e-14,7.701548648075267e-13,True,1,5,CONVERGENCE: NORM OF PROJECTED GRADIENT <= PGTOL,SG16-589,3da8885406067e143bc145fdad5d1cf191fbf7fe7f8161fb14e7abbe3f235f94,722987bad6031a42f983ab7757406af49aadb4740adabfeb7e772eac213e8eee
window-certificate-v1,pure,28,28,6.812174354617636e-13,4.289455856863735e-13,1.5283906894963447e-13,-5.684341886080802e-14,2.252352823352577e-14,True,0,1,CONVERGENCE: NORM OF PROJECTED GRADIENT <= PGTOL,SG16-589,3da8885406067e143bc145fdad5d1cf191fbf7fe7f8161fb14e7abbe3f235f94,722987bad6031a42f983ab7757406af49aadb4740adabfeb7e772eac213e8eee
window-certificate-v1,pure,29,29,1.1764430739755157e-12,1.248746998854294e-12,4.250102208710191e-14,0.0,1.4817868880444263e-14,True,0,1,CONVERGENCE: NORM OF PROJECTED GRADIENT <= PGTOL,SG16-589,3da8885406067e143bc145fdad5d1cf191fbf7fe7f8161fb14e7abbe3f235f94,722987bad6031a42f983ab7757406af49aadb4740adabfeb7e772eac213e8eee
window-certificate-v1,pure,30,30,2.0272297592272606e-12,7.794255996384788e-13,1.0779067333432742e-13,0.0,1.4013930549060503e-12,True,1,3,CONVERGENCE: NORM OF PROJECTED GRADIENT <= PGTOL,SG16-589,3da8885406067e143bc145fdad5d1cf191fbf7fe7f8161fb14e7abbe3f235f94,722987bad6031a42f983ab7757406af49aadb4740adabfeb7e772eac213e8eee
window-certificate-v1,pure,31,31,1.0759522486755095e-12,8.94592550023199e-13,1.0168288020143263e-12,5.684341886080802e-14,7.304199707667515e-13,True,1,5,CONVERGENCE: NORM OF PROJECTED GRADIENT <= PGTOL,SG16-589,3da8885406067e143bc145fdad5d1cf191fbf7fe7f8161fb14e7abbe3f235f94,722987bad6031a42f983ab7757406af49aadb4740adabfeb7e772eac213e8eee
window-certificate-v1,pure,32,32,2.8403610907474825e-12,1.406415105450981e-12,1.0808002129956532e-13,0.0,5.977651135458291e-13,True,1,7,CONVERGENCE: RELATIVE REDUCTION OF F <= FACTR*EPSMCH,SG16-589,3da8885406067e143bc145fdad5d1cf191fbf7fe7f8161fb14e7abbe3f235f94,722987bad6031a42f983ab7757406af49aadb4740adabfeb7e772eac213e8eee
window-certificate-v1,regularized-0.1,8,8,3.29646320109198e-07,7.221013221377274e-10,6.335305558056401e-07,0.0,3.5867849203710604e-07,True,2,4,CONVERGENCE: RELATIVE REDUCTION OF F <= FACTR*EPSMCH,SG16-589,327ec1f128a50a5d77ead82df41f105b5ecc6f7e24779e867fd8f93e72f56f42,a833aa8251d4985c781cb0cd787c7c1ebca8706c7acf628746c9085baf64f232
window-certificate-v1,regularized-0.1,9,9,5.6802091657513243e-08,1.2173138708482908e-09,8.616955464086598e-08,0.0,5.8262057029613805e-08,True,1,3,CONVERGENCE: RELATIVE REDUCTION OF F <= FACTR*EPSMCH,SG16-589,327ec1f128a50a5d77ead82df41f105b5ecc6f7e24779e867fd8f93e72f56f42,a833aa8251d4985c781cb0cd787c7c1ebca8706c7acf628746c9085baf64f232
window-certificate-v1,regularized-0.1,10,10,3.560741156205063e-14,2.9653603123695195e-14,1.1576505257089498e-12,5.684341886080802e-14,9.439474938013404e-15,True,0,1,CONVERGENCE: NORM OF PROJECTED GRADIENT <= PGTOL,SG16-589,327ec1f128a50a5d77ead82df41f105b5ecc6f7e24779e867fd8f93e72f56f42,a833aa8251d4985c781cb0cd787c7c1ebca8706c7acf628746c9085baf64f232
window-certificate-v1,regularized-0.1,11,11,9.869228833084887e-14,7.858968080038466e-14,6.011352321924821e-13,0.0,2.896221512975157e-14,True,0,1,CONVERGENCE: NORM OF PROJECTED GRADIENT <= PGTOL,SG16-589,327ec1f128a50a5d77ead82df41f105b5ecc6f7e24779e867fd8f93e72f56f42,a833aa8251d4985c781cb0cd787c7c1ebca8706c7acf628746c9085baf64f232
window-certificate-v1,regularized-0.1,12,12,1.2026659071654598e-07,3.15416210451987e-11,3.5300250263393017e-07,0.0,1.2130423834415846e-07,True,2,4,CONVERGENCE: RELATIVE REDUCTION OF F <= FACTR*EPSMCH,SG16-589,327ec1f128a50a5d77ead82df41f105b5ecc6f7e24779e867fd8f93e72f56f42,a833aa8251d4985c781cb0cd787c7c1ebca8706c7acf628746c9085baf64f232
window-certificate-v1,regularized-0.1,13,13,1.558494617128891e-13,2.0391989367310047e-13,6.931927897030115e-13,0.0,1.2431744254487125e-14,True,0,1,CONVERGENCE: NORM OF PROJECTED GRADIENT <= PGTOL,SG16-589,327ec1f128a50a5d77ead82df41f105b5ecc6f7e24779e867fd8f93e72f56f42,a833aa8251d4985c781cb0cd787c7c1ebca8706c7acf628746c9085baf64f232
window-certificate-v1,regularized-0.1,14,14,3.051668102817361e-13,2.5946353508809593e-13,4.81938073450748e-13,-5.684341886080802e-14,2.0564785160238406e-14,True,0,1,CONVERGENCE: NORM OF PROJECTED GRADIENT <= PGTOL,SG16-589,327ec1f128a50a5d77ead82df41f105b5ecc6f7e24779e867fd8f93e72f56f42,a833aa8251d4985c781cb0cd787c7c1ebca8706c7acf628746c9085baf64f232
window-certificate-v1,regularized-0.1,15,15,2.2156353755040045e-13,2.323447549229672e-13,1.3423140965585208e-13,0.0,2.4575506637619327e-14,True,0,1,CONVERGENCE: NORM OF PROJECTED GRADIENT <= PGTOL,SG16-589,327ec1f128a50a5d77ead82df41f105b5ecc6f7e24779e867fd8f93e72f56f42,a833aa8251d4985c781cb0cd787c7c1ebca8706c7acf628746c9085baf64f232
window-certificate-v1,regularized-0.1,16,16,9.355573755545453e-14,2.323489431178729e-13,1.989834956395106e-13,0.0,2.6117162078965633e-14,True,0,1,CONVERGENCE: NORM OF PROJECTED GRADIENT <= PGTOL,SG16-589,327ec1f128a50a5d77ead82df41f105b5ecc6f7e24779e867fd8f93e72f56f42,a833aa8251d4985c781cb0cd787c7c1ebca8706c7acf628746c9085baf64f232
window-certificate-v1,regularized-0.1,17,17,6.351641513887331e-08,6.351649471715429e-08,4.774807584363047e-07,0.0,5.570037910581669e-15,True,1,17,CONVERGENCE: RELATIVE REDUCTION OF F <= FACTR*EPSMCH,SG16-589,327ec1f128a50a5d77ead82df41f105b5ecc6f7e24779e867fd8f93e72f56f42,a833aa8251d4985c781cb0cd787c7c1ebca8706c7acf628746c9085baf64f232
window-certificate-v1,regularized-0.1,18,18,3.9362064665708644e-13,2.4090335359037914e-13,4.809654665423013e-13,-1.1368683772161603e-13,2.2757763481580165e-14,True,0,1,CONVERGENCE: NORM OF PROJECTED GRADIENT <= PGTOL,SG16-589,327ec1f128a50a5d77ead82df41f105b5ecc6f7e24779e867fd8f93e72f56f42,a833aa8251d4985c781cb0cd787c7c1ebca8706c7acf628746c9085baf64f232
window-certificate-v1,regularized-0.1,19,19,2.877223979055456e-13,8.458315330442238e-13,1.4541029213866876e-12,0.0,1.9597053648872612e-14,True,0,1,CONVERGENCE: NORM OF PROJECTED GRADIENT <= PGTOL,SG16-589,327ec1f128a50a5d77ead82df41f105b5ecc6f7e24779e867fd8f93e72f56f42,a833aa8251d4985c781cb0cd787c7c1ebca8706c7acf628746c9085baf64f232
window-certificate-v1,regularized-0.1,20,20,1.3442032777528043e-12,4.2282657036146574e-13,6.871651060416459e-13,0.0,1.0993507208796939e-14,True,0,1,CONVERGENCE: NORM OF PROJECTED GRADIENT <= PGTOL,SG16-589,327ec1f128a50a5d77ead82df41f105b5ecc6f7e24779e867fd8f93e72f56f42,a833aa8251d4985c781cb0cd787c7c1ebca8706c7acf628746c9085baf64f232
window-certificate-v1,regularized-0.1,21,21,6.587976244824291e-13,9.296407002856034e-13,5.498289327119252e-13,5.684341886080802e-14,9.916903704647155e-15,True,0,1,CONVERGENCE: NORM OF PROJECTED GRADIENT <= PGTOL,SG16-589,327ec1f128a50a5d77ead82df41f105b5ecc6f7e24779e867fd8f93e72f56f42,a833aa8251d4985c781cb0cd787c7c1ebca8706c7acf628746c9085baf64f232
window-certificate-v1,regularized-0.1,22,22,3.3749991559817305e-13,9.559526850962104e-13,5.021436696644856e-13,0.0,1.3660240780433596e-12,True,1,3,CONVERGENCE: NORM OF PROJECTED GRADIENT <= PGTOL,SG16-589,327ec1f128a50a5d77ead82df41f105b5ecc6f7e24779e867fd8f93e72f56f42,a833aa8251d4985c781cb0cd787c7c1ebca8706c7acf628746c9085baf64f232
window-certificate-v1,regularized-0.1,23,23,7.087384272277921e-13,4.4962263110915585e-13,3.7207129344047177e-13,0.0,1.4182043497202173e-14,True,0,1,CONVERGENCE: NORM OF PROJECTED GRADIENT <= PGTOL,SG16-589,327ec1f128a50a5d77ead82df41f105b5ecc6f7e24779e867fd8f93e72f56f42,a833aa8251d4985c781cb0cd787c7c1ebca8706c7acf628746c9085baf64f232
window-certificate-v1,regularized-0.1,24,24,9.118606301962627e-13,7.643178275047552e-13,5.555936404348901e-13,0.0,1.016455369683757e-14,True,0,1,CONVERGENCE: NORM OF PROJECTED GRADIENT <= PGTOL,SG16-589,327ec1f128a50a5d77ead82df41f105b5ecc6f7e24779e867fd8f93e72f56f42,a833aa8251d4985c781cb0cd787c7c1ebca8706c7acf628746c9085baf64f232
window-certificate-v1,regularized-0.1,25,25,3.765285982887432e-13,6.162586586677071e-13,3.5529992067023614e-13,0.0,2.2313562160481875e-14,True,0,1,CONVERGENCE: NORM OF PROJECTED GRADIENT <= PGTOL,SG16-589,327ec1f128a50a5d77ead82df41f105b5ecc6f7e24779e867fd8f93e72f56f42,a833aa8251d4985c781cb0cd787c7c1ebca8706c7acf628746c9085baf64f232
window-certificate-v1,regularized-0.1,26,26,9.314982840040365e-13,5.973376509243625e-13,4.339198445969817e-13,-5.684341886080802e-14,3.67824149678123e-14,True,0,1,CONVERGENCE: NORM OF PROJECTED GRADIENT <= PGTOL,SG16-589,327ec1f128a50a5d77ead82df41f105b5ecc6f7e24779e867fd8f93e72f56f42,a833aa8251d4985c781cb0cd787c7c1ebca8706c7acf628746c9085baf64f232
window-certificate-v1,regularized-0.1,27,27,1.7268955514745899e-12,7.782024640999694e-13,2.7039934983698117e-13,1.1368683772161603e-13,1.8358846095007807e-12,True,1,3,CONVERGENCE: NORM OF PROJECTED GRADIENT <= PGTOL,SG16-589,327ec1f128a50a5d77ead82df41f105b5ecc6f7e24779e867fd8f93e72f56f42,a833aa8251d4985c781cb0cd787c7c1ebca8706c7acf628746c9085baf64f232
window-certificate-v1,regularized-0.1,28,28,2.0501557691281035e-12,1.729652652959769e-12,8.43337536395984e-13,0.0,1.4452768152033937e-12,True,1,5,CONVERGENCE: RELATIVE REDUCTION OF F <= FACTR*EPSMCH,SG16-589,327ec1f128a50a5d77ead82df41f105b5ecc6f7e24779e867fd8f93e72f56f42,a833aa8251d4985c781cb0cd787c7c1ebca8706c7acf628746c9085baf64f232
window-certificate-v1,regularized-0.1,29,29,2.172304637272095e-12,3.3348354740197625e-12,1.6561914465614414e-12,0.0,3.7620291588763106e-12,True,1,3,CONVERGENCE: RELATIVE REDUCTION OF F <= FACTR*EPSMCH,SG16-589,327ec1f128a50a5d77ead82df41f105b5ecc6f7e24779e867fd8f93e72f56f42,a833aa8251d4985c781cb0cd787c7c1ebca8706c7acf628746c9085baf64f232
window-certificate-v1,regularized-0.1,30,30,2.759335470895893e-12,2.1542571744589295e-12,1.189069424133337e-12,0.0,5.763922567791553e-13,True,1,7,CONVERGENCE: RELATIVE REDUCTION OF F <= FACTR*EPSMCH,SG16-589,327ec1f128a50a5d77ead82df41f105b5ecc6f7e24779e867fd8f93e72f56f42,a833aa8251d4985c781cb0cd787c7c1ebca8706c7acf628746c9085baf64f232
window-certificate-v1,regularized-0.1,31,31,1.9996252181491558e-12,1.9249768535063446e-12,8.266925173273364e-13,1.1368683772161603e-13,1.2048518245548257e-14,True,1,40,CONVERGENCE: RELATIVE REDUCTION OF F <= FACTR*EPSMCH,SG16-589,327ec1f128a50a5d77ead82df41f105b5ecc6f7e24779e867fd8f93e72f56f42,a833aa8251d4985c781cb0cd787c7c1ebca8706c7acf628746c9085baf64f232
window-certificate-v1,regularized-0.1,32,32,2.2600227438560803e-12,6.97371344950505e-13,9.871594025069012e-13,5.684341886080802e-14,3.3129147971387485e-12,True,1,3,CONVERGENCE: NORM OF PROJECTED GRADIENT <= PGTOL,SG16-589,327ec1f128a50a5d77ead82df41f105b5ecc6f7e24779e867fd8f93e72f56f42,a833aa8251d4985c781cb0cd787c7c1ebca8706c7acf628746c9085baf64f232
