schema_version,case_id,step_before_selection,selected_step,selected_pool_index,training_pool_weakness,high_accuracy_nonlinear_selection_ratio,finite_audit_pool_coverage,actual_reference_proxy,best_audited_frozen_score,selected_frozen_score,continuous_selection_ratio,continuous_missing_reason,evaluator,source_history_sha256,config_sha256
window-certificate-v1,pure,8,9,74,1.0,1.0,1.0,0.9980506660755135,0.08785179512458301,0.06728891895088279,NA,no certified continuous-dictionary covering bound,SG16-589,3da8885406067e143bc145fdad5d1cf191fbf7fe7f8161fb14e7abbe3f235f94,722987bad6031a42f983ab7757406af49aadb4740adabfeb7e772eac213e8eee
window-certificate-v1,pure,9,10,41,1.0,1.0,1.0,0.9997837297157012,0.004545867524999151,0.0010982262854861465,NA,no certified continuous-dictionary covering bound,SG16-589,3da8885406067e143bc145fdad5d1cf191fbf7fe7f8161fb14e7abbe3f235f94,722987bad6031a42f983ab7757406af49aadb4740adabfeb7e772eac213e8eee
window-certificate-v1,pure,10,11,452,1.0,1.0,1.0,0.9991086306577683,0.009473808956749184,0.003990678206539954,NA,no certified continuous-dictionary covering bound,SG16-589,3da8885406067e143bc145fdad5d1cf191fbf7fe7f8161fb14e7abbe3f235f94,722987bad6031a42f983ab7757406af49aadb4740adabfeb7e772eac213e8eee
window-certificate-v1,pure,11,12,169,1.0,1.0,1.0,0.9997865387235728,0.004749310695661531,0.0030196700481760876,NA,no certified continuous-dictionary covering bound,SG16-589,3da8885406067e143bc145fdad5d1cf191fbf7fe7f8161fb14e7abbe3f235f94,722987bad6031a42f983ab7757406af49aadb4740adabfeb7e772eac213e8eee
window-certificate-v1,pure,12,13,143,1.0,1.0,1.0,0.9990800443072487,0.0038975923191268175,0.0009831263202766368,NA,no certified continuous-dictionary covering bound,SG16-589,3da8885406067e143bc145fdad5d1cf191fbf7fe7f8161fb14e7abbe3f235f94,722987bad6031a42f983ab7757406af49aadb4740adabfeb7e772eac213e8eee
window-certificate-v1,pure,13,14,314,1.0,1.0,1.0,0.9995567533296068,0.006414970942986741,0.005248080949326033,NA,no certified continuous-dictionary covering bound,SG16-589,3da8885406067e143bc145fdad5d1cf191fbf7fe7f8161fb14e7abbe3f235f94,722987bad6031a42f983ab7757406af49aadb4740adabfeb7e772eac213e8eee
window-certificate-v1,pure,14,15,128,1.0,1.0,1.0,0.9984471598367789,0.002559071888734721,0.0005975318531091453,NA,no certified continuous-dictionary covering bound,SG16-589,3da8885406067e143bc145fdad5d1cf191fbf7fe7f8161fb14e7abbe3f235f94,722987bad6031a42f983ab7757406af49aadb4740adabfeb7e772eac213e8eee
window-certificate-v1,pure,15,16,62,1.0,1.0,1.0,1.0000042236195723,0.004159599011675548,0.003365507166482649,NA,no certified continuous-dictionary covering bound,SG16-589,3da8885406067e143bc145fdad5d1cf191fbf7fe7f8161fb14e7abbe3f235f94,722987bad6031a42f983ab7757406af49aadb4740adabfeb7e772eac213e8eee
window-certificate-v1,pure,16,17,68,1.0,1.0,1.0,1.0001584917252173,0.0006708012004721421,0.00028937626803212665,NA,no certified continuous-dictionary covering bound,SG16-589,3da8885406067e143bc145fdad5d1cf191fbf7fe7f8161fb14e7abbe3f235f94,722987bad6031a42f983ab7757406af49aadb4740adabfeb7e772eac213e8eee
window-certificate-v1,pure,17,18,76,1.0,1.0,1.0,0.9997730438250055,0.0006679336945740469,0.00013168217487641456,NA,no certified continuous-dictionary covering bound,SG16-589,3da8885406067e143bc145fdad5d1cf191fbf7fe7f8161fb14e7abbe3f235f94,722987bad6031a42f983ab7757406af49aadb4740adabfeb7e772eac213e8eee
window-certificate-v1,pure,18,19,337,1.0,1.0,1.0,0.9876439604147706,0.0007680426551205185,0.00030941989021122506,NA,no certified continuous-dictionary covering bound,SG16-589,3da8885406067e143bc145fdad5d1cf191fbf7fe7f8161fb14e7abbe3f235f94,722987bad6031a42f983ab7757406af49aadb4740adabfeb7e772eac213e8eee
window-certificate-v1,pure,19,20,307,1.0,1.0,1.0,0.9997571268829945,0.00042730234953052937,4.440442471292643e-05,NA,no certified continuous-dictionary covering bound,SG16-589,3da8885406067e143bc145fdad5d1cf191fbf7fe7f8161fb14e7abbe3f235f94,722987bad6031a42f983ab7757406af49aadb4740adabfeb7e772eac213e8eee
window-certificate-v1,pure,20,21,437,1.0,1.0,1.0,1.000684394401569,0.00034087085512602284,5.9928640343486954e-05,NA,no certified continuous-dictionary covering bound,SG16-589,3da8885406067e143bc145fdad5d1cf191fbf7fe7f8161fb14e7abbe3f235f94,722987bad6031a42f983ab7757406af49aadb4740adabfeb7e772eac213e8eee
window-certificate-v1,pure,21,22,193,1.0,1.0,1.0,1.0002332948005443,0.00045477931453400907,0.0001790420554983544,NA,no certified continuous-dictionary covering bound,SG16-589,3da8885406067e143bc145fdad5d1cf191fbf7fe7f8161fb14e7abbe3f235f94,722987bad6031a42f983ab7757406af49aadb4740adabfeb7e772eac213e8eee
window-certificate-v1,pure,22,23,303,1.0,1.0,1.0,0.995317960410962,0.00024308662961031681,4.205249565280011e-05,NA,no certified continuous-dictionary covering bound,SG16-589,3da8885406067e143bc145fdad5d1cf191fbf7fe7f8161fb14e7abbe3f235f94,722987bad6031a42f983ab7757406af49aadb4740adabfeb7e772eac213e8eee
window-certificate-v1,pure,23,24,162,1.0,1.0,1.0,0.9993534034789274,0.0002431103067130266,1.2672581113384783e-05,NA,no certified continuous-dictionary covering bound,SG16-589,3da8885406067e143bc145fdad5d1cf191fbf7fe7f8161fb14e7abbe3f235f94,722987bad6031a42f983ab7757406af49aadb4740adabfeb7e772eac213e8eee
window-certificate-v1,pure,24,25,71,1.0,1.0,1.0,0.9905829456706517,0.00024386178177966715,1.3955829521315012e-05,NA,no certified continuous-dictionary covering bound,SG16-589,3da8885406067e143bc145fdad5d1cf191fbf7fe7f8161fb14e7abbe3f235f94,722987bad6031a42f983ab7757406af49aadb4740adabfeb7e772eac213e8eee
window-certificate-v1,pure,25,26,1,1.0,1.0,1.0,0.9893799996488569,0.00024897973650361296,0.00022028970448467535,NA,no certified continuous-dictionary covering bound,SG16-589,3da8885406067e143bc145fdad5d1cf191fbf7fe7f8161fb14e7abbe3f235f94,722987bad6031a42f983ab7757406af49aadb4740adabfeb7e772eac213e8eee
window-certificate-v1,pure,26,27,22,1.0,1.0,1.0,0.9996255038527914,5.424360453082766e-05,8.568628205332638e-06,NA,no certified continuous-dictionary covering bound,SG16-589,3da8885406067e143bc145fdad5d1cf191fbf7fe7f8161fb14e7abbe3f235f94,722987bad6031a42f983ab7757406af49aadb4740adabfeb7e772eac213e8eee
window-certificate-v1,pure,27,28,410,1.0,1.0,1.0,0.9916000227878597,5.766990914434918e-05,2.0182277109275658e-05,NA,no certified continuous-dictionary covering bound,SG16-589,3da8885406067e143bc145fdad5d1cf191fbf7fe7f8161fb14e7abbe3f235f94,722987bad6031a42f983ab7757406af49aadb4740adabfeb7e772eac213e8eee
window-certificate-v1,pure,28,29,281,1.0,1.0,1.0,1.0038884413768208,3.984574023418675e-05,1.6455715961134452e-05,NA,no certified continuous-dictionary covering bound,SG16-589,3da8885406067e143bc145fdad5d1cf191fbf7fe7f8161fb14e7abbe3f235f94,722987bad6031a42f983ab7757406af49aadb4740adabfeb7e772eac213e8eee
window-certificate-v1,pure,29,30,127,1.0,1.0,1.0,1.0030468529020735,3.9847145259401004e-05,3.910189778657414e-05,NA,no certified continuous-dictionary covering bound,SG16-589,3da8885406067e143bc145fdad5d1cf191fbf7fe7f8161fb14e7abbe3f235f94,722987bad6031a42f983ab7757406af49aadb4740adabfeb7e772eac213e8eee
window-certificate-v1,pure,30,31,354,1.0,1.0,0.9970357086660306,0.9978340368424036,4.142987493954506e-05,3.679170740498191e-05,NA,no certified continuous-dictionary covering bound,SG16-589,3da8885406067e143bc145fdad5d1cf191fbf7fe7f8161fb14e7abbe3f235f94,722987bad6031a42f983ab7757406af49aadb4740adabfeb7e772eac213e8eee
window-certificate-v1,pure,31,32,194,1.0,1.0,1.0,0.9946041779123365,3.9846344235447084e-05,2.22695571364915e-06,NA,no certified continuous-dictionary covering bound,SG16-589,3da8885406067e143bc145fdad5d1cf191fbf7fe7f8161fb14e7abbe3f235f94,722987bad6031a42f983ab7757406af49aadb4740adabfeb7e772eac213e8eee
window-certificate-v1,regularized-0.1,8,9,398,1.0,1.0,1.0,0.999912908834989,0.08798029308090256,0.0706538043349811,NA,no certified continuous-dictionary covering bound,SG16-589,327ec1f128a50a5d77ead82df41f105b5ecc6f7e24779e867fd8f93e72f56f42,a833aa8251d4985c781cb0cd787c7c1ebca8706c7acf628746c9085baf64f232
window-certificate-v1,regularized-0.1,9,10,316,1.0,1.0,1.0,0.9971472374250279,0.004557398473800667,0.003664224205461931,NA,no certified continuous-dictionary covering bound,SG16-589,327ec1f128a50a5d77ead82df41f105b5ecc6f7e24779e867fd8f93e72f56f42,a833aa8251d4985c781cb0cd787c7c1ebca8706c7acf628746c9085baf64f232
window-certificate-v1,regularized-0.1,10,11,41,1.0,1.0,1.0,0.999925967420892,0.006326237335644437,0.0011562188340845094,NA,no certified continuous-dictionary covering bound,SG16-589,327ec1f128a50a5d77ead82df41f105b5ecc6f7e24779e867fd8f93e72f56f42,a833aa8251d4985c781cb0cd787c7c1ebca8706c7acf628746c9085baf64f232
window-certificate-v1,regularized-0.1,11,12,452,1.0,1.0,1.0,0.9992510999898965,0.00958661146964033,0.004033520426942533,NA,no certified continuous-dictionary covering bound,SG16-589,327ec1f128a50a5d77ead82df41f105b5ecc6f7e24779e867fd8f93e72f56f42,a833aa8251d4985c781cb0cd787c7c1ebca8706c7acf628746c9085baf64f232
window-certificate-v1,regularized-0.1,12,13,293,1.0,1.0,1.0,0.9991201588298239,0.007556455697378586,0.0018709461564761045,NA,no certified continuous-dictionary covering bound,SG16-589,327ec1f128a50a5d77ead82df41f105b5ecc6f7e24779e867fd8f93e72f56f42,a833aa8251d4985c781cb0cd787c7c1ebca8706c7acf628746c9085baf64f232
window-certificate-v1,regularized-0.1,13,14,208,1.0,1.0,1.0,1.0000274236736801,0.005368516166164668,0.004519777641537521,NA,no certified continuous-dictionary covering bound,SG16-589,327ec1f128a50a5d77ead82df41f105b5ecc6f7e24779e867fd8f93e72f56f42,a833aa8251d4985c781cb0cd787c7c1ebca8706c7acf628746c9085baf64f232
window-certificate-v1,regularized-0.1,14,15,128,1.0,1.0,1.0,0.9985283098786385,0.0025871518570248705,0.0005939782838836721,NA,no certified continuous-dictionary covering bound,SG16-589,327ec1f128a50a5d77ead82df41f105b5ecc6f7e24779e867fd8f93e72f56f42,a833aa8251d4985c781cb0cd787c7c1ebca8706c7acf628746c9085baf64f232
window-certificate-v1,regularized-0.1,15,16,62,1.0,1.0,1.0,1.0000704113007493,0.004176462969015616,0.003371102140203219,NA,no certified continuous-dictionary covering bound,SG16-589,327ec1f128a50a5d77ead82df41f105b5ecc6f7e24779e867fd8f93e72f56f42,a833aa8251d4985c781cb0cd787c7c1ebca8706c7acf628746c9085baf64f232
window-certificate-v1,regularized-0.1,16,17,68,1.0,1.0,1.0,1.0001305733480752,0.0005962406800527632,0.0002925967708992322,NA,no certified continuous-dictionary covering bound,SG16-589,327ec1f128a50a5d77ead82df41f105b5ecc6f7e24779e867fd8f93e72f56f42,a833aa8251d4985c781cb0cd787c7c1ebca8706c7acf628746c9085baf64f232
window-certificate-v1,regularized-0.1,17,18,223,1.0,1.0,1.0,0.9991411267216189,0.0005682933175620064,6.174684587410072e-05,NA,no certified continuous-dictionary covering bound,SG16-589,327ec1f128a50a5d77ead82df41f105b5ecc6f7e24779e867fd8f93e72f56f42,a833aa8251d4985c781cb0cd787c7c1ebca8706c7acf628746c9085baf64f232
window-certificate-v1,regularized-0.1,18,19,307,1.0,1.0,1.0,0.999439608876963,0.0006245638289291682,4.392520195929899e-05,NA,no certified continuous-dictionary covering bound,SG16-589,327ec1f128a50a5d77ead82df41f105b5ecc6f7e24779e867fd8f93e72f56f42,a833aa8251d4985c781cb0cd787c7c1ebca8706c7acf628746c9085baf64f232
window-certificate-v1,regularized-0.1,19,20,435,1.0,1.0,1.0,0.9984416006821836,0.0006270752288247319,0.00025753540548400687,NA,no certified continuous-dictionary covering bound,SG16-589,327ec1f128a50a5d77ead82df41f105b5ecc6f7e24779e867fd8f93e72f56f42,a833aa8251d4985c781cb0cd787c7c1ebca8706c7acf628746c9085baf64f232
window-certificate-v1,regularized-0.1,20,21,437,1.0,1.0,1.0,1.0007141911495672,0.0003473184289264763,5.9831896491153824e-05,NA,no certified continuous-dictionary covering bound,SG16-589,327ec1f128a50a5d77ead82df41f105b5ecc6f7e24779e867fd8f93e72f56f42,a833aa8251d4985c781cb0cd787c7c1ebca8706c7acf628746c9085baf64f232
window-certificate-v1,regularized-0.1,21,22,193,1.0,1.0,1.0,1.0003282321773654,0.0004606720620903674,0.00017775195801138723,NA,no certified continuous-dictionary covering bound,SG16-589,327ec1f128a50a5d77ead82df41f105b5ecc6f7e24779e867fd8f93e72f56f42,a833aa8251d4985c781cb0cd787c7c1ebca8706c7acf628746c9085baf64f232
window-certificate-v1,regularized-0.1,22,23,101,1.0,1.0,1.0,0.9960806759422725,0.00025019362829608693,2.3182353810831076e-05,NA,no certified continuous-dictionary covering bound,SG16-589,327ec1f128a50a5d77ead82df41f105b5ecc6f7e24779e867fd8f93e72f56f42,a833aa8251d4985c781cb0cd787c7c1ebca8706c7acf628746c9085baf64f232
window-certificate-v1,regularized-0.1,23,24,410,1.0,1.0,1.0,0.9923872544808051,0.00025024896428956834,5.5124401668605206e-05,NA,no certified continuous-dictionary covering bound,SG16-589,327ec1f128a50a5d77ead82df41f105b5ecc6f7e24779e867fd8f93e72f56f42,a833aa8251d4985c781cb0cd787c7c1ebca8706c7acf628746c9085baf64f232
window-certificate-v1,regularized-0.1,24,25,71,1.0,1.0,1.0,0.9911681995806968,0.00025025208436660833,1.4272821933078683e-05,NA,no certified continuous-dictionary covering bound,SG16-589,327ec1f128a50a5d77ead82df41f105b5ecc6f7e24779e867fd8f93e72f56f42,a833aa8251d4985c781cb0cd787c7c1ebca8706c7acf628746c9085baf64f232
window-certificate-v1,regularized-0.1,25,26,1,1.0,1.0,1.0,0.9935089580808052,0.0002555170369701195,0.00022539860265270107,NA,no certified continuous-dictionary covering bound,SG16-589,327ec1f128a50a5d77ead82df41f105b5ecc6f7e24779e867fd8f93e72f56f42,a833aa8251d4985c781cb0cd787c7c1ebca8706c7acf628746c9085baf64f232
window-certificate-v1,regularized-0.1,26,27,22,1.0,1.0,1.0,0.9997028192129398,4.648056691697227e-05,8.989087726448176e-06,NA,no certified continuous-dictionary covering bound,SG16-589,327ec1f128a50a5d77ead82df41f105b5ecc6f7e24779e867fd8f93e72f56f42,a833aa8251d4985c781cb0cd787c7c1ebca8706c7acf628746c9085baf64f232
window-certificate-v1,regularized-0.1,27,28,162,1.0,1.0,1.0,0.9910873219760304,4.418711546985814e-05,6.943493194895995e-06,NA,no certified continuous-dictionary covering bound,SG16-589,327ec1f128a50a5d77ead82df41f105b5ecc6f7e24779e867fd8f93e72f56f42,a833aa8251d4985c781cb0cd787c7c1ebca8706c7acf628746c9085baf64f232
window-certificate-v1,regularized-0.1,28,29,26,1.0,1.0,1.0,0.9940459708427011,4.4480424430852186e-05,1.3178236909903468e-05,NA,no certified continuous-dictionary covering bound,SG16-589,327ec1f128a50a5d77ead82df41f105b5ecc6f7e24779e867fd8f93e72f56f42,a833aa8251d4985c781cb0cd787c7c1ebca8706c7acf628746c9085baf64f232
window-certificate-v1,regularized-0.1,29,30,281,1.0,1.0,1.0,1.003873435182181,5.017823645391785e-05,1.642262510538642e-05,NA,no certified continuous-dictionary covering bound,SG16-589,327ec1f128a50a5d77ead82df41f105b5ecc6f7e24779e867fd8f93e72f56f42,a833aa8251d4985c781cb0cd787c7c1ebca8706c7acf628746c9085baf64f232
window-certificate-v1,regularized-0.1,30,31,127,1.0,1.0,1.0,1.0030725508707807,5.017975812663198e-05,3.898931141260788e-05,NA,no certified continuous-dictionary covering bound,SG16-589,327ec1f128a50a5d77ead82df41f105b5ecc6f7e24779e867fd8f93e72f56f42,a833aa8251d4985c781cb0cd787c7c1ebca8706c7acf628746c9085baf64f232
window-certificate-v1,regularized-0.1,31,32,354,1.0,1.0,1.0,0.9979514354633243,5.017876037360193e-05,3.661986513370233e-05,NA,no certified continuous-dictionary covering bound,SG16-589,327ec1f128a50a5d77ead82df41f105b5ecc6f7e24779e867fd8f93e72f56f42,a833aa8251d4985c781cb0cd787c7c1ebca8706c7acf628746c9085baf64f232
