schema_version,case_id,numerical_id,method,variant,seed,dof,mesh_level,accepted_atoms,feature_count,energy_gap,energy_gap_signed,natural_error,v_error,l2_error,numerical_energy,exact_energy,solver_iterations,solver_residual,solver_success,solver_message,wall_time_sec,evaluation_rule,evaluation_hash,evaluation_audit_rel_delta,audit_energy_gap_rel_delta,audit_natural_rel_delta,audit_v_rel_delta,plateau_flag,source,source_path,problem_hash,config_hash,archived_energy_gap,archived_natural_error,archived_v_error,model_path,model_sha256,metric_definition,record_provenance,energy_gap_valid,energy_gap_invalid_reason,natural_error_valid,natural_error_invalid_reason,v_error_valid,v_error_invalid_reason,hessian_backend,evaluator_hash,source_hash,is_raw,is_interpolated
cga-review-replay-v1,C5,08,rfm,rfm_relu3,202,256,,,256,64.24660642282572,64.24660642282572,0.4729533754358863,0.5831410790421337,7.8616803580218795,-301.03748495468335,-365.28409137750907,315,5.342242639159218,False,L-BFGS-B: CONVERGENCE: RELATIVE REDUCTION OF F <= FACTR*EPSMCH; Newton-CG: Warning: Desired error not necessarily achieved due to precision loss.,140.61518270899978,CG192x4-d2,fd25921a2d114ee698b68f3913d50877f3c9d34661accee4b9456b9f9ca7756c,0.028917582885793432,0.028917582885793432,0.0014047168384778048,0.0011091771121427363,False,new_nested_rfm_coefficient_replay,,4788b09e54970c37054ead04b1ea3a8572bc3879b5309ada573515d303f3876f,fbe4904d8be5f2979aa48d19d959400a573aec5543407e5edafbbf398eb19a0a,,,,data/raw/review_replay_20261001/models/C5_rfm_seed202_n256.npz,1bb60706e2da32677ec60b9d4a6f95ef54fbc31cc1f0f447dc25809e22ad0edc,relative_gradient_component_Lp_seminorm,review_replay_20261001,False,coefficient_solve_failed,False,coefficient_solve_failed,False,coefficient_solve_failed,matrix_free,fc38e7c1fd40d30358c96e486ddae675428216469a7e8b6f5ead0c86b97577b7,1bb60706e2da32677ec60b9d4a6f95ef54fbc31cc1f0f447dc25809e22ad0edc,True,False
cga-review-replay-v1,C5,08,rfm,rfm_relu3,202,512,,,512,145.6040693954398,145.6040693954398,0.6244699826734678,0.8970240771920006,7.884030077949675,-219.68002198206926,-365.28409137750907,161,10.261522727582205,False,L-BFGS-B: CONVERGENCE: RELATIVE REDUCTION OF F <= FACTR*EPSMCH; Newton-CG: Warning: Desired error not necessarily achieved due to precision loss.,120.30530412499866,CG128x4-d2,b418bfbdc1a479acc246606170341f14284e7e2b3acfc821d242d7523004d65b,0.005601055743883389,0.005601055743883389,0.00038966038330934646,0.0003158622294040518,False,new_nested_rfm_coefficient_replay,,4788b09e54970c37054ead04b1ea3a8572bc3879b5309ada573515d303f3876f,fbe4904d8be5f2979aa48d19d959400a573aec5543407e5edafbbf398eb19a0a,,,,data/raw/review_replay_20261001/models/C5_rfm_seed202_n512.npz,2b393de179f2fa2284089154e7bd7c9b2ce6d281871b09f83b5ee95c22fc3564,relative_gradient_component_Lp_seminorm,review_replay_20261001,False,coefficient_solve_failed,False,coefficient_solve_failed,False,coefficient_solve_failed,cached_matrix,fc38e7c1fd40d30358c96e486ddae675428216469a7e8b6f5ead0c86b97577b7,2b393de179f2fa2284089154e7bd7c9b2ce6d281871b09f83b5ee95c22fc3564,True,False
cga-review-replay-v1,C5,08,rfm,rfm_relu3,203,128,,,128,44.13495080096885,44.13495080096885,0.3614872853486819,0.49468042076127366,1.3819311160903072,-321.1491405765402,-365.28409137750907,240,5.911522409051206,False,L-BFGS-B: CONVERGENCE: RELATIVE REDUCTION OF F <= FACTR*EPSMCH; Newton-CG: Warning: Desired error not necessarily achieved due to precision loss.,200.1706226669994,CG192x4-d2,fd25921a2d114ee698b68f3913d50877f3c9d34661accee4b9456b9f9ca7756c,0.005973305101826478,0.005973305101826478,0.0006808962643189043,0.0005447213876695705,False,new_nested_rfm_coefficient_replay,,4788b09e54970c37054ead04b1ea3a8572bc3879b5309ada573515d303f3876f,fbe4904d8be5f2979aa48d19d959400a573aec5543407e5edafbbf398eb19a0a,,,,data/raw/review_replay_20261001/models/C5_rfm_seed203_n128.npz,cbae953d18dc0f58a33bed1b1c7fb5012fc87ac6e70cc74808b9d2c2723968bf,relative_gradient_component_Lp_seminorm,review_replay_20261001,False,coefficient_solve_failed,False,coefficient_solve_failed,False,coefficient_solve_failed,matrix_free,fc38e7c1fd40d30358c96e486ddae675428216469a7e8b6f5ead0c86b97577b7,cbae953d18dc0f58a33bed1b1c7fb5012fc87ac6e70cc74808b9d2c2723968bf,True,False
cga-review-replay-v1,C5,08,rfm,rfm_relu3,203,256,,,256,4.047484447503114e+26,4.047484447503114e+26,1366714.8986006675,1823214820347.3499,65.6846219507463,4.047484447503114e+26,-365.28409137750907,315,1.9059959085499467,False,L-BFGS-B: CONVERGENCE: RELATIVE REDUCTION OF F <= FACTR*EPSMCH; Newton-CG: Warning: Desired error not necessarily achieved due to precision loss.,349.6226195419986,CG192x4-d2,fd25921a2d114ee698b68f3913d50877f3c9d34661accee4b9456b9f9ca7756c,0.9687698023895056,0.9687698023895056,0.5796184159041223,0.8232793231947817,False,new_nested_rfm_coefficient_replay,,4788b09e54970c37054ead04b1ea3a8572bc3879b5309ada573515d303f3876f,fbe4904d8be5f2979aa48d19d959400a573aec5543407e5edafbbf398eb19a0a,,,,data/raw/review_replay_20261001/models/C5_rfm_seed203_n256.npz,1ac5042c4dd8320f17884118e8869f3a794ff3193d24fc56b265dd8548bdda54,relative_gradient_component_Lp_seminorm,review_replay_20261001,False,coefficient_solve_failed,False,coefficient_solve_failed,False,coefficient_solve_failed,matrix_free,fc38e7c1fd40d30358c96e486ddae675428216469a7e8b6f5ead0c86b97577b7,1ac5042c4dd8320f17884118e8869f3a794ff3193d24fc56b265dd8548bdda54,True,False
cga-review-replay-v1,C5,08,rfm,rfm_relu3,203,512,,,512,4.046158378155386e+26,4.046158378155386e+26,1366602.9452167635,1822916127742.2607,65.67855130463948,4.046158378155386e+26,-365.28409137750907,423,1.8186126676396341,False,L-BFGS-B: STOP: TOTAL NO. OF ITERATIONS REACHED LIMIT; Newton-CG: Warning: Desired error not necessarily achieved due to precision loss.,281.0061945000016,CG192x4-d2,fd25921a2d114ee698b68f3913d50877f3c9d34661accee4b9456b9f9ca7756c,0.9687698027335149,0.9687698027335149,0.5796184149364474,0.8232793241680955,False,new_nested_rfm_coefficient_replay,,4788b09e54970c37054ead04b1ea3a8572bc3879b5309ada573515d303f3876f,fbe4904d8be5f2979aa48d19d959400a573aec5543407e5edafbbf398eb19a0a,,,,data/raw/review_replay_20261001/models/C5_rfm_seed203_n512.npz,80ae127855c54cdc6f277ae2258533144fedffa3a75d0f5758d4e41e0eeb26a1,relative_gradient_component_Lp_seminorm,review_replay_20261001,False,coefficient_solve_failed,False,coefficient_solve_failed,False,coefficient_solve_failed,cached_matrix,fc38e7c1fd40d30358c96e486ddae675428216469a7e8b6f5ead0c86b97577b7,80ae127855c54cdc6f277ae2258533144fedffa3a75d0f5758d4e41e0eeb26a1,True,False
cga-review-replay-v1,C5,08,rfm,rfm_relu3,204,512,,,512,7.411893425329648e+22,7.411893425329648e+22,138307.84307690908,24672311019.123528,25.741037374992757,7.411893425329648e+22,-365.28409137750907,448,0.1397526112360627,False,L-BFGS-B: STOP: TOTAL NO. OF ITERATIONS REACHED LIMIT; Newton-CG: Warning: Desired error not necessarily achieved due to precision loss.,311.86686554100015,CG192x4-d2,fd25921a2d114ee698b68f3913d50877f3c9d34661accee4b9456b9f9ca7756c,0.383708628449061,0.383708628449061,0.113973886705188,0.21495772626504997,False,new_nested_rfm_coefficient_replay,,4788b09e54970c37054ead04b1ea3a8572bc3879b5309ada573515d303f3876f,fbe4904d8be5f2979aa48d19d959400a573aec5543407e5edafbbf398eb19a0a,,,,data/raw/review_replay_20261001/models/C5_rfm_seed204_n512.npz,11582b8de877e06afe148e266860aecbc1df478109b9a5089eb44b94acdcc508,relative_gradient_component_Lp_seminorm,review_replay_20261001,False,coefficient_solve_failed,False,coefficient_solve_failed,False,coefficient_solve_failed,cached_matrix,fc38e7c1fd40d30358c96e486ddae675428216469a7e8b6f5ead0c86b97577b7,11582b8de877e06afe148e266860aecbc1df478109b9a5089eb44b94acdcc508,True,False
cga-review-replay-v1,C5,08,rfm,rfm_relu3,207,256,,,256,0.3432048652495041,0.3432048652495041,0.03648190553017709,0.04941958134677091,0.8965241813347985,-364.94088651225957,-365.28409137750907,432,0.3495606944702066,False,L-BFGS-B: STOP: TOTAL NO. OF ITERATIONS REACHED LIMIT; Newton-CG: Warning: Desired error not necessarily achieved due to precision loss.,70.62214049999966,CG192x4-d2,fd25921a2d114ee698b68f3913d50877f3c9d34661accee4b9456b9f9ca7756c,0.45498962656228714,0.45498962656228714,0.0020547032302208313,0.0018778599511209328,False,new_nested_rfm_coefficient_replay,,4788b09e54970c37054ead04b1ea3a8572bc3879b5309ada573515d303f3876f,fbe4904d8be5f2979aa48d19d959400a573aec5543407e5edafbbf398eb19a0a,,,,data/raw/review_replay_20261001/models/C5_rfm_seed207_n256.npz,ba96aca544bf3a1d211a7167dcece6361028e63f92924dda6f22c52ced100137,relative_gradient_component_Lp_seminorm,review_replay_20261001,False,coefficient_solve_failed,False,coefficient_solve_failed,False,coefficient_solve_failed,cached_matrix,fc38e7c1fd40d30358c96e486ddae675428216469a7e8b6f5ead0c86b97577b7,ba96aca544bf3a1d211a7167dcece6361028e63f92924dda6f22c52ced100137,True,False
cga-review-replay-v1,C5,08,rfm,rfm_relu3,207,512,,,512,-0.19504296783316022,-0.19504296783316022,0.043619570535624555,0.039725843648619,0.8981832661698991,-365.47913434534223,-365.28409137750907,173,0.2583682204651331,False,L-BFGS-B: CONVERGENCE: RELATIVE REDUCTION OF F <= FACTR*EPSMCH; Newton-CG: Warning: CG iterations didn't converge. The Hessian is not positive definite.,40.06010141700244,CG192x4-d2,fd25921a2d114ee698b68f3913d50877f3c9d34661accee4b9456b9f9ca7756c,0.573845012384174,0.573845012384174,0.041686497614746625,0.0019459187706205685,False,new_nested_rfm_coefficient_replay,,4788b09e54970c37054ead04b1ea3a8572bc3879b5309ada573515d303f3876f,fbe4904d8be5f2979aa48d19d959400a573aec5543407e5edafbbf398eb19a0a,,,,data/raw/review_replay_20261001/models/C5_rfm_seed207_n512.npz,9f553d8797af4987da9402068b46b60fb1fe7b520e8dec9e687e3c71b63ebf41,relative_gradient_component_Lp_seminorm,review_replay_20261001,False,coefficient_solve_failed,False,coefficient_solve_failed,False,coefficient_solve_failed,cached_matrix,fc38e7c1fd40d30358c96e486ddae675428216469a7e8b6f5ead0c86b97577b7,9f553d8797af4987da9402068b46b60fb1fe7b520e8dec9e687e3c71b63ebf41,True,False
cga-review-replay-v1,C5,08,rfm,rfm_relu3,209,512,,,512,0.7672895098717163,0.7672895098717163,0.18269188815558637,0.09772150473603321,0.6250009238438625,-364.51680186763735,-365.28409137750907,200,0.6629189659340495,False,L-BFGS-B: CONVERGENCE: RELATIVE REDUCTION OF F <= FACTR*EPSMCH; Newton-CG: Warning: Desired error not necessarily achieved due to precision loss.,69.60538558299959,CG192x4-d2,fd25921a2d114ee698b68f3913d50877f3c9d34661accee4b9456b9f9ca7756c,0.2992313794367077,0.2992313794367077,0.05752882598258225,0.019166478035709807,False,new_nested_rfm_coefficient_replay,,4788b09e54970c37054ead04b1ea3a8572bc3879b5309ada573515d303f3876f,fbe4904d8be5f2979aa48d19d959400a573aec5543407e5edafbbf398eb19a0a,,,,data/raw/review_replay_20261001/models/C5_rfm_seed209_n512.npz,f51c727587fef31272bb0f6d3612ffea39fc33039739b434145b1e3372a2f73f,relative_gradient_component_Lp_seminorm,review_replay_20261001,False,coefficient_solve_failed,False,coefficient_solve_failed,False,coefficient_solve_failed,cached_matrix,fc38e7c1fd40d30358c96e486ddae675428216469a7e8b6f5ead0c86b97577b7,f51c727587fef31272bb0f6d3612ffea39fc33039739b434145b1e3372a2f73f,True,False
cga-review-replay-v1,C5,08,rfm,rfm_relu3,210,512,,,512,1.8872905399876956e+18,1.8872905399876956e+18,10470.586129082585,124498646.39568499,1.9464988358828508,1.8872905399876954e+18,-365.28409137750907,500,0.0049142398721136885,False,L-BFGS-B: STOP: TOTAL NO. OF ITERATIONS REACHED LIMIT; Newton-CG: Warning: Maximum number of iterations has been exceeded.,94.22313370900156,CG192x4-d2,fd25921a2d114ee698b68f3913d50877f3c9d34661accee4b9456b9f9ca7756c,0.3596866584811889,0.3596866584811889,0.10546335870132285,0.1998041855153129,False,new_nested_rfm_coefficient_replay,,4788b09e54970c37054ead04b1ea3a8572bc3879b5309ada573515d303f3876f,fbe4904d8be5f2979aa48d19d959400a573aec5543407e5edafbbf398eb19a0a,,,,data/raw/review_replay_20261001/models/C5_rfm_seed210_n512.npz,2214de8573aa5d0bb3a4696793331b2b38673a06df39915786722efbe7fa5931,relative_gradient_component_Lp_seminorm,review_replay_20261001,False,coefficient_solve_failed,False,coefficient_solve_failed,False,coefficient_solve_failed,cached_matrix,fc38e7c1fd40d30358c96e486ddae675428216469a7e8b6f5ead0c86b97577b7,2214de8573aa5d0bb3a4696793331b2b38673a06df39915786722efbe7fa5931,True,False
