case_id,dof,seed_count,success_count,failure_count
C1,128,10,10,0
C1,16,10,10,0
C1,256,10,10,0
C1,32,10,10,0
C1,64,10,10,0
C1,8,10,10,0
C2,128,10,10,0
C2,16,10,10,0
C2,256,10,10,0
C2,32,10,10,0
C2,64,10,10,0
C2,8,10,10,0
C3,128,10,10,0
C3,16,10,10,0
C3,256,10,10,0
C3,32,10,10,0
C3,512,10,10,0
C3,64,10,10,0
C3,8,10,10,0
C4,128,10,10,0
C4,16,10,10,0
C4,256,10,10,0
C4,32,10,10,0
C4,64,10,10,0
C4,8,10,10,0
C5,128,10,7,3
C5,16,10,10,0
C5,256,10,4,6
C5,32,10,10,0
C5,512,3,3,0
C5,64,10,10,0
C5,8,10,10,0
