candidate_pool_index,score_q4,rank_q4,score_q6,rank_q6,score_q10,rank_q10,score_q16,rank_q16,score_q20,rank_q20,score_q32,rank_q32
0,0.0010762138934604997,241,0.0010762138933703425,241,0.0010762138933943844,241,0.0010762138934424684,241,0.0010762138934725207,241,0.0010762138931960383,241
1,3.487151832057726e-06,452,3.487151831897973e-06,452,3.487151832059601e-06,452,3.48715183200185e-06,452,3.4871518320101e-06,452,3.4871518321286025e-06,452
2,0.0013631541258329724,207,0.0013631541258249335,207,0.0013631541256159208,207,0.001363154125069272,207,0.001363154124916532,207,0.0013631541256882713,207
3,0.00026865460112308626,352,0.0002686546011524928,352,0.0002686546012701189,352,0.0002686546009907569,352,0.0002686546010789765,352,0.00026865460179943625,352
4,0.002620630724330898,121,0.0026206307243492473,121,0.0026206307243191746,121,0.002620630724328859,121,0.0026206307243594414,121,0.002620630724370655,121
5,0.00014094809946553648,385,0.00014094809937496687,385,0.00014094809928439725,385,0.00014094809947459345,385,0.0001409480993930808,385,0.00014094809935685294,385
6,8.473500855035947e-05,407,8.47350084540666e-05,407,8.473500855505668e-05,407,8.473500855505668e-05,407,8.473500851982758e-05,407,8.473500867483562e-05,407
7,0.05113830409694776,5,0.05113830409694994,5,0.05113830409694794,5,0.05113830409694621,5,0.05113830409695048,5,0.05113830409694376,5
8,0.004027239108864008,66,0.004027239108867205,66,0.004027239108853778,66,0.004027239108888305,66,0.004027239108857614,66,0.004027239108823726,66
9,0.0014245410604150448,201,0.001424541060446165,201,0.001424541060549899,201,0.00142454106072106,201,0.0014245410603528044,201,0.001424541060549899,201
10,1.2729355759604382e-05,442,1.2729355635737025e-05,442,1.2729355679975367e-05,442,1.2729355140267595e-05,442,1.2729354910228217e-05,442,1.2729356113511117e-05,442
11,0.000845207744859861,265,0.0008452077448150698,265,0.0008452077448047334,265,0.0008452077450424713,265,0.0008452077450080166,265,0.0008452077451354993,265
12,3.427993859272121e-05,427,3.4279938463696966e-05,427,3.4279937749762806e-05,427,3.4279938601322825e-05,427,3.427993910881819e-05,427,3.42799380078113e-05,427
13,0.0021556710107540006,139,0.0021556710107492783,139,0.0021556710107615566,139,0.0021556710107568343,139,0.002155671010775724,139,0.0021556710107417222,139
14,5.618268224984237e-06,448,5.618268680972794e-06,448,5.618268392490238e-06,448,5.618268318043126e-06,448,5.6182677876074575e-06,448,5.6182677876074575e-06,448
15,0.00015988439816369467,377,0.00015988439847981477,377,0.00015988439817839792,377,0.00015988439886209952,377,0.00015988439796520065,377,0.00015988439911205496,377
16,0.0004793189374887979,308,0.00047931893773109683,308,0.00047931893769546463,308,0.0004793189376170738,308,0.0004793189375600623,308,0.00047931893768121176,308
17,4.253541965894771e-05,425,4.2535419582529276e-05,425,4.2535419560695436e-05,425,4.253541954432006e-05,425,4.253541962619695e-05,425,4.2535419593446195e-05,425
18,0.0014884363548025913,191,0.0014884363548435052,191,0.0014884363546491645,191,0.0014884363550173888,191,0.0014884363552833287,191,0.0014884363540763712,191
19,6.105684379708626e-07,454,6.105684379726421e-07,454,6.105684379777677e-07,454,6.105684379780919e-07,454,6.105684379672007e-07,454,6.105684379689856e-07,454
20,1.1407877964123567e-05,443,1.1407878223320429e-05,443,1.1407877800925542e-05,443,1.1407878204120662e-05,443,1.1407878962511483e-05,443,1.1407878367318686e-05,443
21,0.0008356853977856521,267,0.000835685397812204,267,0.0008356853977827019,267,0.0008356853977118968,267,0.0008356853978063036,267,0.0008356853979302125,267
22,0.0010783656532249034,239,0.0010783656532136702,239,0.0010783656532451229,239,0.0010783656532046837,239,0.0010783656531979438,239,0.0010783656530901063,239
23,0.002569890036946111,125,0.0025698900369150197,125,0.002569890037008295,125,0.0025698900370432734,125,0.0025698900365108256,125,0.002569890036965544,125
24,0.0011844501496739148,226,0.0011844501496437916,226,0.001184450149679392,226,0.0011844501496958229,226,0.0011844501496300992,226,0.0011844501495972375,226
25,0.001151837444272376,229,0.0011518374441604757,229,0.0011518374441293923,229,0.0011518374439801918,229,0.0011518374442972428,229,0.0011518374438496412,229
26,0.01392619218744821,35,0.013926192187447619,35,0.01392619218744821,35,0.013926192187439934,35,0.01392619218745353,35,0.013926192187444071,35
27,6.109499081594993e-06,446,6.10949875086753e-06,446,6.109498357570007e-06,446,6.109498598911669e-06,446,6.109498375447168e-06,446,6.10949867935889e-06,446
28,0.0010649570129053995,244,0.0010649570126918893,244,0.0010649570124072092,244,0.0010649570127096819,244,0.0010649570126385118,244,0.0010649570126622352,244
29,0.0022033691606632216,136,0.002203369160784736,136,0.0022033691608120765,136,0.0022033691605933513,136,0.002203369161097635,136,0.0022033691607968873,136
30,0.0013254523662631192,211,0.00132545236639233,211,0.0013254523662161336,211,0.0013254523663688371,211,0.0013254523664099499,211,0.0013254523667271037,211
31,0.0018265138414827603,153,0.0018265138415748958,153,0.0018265138415196145,153,0.0018265138417315264,153,0.0018265138420263602,153,0.0018265138429016483,153
32,0.0013798249641514208,204,0.0013798249641880896,204,0.0013798249640833214,204,0.0013798249642980964,204,0.0013798249645023948,204,0.0013798249642038049,204
33,0.002574152896083951,123,0.002574152896116853,123,0.0025741528961018977,123,0.0025741528961228358,123,0.002574152896110871,123,0.0025741528959912266,123
34,0.0003041091164458533,343,0.0003041091164534268,343,0.0003041091164559513,343,0.00030410911643575524,343,0.0003041091165569319,343,0.0003041091166099467,343
35,0.0006918374258883252,274,0.0006918374257366971,274,0.0006918374258094787,274,0.0006918374265494235,274,0.000691837425579004,274,0.0006918374259914323,274
36,0.0001508884459281656,381,0.00015088844577286782,381,0.0001508884458550843,381,0.0001508884461291392,381,0.00015088844597384142,381,0.00015088844611086888,381
37,0.001814993526984846,154,0.0018149935271039794,154,0.0018149935270324992,154,0.0018149935271665244,154,0.0018149935271516327,154,0.001814993527074196,154
38,0.0005812604102493321,294,0.0005812604104867114,294,0.0005812604102236695,294,0.0005812604106342714,294,0.0005812604099734589,294,0.0005812604101081878,294
39,0.0029803266744431955,106,0.002980326674433653,106,0.002980326674452738,106,0.0029803266744140382,106,0.0029803266744161585,106,0.0029803266744622805,106
40,0.0027863035766989533,115,0.0027863035766024875,115,0.0027863035766500775,115,0.002786303576710529,115,0.00278630357667966,115,0.0027863035766655117,115
41,0.003282459299609215,83,0.0032824592998653077,83,0.00328245929942426,83,0.0032824592995807605,83,0.00328245929987005,83,0.0032824592998558226,83
42,0.0031993639327833547,90,0.003199363932772587,90,0.003199363932781698,90,0.003199363932791637,90,0.003199363932775072,90,0.0031993639327460824,90
43,0.0005471450777933272,298,0.0005471450780291061,298,0.0005471450776238611,298,0.0005471450777638548,298,0.0005471450775649164,298,0.0005471450777491186,298
44,0.0006888890078170396,276,0.0006888890079954406,276,0.000688889007727839,276,0.000688889007727839,276,0.0006888890076906721,276,0.0006888890076386385,276
45,0.0003278011765695455,338,0.0003278011766769237,338,0.0003278011769548437,338,0.00032780117677798555,338,0.00032780117649374915,338,0.0003278011764874328,338
46,0.05083934259898069,6,0.050839342598981846,6,0.05083934259898178,6,0.05083934259897866,6,0.050839342598983726,6,0.05083934259897765,6
47,0.0009083694405164751,258,0.0009083694405209897,258,0.0009083694405209897,258,0.00090836944073769,258,0.0009083694406473981,258,0.0009083694405209897,258
48,0.0013653193715176665,206,0.001365319371406803,206,0.0013653193716024444,206,0.0013653193718437355,206,0.001365319371458974,206,0.0013653193713546318,206
49,0.0,455,0.0,455,0.0,455,0.0,455,0.0,455,0.0,455
50,0.002406969498950029,129,0.002406969498946586,129,0.0024069694989588826,129,0.002406969498939946,129,0.002406969498965031,129,0.002406969498942897,129
51,0.00028083499519561715,349,0.0002808349953716863,349,0.00028083499537968947,349,0.0002808349954036989,349,0.000280834995187614,349,0.00028083499542770835,349
52,0.03245946004234605,22,0.03245946004234663,22,0.032459460042346504,22,0.03245946004234781,22,0.03245946004234632,22,0.03245946004234888,22
53,0.001425374111645196,200,0.0014253741115541681,200,0.001425374111699813,200,0.0014253741114874142,200,0.0014253741116269905,200,0.0014253741113478382,200
54,0.0004386889016283575,318,0.000438688901464882,318,0.0004386889014500206,318,0.00043868890154661976,318,0.0004386889013757135,318,0.00043868890130140646,318
55,0.0006464074085821951,285,0.0006464074082738546,285,0.0006464074085381464,285,0.0006464074080724894,285,0.0006464074083556592,285,0.0006464074090352667,285
56,0.0,456,0.0,456,0.0,456,0.0,456,0.0,456,0.0,456
57,0.0017937790224010087,160,0.0017937790220389465,160,0.0017937790220667975,160,0.0017937790223244187,160,0.001793779021892729,160,0.0017937790225193752,160
58,0.0011125389996624404,236,0.0011125389996860073,236,0.0011125389997634415,236,0.0011125389996355067,236,0.001112538999386371,236,0.0011125389994267713,236
59,0.0006182849144315967,288,0.000618284914281164,288,0.0006182849142695923,288,0.0006182849139397975,288,0.0006182849145531,288,0.0006182849134769278,288
60,0.009038174093279493,40,0.00903817409330981,40,0.009038174093313448,40,0.009038174093292833,40,0.00903817409328313,40,0.009038174093281918,40
61,0.00011943065727262839,396,0.00011943065737141417,396,0.00011943065729732483,396,0.00011943065740845885,396,0.00011943065725616409,396,0.00011943065734260164,396
62,0.0011893097625697846,224,0.001189309762568906,224,0.0011893097625693932,224,0.0011893097625702025,224,0.0011893097625702545,224,0.0011893097625696367,224
63,0.0014493802794042759,198,0.0014493802797019954,198,0.0014493802797681552,198,0.0014493802796755313,198,0.0014493802796821473,198,0.0014493802794572038,198
64,0.0012791933475170144,216,0.0012791933474625736,216,0.0012791933476395058,216,0.0012791933473128617,216,0.0012791933473877176,216,0.001279193347646311,216
65,0.00027560295525199904,350,0.0002756029552643649,350,0.00027560295517780394,350,0.0002756029550603283,350,0.0002756029550603283,350,0.0002756029553942064,350
66,0.00042481122229259436,322,0.0004248112223639488,322,0.0004248112221389079,322,0.00042481122227612793,322,0.00042481122144183,322,0.0004248112226713217,322
67,0.0002693177565323257,351,0.00026931775646203525,351,0.0002693177564425102,351,0.0002693177563526946,351,0.0002693177566768115,351,0.0002693177566768115,351
68,7.771126459226257e-05,410,7.771126475754612e-05,410,7.77112646301965e-05,410,7.771126462477737e-05,410,7.77112646627113e-05,410,7.77112644215599e-05,410
69,0.00014759903773054785,384,0.00014759903781626842,384,0.00014759903791056105,384,0.0001475990377991243,384,0.0001475990377991243,384,0.0001475990376619714,384
70,0.00013142099004134842,392,0.0001314209901931064,392,0.00013142099011276395,392,0.00013142099004134842,392,0.00013142099008598313,392,0.00013142098994315212,392
71,0.003346056798118529,81,0.003346056798122094,81,0.0033460567980840685,81,0.0033460567980472316,81,0.0033460567981993335,81,0.0033460567980935748,81
72,0.00036479101286459535,333,0.000364791012875418,333,0.00036479101347066615,333,0.00036479101326503496,333,0.0003647910126697869,333,0.0003647910122206451,333
73,9.08531825848891e-05,405,9.085318257402089e-05,405,9.085318263923011e-05,405,9.085318259793094e-05,405,9.085318264357739e-05,405,9.085318251967988e-05,405
74,0.05240643753700491,1,0.05240643753700333,1,0.05240643753700364,1,0.05240643753700724,1,0.05240643753700196,1,0.05240643753700703,1
75,0.0010733191521008318,242,0.0010733191520474362,242,0.0010733191520820304,242,0.0010733191520489404,242,0.0010733191521203852,242,0.0010733191520278828,242
76,0.003718989739426014,70,0.0037189897394164706,70,0.0037189897393719333,70,0.003718989739480095,70,0.0037189897394546453,70,0.00371898973938943,70
77,0.0006681134014137695,281,0.0006681134010412495,281,0.0006681134010826406,281,0.0006681134012127269,281,0.0006681134018927238,281,0.0006681134009170761,281
78,0.003074893600101171,98,0.0030748936001008956,98,0.0030748936000997013,98,0.003074893600101447,98,0.0030748936001002065,98,0.003074893600104203,98
79,0.00012294824165240306,395,0.0001229482415376268,395,0.00012294824159942938,395,0.00012294824126392955,395,0.00012294824170537672,395,0.00012294824147582418,395
80,0.0004718409485970035,310,0.0004718409484164765,310,0.00047184094853201374,310,0.0004718409487486461,310,0.00047184094866199315,310,0.00047184094892195204,310
81,1.8895093388198102e-05,438,1.8895093098714984e-05,438,1.8895093282931514e-05,438,1.889509351100912e-05,438,1.8895093528553552e-05,438,1.8895093668909002e-05,438
82,0.0028411114124042504,110,0.0028411114122901936,110,0.0028411114121435497,110,0.0028411114123879566,110,0.002841111412184284,110,0.0028411114124205442,110
83,0.0005810881221351623,295,0.0005810881220379857,295,0.0005810881222723528,295,0.0005810881218893626,295,0.0005810881219236603,295,0.0005810881225810315,295
84,0.0006882959258734307,277,0.000688295926161821,277,0.0006882959260881894,277,0.0006882959262415885,277,0.0006882959258304789,277,0.0006882959259409263,277
85,0.004685544945935108,60,0.004685544945935018,60,0.004685544945935132,60,0.004685544945935342,60,0.0046855449459349665,60,0.0046855449459355415,60
86,0.04350543569364041,14,0.043505435693639447,14,0.0435054356936368,14,0.04350543569363756,14,0.04350543569363855,14,0.04350543569364397,14
87,0.001476027374242301,192,0.0014760273743076192,192,0.0014760273745199034,192,0.0014760273746668693,192,0.0014760273735891186,192,0.0014760273737769085,192
88,0.003062758177066929,99,0.0030627581770658768,99,0.003062758177067518,99,0.003062758177068906,99,0.0030627581770671392,99,0.0030627581770674758,99
89,0.0005178268559466693,303,0.000517826856000661,303,0.0005178268560662222,303,0.0005178268560083741,303,0.0005178268559852347,303,0.0005178268557654115,303
90,0.00017192023475658079,373,0.00017192023497577733,373,0.00017192023497577733,373,0.0001719202347650114,373,0.00017192023492519352,373,0.00017192023462169059,373
91,0.0006496215437233896,284,0.0006496215437116738,284,0.0006496215439167008,284,0.0006496215433777726,284,0.0006496215434714993,284,0.0006496215434832152,284
92,0.0009078775514614079,259,0.0009078775515408161,259,0.0009078775514530491,259,0.0009078775516369418,259,0.0009078775512900533,259,0.0009078775516870944,259
93,0.0012765631024888484,217,0.0012765631022324025,217,0.001276563102424737,217,0.0012765631023862701,217,0.001276563102514493,217,0.0012765631024375592,217
94,5.0389000915204884e-05,421,5.038900087657302e-05,421,5.038900073170353e-05,421,5.038900032606897e-05,421,5.0389000770335396e-05,421,5.038900060614997e-05,421
95,0.0035997448191287394,74,0.0035997448191200524,74,0.0035997448191312214,74,0.0035997448191146743,74,0.0035997448191200524,74,0.0035997448191146743,74
96,0.0005092361747191742,304,0.0005092361750644658,304,0.00050923617463448,304,0.0005092361747517488,304,0.0005092361753836977,304,0.0005092361753641529,304
97,3.973550262402262e-06,450,3.973550171000189e-06,450,3.97355029896309e-06,450,3.973550408645578e-06,450,3.9735490010536565e-06,450,3.973550801674491e-06,450
98,0.0020132008840881032,143,0.0020132008842027598,143,0.002013200884004435,143,0.0020132008840757078,143,0.0020132008838370983,143,0.0020132008842213525,143
99,0.003576847599831744,76,0.003576847599831583,76,0.003576847599831522,76,0.0035768475998315947,76,0.003576847599831692,76,0.0035768475998317253,76
100,0.0008220415941476188,268,0.0008220415940037926,268,0.0008220415942687356,268,0.000822041594329294,268,0.0008220415944277014,268,0.0008220415943520034,268
101,0.00809230665327411,48,0.00809230665325915,48,0.00809230665326731,48,0.00809230665327003,48,0.008092306653289071,48,0.00809230665332715,48
102,0.0003954199497492153,327,0.0003954199495893584,327,0.0003954199493305425,327,0.0003954199497339908,327,0.0003954199494980116,327,0.0003954199499471333,327
103,0.000763687779593209,270,0.000763687779450359,270,0.0007636877796249533,270,0.0007636877795826275,270,0.0007636877796461163,270,0.0007636877793604164,270
104,0.0004258805111216059,320,0.00042588051112942514,320,0.0004258805111567927,320,0.000425880511086419,320,0.000425880511019955,320,0.00042588051113724446,320
105,0.00013599109777237138,390,0.0001359910977549843,390,0.00013599109772890366,390,0.0001359910975985004,390,0.00013599109769412944,390,0.00013599109755503265,390
106,9.726971699949165e-05,403,9.726971712466813e-05,403,9.726971703932053e-05,403,9.726971715880716e-05,403,9.72697168060371e-05,403,9.72697172213954e-05,403
107,0.0002630807456148481,353,0.000263080745638756,353,0.00026308074556703233,353,0.0002630807457397004,353,0.0002630807456732896,353,0.0002630807456414124,353
108,0.0028304971428247967,112,0.0028304971428247264,112,0.002830497142828306,112,0.002830497142825358,112,0.002830497142824235,112,0.002830497142819111,112
109,0.0015552335726488023,188,0.0015552335728237106,188,0.0015552335727698928,188,0.0015552335731533456,188,0.001555233573052437,188,0.0015552335727698928,188
110,0.0017095571630088775,169,0.0017095571627955691,169,0.001709557163043282,169,0.0017095571632634715,169,0.001709557162719879,169,0.0017095571627611644,169
111,0.00030975775359976405,341,0.0003097577535419815,341,0.000309757753386691,341,0.0003097577533216857,341,0.0003097577534372507,341,0.000309757753386691,341
112,0.001580048286191766,183,0.0015800482864905662,183,0.0015800482859842657,183,0.0015800482864490662,183,0.001580048286191766,183,0.0015800482864490662,183
113,0.0002933681928199356,344,0.00029336819289466705,344,0.0002933681929195775,344,0.0002933681926767003,344,0.0002933681930628128,344,0.00029336819300676423,344
114,0.00145635145159868,196,0.001456351451638341,196,0.001456351451712705,196,0.0014563514516532138,196,0.0014563514516036376,196,0.0014563514517771541,196
115,2.844940076352014e-05,429,2.8449400688180235e-05,429,2.8449400758138716e-05,429,2.8449400876529995e-05,429,2.8449400688180235e-05,429,2.8449400758138716e-05,429
116,4.18145931762255e-05,426,4.181459310781235e-05,426,4.18145930296259e-05,426,4.1814593215318735e-05,426,4.1814593068719124e-05,426,4.1814593195772115e-05,426
117,5.671896506252264e-05,419,5.671896504337018e-05,419,5.671896500506526e-05,419,5.671896520616609e-05,419,5.671896470820213e-05,419,5.671896541684315e-05,419
118,0.0001991054363184332,365,0.00019910543667152081,365,0.00019910543642747495,365,0.00019910543664036602,365,0.0001991054368947968,365,0.00019910543576283943,365
119,0.0001647323584491589,375,0.00016473235839878676,375,0.00016473235846594959,375,0.0001647323589360894,375,0.00016473235858348455,375,0.0001647323582476704,375
120,0.0014122171339943312,202,0.0014122171339877665,202,0.0014122171340402825,202,0.0014122171339877665,202,0.001412217133902428,202,0.001412217134283169,202
121,0.0019167323288563425,146,0.001916732328813853,146,0.0019167323289554846,146,0.0019167323286722214,146,0.0019167323288421794,146,0.0019167323287996897,146
122,0.0030228750224662758,102,0.00302287502242391,102,0.0030228750222629206,102,0.0030228750224281465,102,0.003022875022377308,102,0.0030228750228306206,102
123,0.001745314941825721,166,0.0017453149417483286,166,0.0017453149418171217,166,0.0017453149422814761,166,0.0017453149419719065,166,0.0017453149419719065,166
124,0.003671926537341424,71,0.0036719265373484386,71,0.003671926537334993,71,0.003671926537350777,71,0.003671926537313363,71,0.003671926537330901,71
125,0.00014922394954728784,383,0.00014922394967582564,383,0.00014922394951301108,383,0.00014922394960727216,383,0.0001492239497015332,383,0.0001492239495044419,383
126,0.00033593920416175927,337,0.0003359392040288184,337,0.00033593920427906003,337,0.0003359392043181603,337,0.0003359392037942169,337,0.0003359392040679187,337
127,0.0022571495227188035,133,0.0022571495227181166,133,0.0022571495227182983,133,0.002257149522718662,133,0.0022571495227171464,133,0.002257149522722481,133
128,0.003785175654519883,69,0.003785175654513117,69,0.003785175654511525,69,0.0037851756545250574,69,0.0037851756545095347,69,0.0037851756545342116,69
129,0.0002558943592345386,354,0.0002558943591983917,354,0.00025589435922248964,354,0.00025589435912609784,354,0.0002558943592706855,354,0.00025589435913413053,354
130,0.0005193717984424345,302,0.0005193717984424345,302,0.0005193717985581436,302,0.0005193717984124359,302,0.0005193717983567241,302,0.0005193717984638621,302
131,0.0015610668820126002,186,0.0015610668820110292,186,0.0015610668820314525,186,0.001561066882062873,186,0.0015610668819921766,186,0.0015610668820283105,186
132,3.3468248696170766e-05,428,3.3468248696170766e-05,428,3.346824860715307e-05,428,3.3468248735734184e-05,428,3.34682489928964e-05,428,3.346824841922683e-05,428
133,0.00018226332038261004,369,0.00018226332042526035,369,0.00018226331981393898,369,0.00018226331982815574,369,0.00018226332061007844,369,0.0001822633201551416,369
134,0.004104843749513838,65,0.004104843749516305,65,0.004104843749518068,65,0.004104843749506788,65,0.00410484374951701,65,0.004104843749503263,65
135,0.00021821100947031388,361,0.00021821100939481221,361,0.0002182110094372819,361,0.00021821100911639986,361,0.00021821100928155973,361,0.00021821100908808676,361
136,0.00018629025724863573,368,0.00018629025708090787,368,0.00018629025720204466,368,0.00018629025709022607,368,0.0001862902570529532,368,0.00018629025720204466,368
137,0.002708171367601668,118,0.0027081713676012508,118,0.002708171367603145,118,0.0027081713675992597,118,0.002708171367599324,118,0.0027081713675983286,118
138,0.0011394619365636802,233,0.0011394619367478907,233,0.001139461936345977,233,0.0011394619364017984,233,0.0011394619361952594,233,0.0011394619361171094,233
139,0.000870635430149415,262,0.0008706354302227413,262,0.0008706354302337402,262,0.0008706354301714128,262,0.0008706354302447391,262,0.0008706354302410727,262
140,0.007490906308787777,50,0.007490906308801888,50,0.0074909063087920105,50,0.0074909063087454444,50,0.007490906308787777,50,0.007490906308756733,50
141,0.00011626558868799005,399,0.00011626558872251452,399,0.00011626558869374413,399,0.00011626558861318705,399,0.0001162655887282686,399,0.00011626558882608789,399
142,0.007082411805578965,51,0.0070824118056113305,51,0.007082411805588484,51,0.007082411805550408,51,0.007082411805582773,51,0.0070824118056398875,51
143,0.03496036676998364,21,0.03496036676997909,21,0.034960366769984944,21,0.034960366769987546,21,0.03496036676998668,21,0.03496036676998668,21
144,0.002727839662356714,117,0.0027278396621745835,117,0.002727839662390863,117,0.002727839662111976,117,0.002727839662106285,117,0.0027278396624819284,117
145,0.00855079420239456,44,0.008550794202402422,44,0.008550794202406353,44,0.008550794202412905,44,0.00855079420239587,44,0.008550794202436492,44
146,5.768192965297957e-06,447,5.768192863727318e-06,447,5.7681925497817065e-06,447,5.76819282679254e-06,447,5.76819247591215e-06,447,5.768192078863289e-06,447
147,0.00025485118781726993,355,0.0002548511878577303,355,0.00025485118797101923,355,0.000254851188068124,355,0.0002548511877768096,355,0.0002548511876068762,355
148,0.00015184492895468674,380,0.0001518449289546995,380,0.00015184492895398445,380,0.00015184492895415204,380,0.0001518449289542893,380,0.00015184492895497085,380
149,0.0004205789460730055,325,0.00042057894602824344,325,0.00042057894597850783,325,0.00042057894602824344,325,0.00042057894600337563,325,0.00042057894610284685,325
150,0.0004456184535678468,317,0.0004456184534472182,317,0.0004456184536415643,317,0.00044561845373538656,317,0.000445618453695177,317,0.0004456184532595737,317
151,0.0030839075787707794,96,0.0030839075788740918,96,0.003083907578663163,96,0.0030839075788999196,96,0.003083907578723428,96,0.003083907578529718,96
152,0.0009585837576351714,255,0.0009585837577141168,255,0.0009585837575849334,255,0.0009585837575418724,255,0.0009585837575705798,255,0.0009585837578361232,255
153,0.003445791224558523,78,0.0034457912244979815,78,0.0034457912244991455,78,0.0034457912245154454,78,0.00344579122450031,78,0.003445791224629543,78
154,0.0020109272365266815,144,0.002010927236526193,144,0.002010927236524705,144,0.0020109272365277722,144,0.0020109272365284652,144,0.0020109272365237845,144
155,4.299879758866693e-06,449,4.299879645278007e-06,449,4.299879681419862e-06,449,4.299879815661036e-06,449,4.299879593646786e-06,449,4.299879681419862e-06,449
156,0.0012113019404915275,221,0.0012113019405483917,221,0.0012113019405610283,221,0.0012113019401566597,221,0.001211301940801122,221,0.0012113019409527603,221
157,0.0001401365358589638,387,0.00014013653588364013,387,0.0001401365358663667,387,0.00014013653590338118,387,0.0001401365359823454,387,0.00014013653586143144,387
158,0.0005922105327149826,293,0.0005922105327286683,293,0.0005922105327303789,293,0.0005922105327372218,293,0.000592210532706429,293,0.0005922105327663038,293
159,0.0009028685152473559,260,0.0009028685152473402,260,0.0009028685152468372,260,0.0009028685152478013,260,0.0009028685152469053,260,0.0009028685152481733,260
160,0.0001907891600156888,367,0.0001907891600156888,367,0.00019078916009924467,367,0.00019078916015892748,367,0.0001907891601529592,367,0.00019078916024248336,367
161,0.001032382611054745,249,0.001032382611054745,249,0.0010323826112754674,249,0.001032382611220287,249,0.0010323826111789014,249,0.0010323826112064918,249
162,0.0006082401785066044,291,0.0006082401784544162,291,0.0006082401785483548,291,0.0006082401784283222,291,0.0006082401784805103,291,0.0006082401783709153,291
163,2.8357913496903355e-05,430,2.8357913496997853e-05,430,2.8357913496787328e-05,430,2.8357913496942487e-05,430,2.83579134969025e-05,430,2.8357913496973245e-05,430
164,0.001614198634004503,179,0.001614198633988713,179,0.0016141986340240083,179,0.0016141986340481578,179,0.0016141986339924283,179,0.001614198633956204,179
165,0.010591727611196027,37,0.010591727611195968,37,0.010591727611196257,37,0.010591727611195744,37,0.010591727611195548,37,0.010591727611195917,37
166,0.0018085384878320891,157,0.0018085384876967339,157,0.0018085384874913677,157,0.001808538487640725,157,0.0018085384881774778,157,0.001808538487416689,157
167,0.001300978985549937,213,0.0013009789855764307,213,0.0013009789856658466,213,0.0013009789856128595,213,0.0013009789854837028,213,0.0013009789855466254,213
168,0.0013879052661101474,203,0.00138790526629557,203,0.0013879052661879053,203,0.0013879052663015514,203,0.0013879052662237935,203,0.0013879052658050972,203
169,0.008548680907384193,45,0.008548680907383128,45,0.008548680907382065,45,0.008548680907396966,45,0.008548680907372484,45,0.008548680907401225,45
170,0.0004603309911377698,314,0.00046033099104273616,314,0.00046033099120356227,314,0.00046033099135707814,314,0.0004603309912839754,314,0.00046033099107197726,314
171,0.005880105636336391,57,0.005880105636328804,57,0.005880105636317424,57,0.00588010563633108,57,0.0058801056363197,57,0.005880105636335632,57
172,0.00015879802595717064,378,0.00015879802592334497,378,0.0001587980257373039,378,0.00015879802616858095,378,0.00015879802598253986,378,0.0001587980263884477,378
173,0.0014665276796619006,193,0.0014665276795739614,193,0.0014665276797058702,193,0.0014665276797498398,193,0.0014665276794106458,193,0.0014665276798000906,193
174,0.004920168398066801,59,0.004920168398093869,59,0.004920168398041425,59,0.004920168398092176,59,0.00492016839814462,59,0.004920168397983907,59
175,0.0007539377503432769,271,0.0007539377502681639,271,0.0007539377504360635,271,0.0007539377502990927,271,0.0007539377504449003,271,0.0007539377501665403,271
176,0.0017478176256780487,163,0.0017478176256780305,163,0.0017478176256780847,163,0.001747817625678021,163,0.001747817625678005,163,0.0017478176256780157,163
177,0.0017715376794054858,162,0.0017715376796808618,162,0.0017715376793105285,162,0.0017715376798232978,162,0.0017715376797188447,162,0.0017715376796048961,162
178,0.0029917020903565965,103,0.0029917020903765545,103,0.002991702090360225,103,0.0029917020903819976,103,0.0029917020903765545,103,0.002991702090492675,103
179,0.0011331371810695235,234,0.0011331371811146098,234,0.001133137181272412,234,0.001133137181142789,234,0.00113313718132877,234,0.001133137181165332,234
180,0.002026251019415392,142,0.002026251019401507,142,0.0020262510194028953,142,0.0020262510194264992,142,0.0020262510194237224,142,0.0020262510194750958,142
181,0.001693586573587811,171,0.0016935865734770746,171,0.001693586573593084,171,0.0016935865736405424,171,0.0016935865733716114,171,0.001693586573382158,171
182,0.0020822126435176055,140,0.0020822126435093794,140,0.002082212643507444,140,0.0020822126435055084,140,0.0020822126434750245,140,0.0020822126434977667,140
183,0.001453108775876269,197,0.0014531087759687554,197,0.0014531087759194294,197,0.001453108775900932,197,0.0014531087757837827,197,0.0014531087760920704,197
184,0.00309075757673999,95,0.00309075757673999,95,0.003090757576601747,95,0.0030907575764688206,95,0.0030907575765857956,95,0.0030907575761923347,95
185,0.0023484854908269875,130,0.0023484854908094755,130,0.0023484854908094755,130,0.002348485490833723,130,0.002348485490774451,130,0.0023484854908000456,130
186,0.00015686936979152088,379,0.0001568693696563687,379,0.000156869369697502,379,0.00015686936952121654,379,0.00015686936962111162,379,0.0001568693695094642,379
187,2.4181047753414942e-05,435,2.418104769298773e-05,435,2.4181047809007978e-05,435,2.4181047799339625e-05,435,2.4181047867018103e-05,435,2.4181047850098484e-05,435
188,0.0028636336869634887,109,0.002863633686740681,109,0.002863633687024761,109,0.002863633687108314,109,0.0028636336871250244,109,0.002863633686941208,109
189,1.9747194127269963e-05,437,1.9747194148585276e-05,437,1.9747193962076295e-05,437,1.974719421786004e-05,437,1.9747193988720435e-05,437,1.9747194100625823e-05,437
190,0.002956715504825764,107,0.002956715504825764,107,0.0029567155047840465,107,0.002956715504871653,107,0.002956715505000977,107,0.002956715504875825,107
191,0.0013099168401344563,212,0.0013099168398949229,212,0.0013099168401078415,212,0.0013099168399694444,212,0.00130991684046448,212,0.0013099168397671718,212
192,0.00010827217100632597,400,0.0001082721709344503,400,0.00010827217107820162,400,0.00010827217075476116,400,0.00010827217100632597,400,0.00010827217119499958,400
193,0.003028684449113281,101,0.003028684449111717,101,0.00302868444911318,101,0.003028684449112726,101,0.0030286844491091433,101,0.003028684449109951,101
194,0.0018911861017935226,147,0.001891186101833969,147,0.0018911861017595478,147,0.001891186101929422,147,0.0018911861017773441,147,0.0018911861016818912,147
195,0.00020889042409391037,364,0.00020889042400368173,364,0.0002088904240999256,364,0.000208890424160078,364,0.00020889042417812374,364,0.00020889042410594084,364
196,0.00023624250422445522,357,0.00023624250430355414,357,0.00023624250430963868,357,0.00023624250427921602,357,0.00023624250390805952,357,0.00023624250401149658,357
197,0.0005593269541506275,297,0.0005593269541545892,297,0.0005593269541466658,297,0.000559326954144685,297,0.0005593269541440756,297,0.0005593269541533702,297
198,0.0018347933619043313,149,0.0018347933620951509,149,0.0018347933619043313,149,0.0018347933620588043,149,0.0018347933621587573,149,0.0018347933627221294,149
199,0.0008428557909608447,266,0.00084285579100909,266,0.0008428557910305325,266,0.0008428557910305325,266,0.0008428557908053872,266,0.0008428557910412537,266
200,0.0016014588375915608,181,0.0016014588375914767,181,0.00160145883759154,181,0.0016014588375915125,181,0.001601458837591473,181,0.0016014588375915702,181
201,0.0011007862032587103,237,0.0011007862032870793,237,0.0011007862033097745,237,0.0011007862033948813,237,0.0011007862032246674,237,0.0011007862032870793,237
202,0.052311256308616653,2,0.05231125630861861,2,0.052311256308620685,2,0.052311256308616716,2,0.05231125630861653,2,0.052311256308614947,2
203,0.000421585755567872,324,0.00042158575556749066,324,0.00042158575556782736,324,0.0004215857555677726,324,0.0004215857555673791,324,0.00042158575556758396,324
204,0.0007535766606151787,273,0.00075357666059281,273,0.0007535766606300913,273,0.0007535766606897411,273,0.0007535766604884227,273,0.0007535766606077225,273
205,0.002180396748037376,138,0.002180396748037376,138,0.0021803967480987733,138,0.002180396748016911,138,0.0021803967479935215,138,0.0021803967478970405,138
206,1.0958718176612055e-05,444,1.0958718076452111e-05,444,1.0958718229327814e-05,444,1.0958718187155206e-05,444,1.0958718007921623e-05,444,1.0958718081723687e-05,444
207,0.0025732479063417606,124,0.002573247906272626,124,0.0025732479062639843,124,0.0025732479062812678,124,0.002573247906244972,124,0.0025732479062225036,124
208,0.025992298489618128,26,0.025992298489618586,26,0.025992298489617097,26,0.02599229848961716,26,0.025992298489617673,26,0.025992298489618045,26
209,0.0002178015966486639,362,0.0002178015965910683,362,0.00021780159656638448,362,0.00021780159638536972,362,0.00021780159661575213,362,0.00021780159664043595,362
210,2.7121750671380508e-05,432,2.712175140908778e-05,432,2.712175083627978e-05,432,2.7121751061931418e-05,432,2.7121750619307053e-05,432,2.712175011593033e-05,432
211,0.028534955947198435,25,0.028534955947201117,25,0.028534955947198435,25,0.02853495594719384,25,0.02853495594718657,25,0.028534955947175467,25
212,0.0016372356379343758,174,0.0016372356378959376,174,0.001637235637835077,174,0.001637235638004846,174,0.0016372356379792204,174,0.0016372356377870293,174
213,0.0024477282640963634,127,0.002447728263978121,127,0.0024477282637607074,127,0.002447728263821736,127,0.002447728263936164,127,0.0024477282633411372,127
214,0.0003166500127177029,339,0.00031665001263886215,339,0.0003166500127492392,339,0.0003166500125521373,339,0.0003166500125915577,339,0.00031665001285961623,339
215,1.5810977366573263e-05,440,1.581097736657989e-05,440,1.581097736655266e-05,440,1.5810977366559666e-05,440,1.5810977366563857e-05,440,1.5810977366588045e-05,440
216,0.0030401152102321445,100,0.003040115210268288,100,0.0030401152102358837,100,0.003040115210253332,100,0.0030401152102022327,100,0.0030401152102284053,100
217,0.0018142406593384607,155,0.0018142406592769461,155,0.0018142406590868103,155,0.0018142406593384607,155,0.0018142406593160917,155,0.0018142406592881305,155
218,0.0005400951451302331,300,0.0005400951450505743,300,0.0005400951450711314,300,0.0005400951451353725,300,0.0005400951450762706,300,0.0005400951450916885,300
219,0.0013589259433641422,208,0.001358925943362753,208,0.0013589259433630372,208,0.0013589259433615846,208,0.001358925943363645,208,0.001358925943363495,208
220,0.0002476773569107835,356,0.00024767735696796953,356,0.00024767735700609355,356,0.00024767735697273503,356,0.000247677356801177,356,0.00024767735701562455,356
221,0.001062318263715188,246,0.0010623182636778166,246,0.0010623182636140657,246,0.0010623182637415677,246,0.0010623182638360951,246,0.0010623182635876858,246
222,0.001634092002743699,175,0.0016340920029266712,175,0.0016340920028623837,175,0.0016340920031887667,175,0.0016340920024865487,175,0.0016340920024865487,175
223,0.0030769671614410176,97,0.0030769671614717694,97,0.0030769671614517807,97,0.0030769671614317923,97,0.0030769671614779195,97,0.003076967161514822,97
224,0.006659412794808445,53,0.006659412794825005,53,0.00665941279481569,53,0.006659412794826041,53,0.006659412794800164,53,0.0066594127948012,53
225,0.0012507441510761599,218,0.0012507441510570985,218,0.001250744150999914,218,0.0012507441510761599,218,0.0012507441509760871,218,0.0012507441509236681,218
226,0.0031340353306990682,94,0.003134035330767381,94,0.0031340353306307553,94,0.0031340353308724777,94,0.0031340353311036903,94,0.0031340353307463616,94
227,0.0008497793635824974,264,0.0008497793636192362,264,0.0008497793634502377,264,0.0008497793635580048,264,0.0008497793636706706,264,0.0008497793636314825,264
228,0.003966133338758122,67,0.0039661333387657005,67,0.003966133338744104,67,0.003966133338766837,67,0.003966133338763048,67,0.0039661333387281915,67
229,5.882207042023987e-05,418,5.88220703360175e-05,418,5.882206989385006e-05,418,5.8822070237758074e-05,418,5.882207031496191e-05,418,5.882207089048144e-05,418
230,0.001794492905930673,159,0.0017944929055808308,159,0.0017944929059394191,159,0.001794492905467132,159,0.001794492905624561,159,0.0017944929055545926,159
231,0.0026347561101193887,119,0.0026347561100369156,119,0.002634756110221498,119,0.0026347561101036795,119,0.0026347561099858605,119,0.002634756109871969,119
232,2.0106583826308116e-05,436,2.0106583765778525e-05,436,2.0106583674984142e-05,436,2.010658383639638e-05,436,2.010658389692597e-05,436,2.01065837153372e-05,436
233,0.0,457,0.0,457,0.0,457,0.0,457,0.0,457,0.0,457
234,0.00013733685572047495,388,0.00013733685570301637,388,0.00013733685579030933,388,0.00013733685567973822,388,0.00013733685573793353,388,0.00013733685557498665,388
235,0.004402540427458534,62,0.0044025404274433575,62,0.004402540427447351,62,0.004402540427450546,62,0.004402540427461728,62,0.004402540427450546,62
236,0.00016199047971287163,376,0.00016199047970259626,376,0.00016199047885487842,376,0.00016199047916313944,376,0.00016199048003140803,376,0.00016199047921451628,376
237,0.0017476139331450446,164,0.0017476139331399922,164,0.0017476139331516927,164,0.0017476139331617977,164,0.0017476139331546179,164,0.0017476139331570112,164
238,0.05192097135786185,3,0.05192097135786009,3,0.051920971357861945,3,0.05192097135785795,3,0.051920971357861063,3,0.051920971357869154,3
239,0.023021840871873013,28,0.02302184087186747,28,0.023021840871874054,28,0.023021840871857765,28,0.023021840871867816,28,0.023021840871864697,28
240,0.003269661523531554,84,0.0032696615236898125,84,0.003269661523615629,84,0.003269661523566173,84,0.003269661523857962,84,0.0032696615237590505,84
241,0.001186941908424937,225,0.001186941908424908,225,0.0011869419084249292,225,0.0011869419084249346,225,0.0011869419084249184,225,0.0011869419084249132,225
242,0.00031459976995409943,340,0.0003145997697829925,340,0.00031459977032839584,340,0.00031459977056901494,340,0.000314599769462167,340,0.00031459977018937147,340
243,0.00038903277474794954,328,0.00038903277490757315,328,0.0003890327745375366,328,0.00038903277521230915,328,0.00038903277450125847,328,0.0003890327750744524,328
244,0.001796306489119099,158,0.0017963064890418562,158,0.0017963064890253043,158,0.0017963064890749603,158,0.0017963064891797897,158,0.001796306489152203,158
245,0.0004588432327159414,316,0.00045884323278088697,316,0.00045884323275032434,316,0.0004588432326357146,316,0.00045884323262425364,316,0.0004588432327312227,316
246,0.044759808140750944,13,0.04475980814074819,13,0.044759808140749015,13,0.044759808140745434,13,0.04475980814075287,13,0.044759808140733034,13
247,0.0031963990697015457,91,0.003196399069778758,91,0.0031963990698765598,91,0.003196399069660366,91,0.0031963990692948953,91,0.0031963990700000994,91
248,0.0018285656126954567,152,0.0018285656126251649,152,0.0018285656125607305,152,0.0018285656126485954,152,0.0018285656125607305,152,0.0018285656127188872,152
249,5.98323716695723e-05,417,5.983237184466213e-05,417,5.983237162788425e-05,417,5.983237258670949e-05,417,5.98323715861962e-05,417,5.983237101090106e-05,417
250,0.0012113277723587322,220,0.0012113277723930674,220,0.001211327772335842,220,0.00121132777244457,220,0.0012113277727364181,220,0.0012113277724045124,220
251,0.0027937321322076313,114,0.0027937321322607615,114,0.0027937321322058606,114,0.002793732132104913,114,0.0027937321321686694,114,0.0027937321320889745,114
252,0.003218748833957431,88,0.0032187488339541236,88,0.003218748833959195,88,0.0032187488339528005,88,0.0032187488339649284,88,0.0032187488339832306,88
253,0.0013670341413680885,205,0.001367034141426511,205,0.0013670341414508537,205,0.001367034141489802,205,0.0013670341414605907,205,0.0013670341414751964,205
254,0.0010508262984546823,247,0.0010508262985879401,247,0.0010508262987434075,247,0.0010508262985712829,247,0.00105082629844913,247,0.0010508262980826709,247
255,0.0015640277089726037,185,0.0015640277090372974,185,0.0015640277089079098,185,0.0015640277092249094,185,0.0015640277090664097,185,0.0015640277088076345,185
256,0.0036389779637058944,72,0.0036389779636574523,72,0.003638977963655299,72,0.0036389779636585287,72,0.003638977963698359,72,0.003638977963687594,72
257,0.0004589666843126842,315,0.00045896668396403547,315,0.00045896668409685403,315,0.0004589666841411269,315,0.0004589666844731733,315,0.0004589666842573431,315
258,0.00012726303198553222,394,0.00012726303190789917,394,0.00012726303202323968,394,0.00012726303200327692,394,0.00012726303193451622,394,0.00012726303193008004,394
259,0.0027509345962814674,116,0.0027509345961652947,116,0.0027509345960691515,116,0.002750934596213366,116,0.0027509345960451156,116,0.0027509345961733065,116
260,0.008102489943761141,47,0.008102489943783616,47,0.008102489943783616,47,0.008102489943789747,47,0.008102489943781575,47,0.008102489943771357,47
261,0.0028248234471369158,113,0.0028248234471368893,113,0.0028248234471368776,113,0.002824823447136823,113,0.002824823447137028,113,0.002824823447137027,113
262,0.0004628063467897578,313,0.00046280634687130914,313,0.000462806346633451,313,0.00046280634665383884,313,0.00046280634638200106,313,0.0004628063472246983,313
263,0.0419903017999615,15,0.0419903017999638,15,0.041990301799960994,15,0.04199030179996558,15,0.041990301799972464,15,0.04199030179995054,15
264,0.000595636953974561,292,0.0005956369538871566,292,0.0005956369539539953,292,0.0005956369540671068,292,0.0005956369539488538,292,0.0005956369537431966,292
265,0.0015482166071503249,189,0.001548216607148905,189,0.001548216607145051,189,0.0015482166071477896,189,0.0015482166071576272,189,0.0015482166071438342,189
266,0.00042467740350997883,323,0.00042467740352981697,323,0.00042467740362239493,323,0.0004246774039067414,323,0.00042467740384061436,323,0.00042467740367529657,323
267,0.003285195599523767,82,0.0032851955995526275,82,0.0032851955994516145,82,0.003285195599360222,82,0.0032851955993169306,82,0.0032851955993698423,82
268,1.3202285963114562e-05,441,1.320228603446309e-05,441,1.3202286085426324e-05,441,1.3202285687913097e-05,441,1.3202286126196912e-05,441,1.320228606504103e-05,441
269,0.00326648389332201,85,0.0032664838933359522,85,0.003266483893280182,85,0.003266483893261592,85,0.0032664838933034197,85,0.0032664838936938105,85
270,0.00017352508816679624,371,0.00017352508802560843,371,0.00017352508818340657,371,0.00017352508780136896,371,0.00017352508816679624,371,0.00017352508829137373,371
271,0.001464430792839034,195,0.001464430792978754,195,0.0014644307929851047,195,0.001464430793035912,195,0.0014644307928263322,195,0.0014644307926358052,195
272,0.003190839929791725,92,0.003190839929889812,92,0.0031908399298006423,92,0.003190839929274541,92,0.0031908399298586024,92,0.003190839929707014,92
273,2.1927222260145166e-06,453,2.1927221412116163e-06,453,2.1927224238879505e-06,453,2.192721707774571e-06,453,2.1927220752538053e-06,453,2.1927224427330393e-06,453
274,0.0002125727402386369,363,0.00021257274010571273,363,0.0002125727402196477,363,0.00021257274018926506,363,0.0002125727401968607,363,0.0002125727402082542,363
275,0.00043251621419844926,319,0.00043251621415883425,319,0.00043251621379569624,319,0.00043251621359101844,319,0.0004325162144295371,319,0.0004325162145087672,319
276,8.132510235329663e-05,409,8.132510239834333e-05,409,8.132510216184814e-05,409,8.132510232514243e-05,409,8.132510238708165e-05,409,8.132510224631071e-05,409
277,0.0010777815347016587,240,0.0010777815346959044,240,0.001077781534661379,240,0.001077781534563557,240,0.0010777815344945063,240,0.0010777815346441162,240
278,0.0020370484441233545,141,0.0020370484439289857,141,0.0020370484438497986,141,0.002037048444238536,141,0.002037048444332121,141,0.002037048444065764,141
279,0.0029263535019933328,108,0.0029263535019915226,108,0.0029263535019938896,108,0.0029263535019922187,108,0.0029263535019947253,108,0.0029263535019907424,108
280,0.0015921813078283219,182,0.0015921813078226862,182,0.0015921813078311397,182,0.0015921813078762258,182,0.0015921813077550571,182,0.0015921813079269476,182
281,0.002346234736776765,131,0.002346234736773419,131,0.002346234736784293,131,0.002346234736774614,131,0.002346234736781903,131,0.0023462347367796325,131
282,0.0001184098386412737,397,0.00011840983870207681,397,0.00011840983903649382,397,0.00011840983821565206,397,0.00011840983904662767,397,0.00011840983820551822,397
283,0.03852953077014043,18,0.03852953077014095,18,0.0385295307701394,18,0.038529530770139785,18,0.038529530770141346,18,0.03852953077014169,18
284,0.0010321019181277972,250,0.001032101918143268,250,0.0010321019173542578,250,0.0010321019180968556,250,0.001032101917810646,250,0.001032101917771969,250
285,0.048555404846850614,9,0.04855540484685235,9,0.04855540484684636,9,0.048555404846852196,9,0.04855540484684258,9,0.048555404846848255,9
286,2.6008423650534046e-05,434,2.6008423650511857e-05,434,2.600842365054514e-05,434,2.600842365046984e-05,434,2.600842365054398e-05,434,2.6008423650266414e-05,434
287,0.003244165041308553,86,0.003244165041414306,86,0.0032441650414646644,86,0.0032441650414495567,86,0.0032441650413035173,86,0.003244165041444521,86
288,0.0001727663592266113,372,0.00017276635901457494,372,0.0001727663596848834,372,0.00017276635962332445,372,0.000172766359069294,372,0.00017276635971908281,372
289,0.0,458,0.0,458,0.0,458,0.0,458,0.0,458,0.0,458
290,0.00028265157467374124,347,0.0002826515744655172,347,0.00028265157461630015,347,0.00028265157394854714,347,0.0002826515744439768,347,0.00028265157470964194,347
291,0.0016328568789514006,176,0.0016328568789712769,176,0.001632856878953129,176,0.0016328568789634992,176,0.0016328568789289318,176,0.0016328568789643633,176
292,0.002984595846400016,104,0.0029845958463970952,104,0.002984595846398325,104,0.002984595846403321,104,0.002984595846402245,104,0.0029845958464010153,104
293,0.00766837889704859,49,0.007668378897080236,49,0.007668378897090124,49,0.0076683788970940804,49,0.007668378897052546,49,0.0076683788970288115,49
294,0.0004109536327590557,326,0.0004109536328903054,326,0.00041095363294936776,326,0.0004109536326540559,326,0.00041095363296249273,326,0.00041095363305436753,326
295,0.001358594913833522,209,0.0013585949138001337,209,0.001358594913740035,209,0.0013585949141740811,209,0.0013585949142208246,209,0.0013585949137934561,209
296,0.02576534534524093,27,0.02576534534523256,27,0.025765345345234742,27,0.02576534534523365,27,0.02576534534524093,27,0.025765345345221277,27
297,0.0012342944112531929,219,0.0012342944113182788,219,0.0012342944109657297,219,0.0012342944115569274,219,0.0012342944113291265,219,0.0012342944112965835,219
298,4.372253266006636e-05,424,4.372253266856901e-05,424,4.372253234546849e-05,424,4.372253205637855e-05,424,4.372253270257959e-05,424,4.372253239648436e-05,424
299,0.00047919692583360464,309,0.0004791969260352523,309,0.0004791969258266512,309,0.0004791969258614181,309,0.0004791969258892316,309,0.0004791969257014906,309
300,0.0006294475593634386,286,0.0006294475593594492,286,0.0006294475595788678,286,0.0006294475592916288,286,0.0006294475591480094,286,0.0006294475593993435,286
301,0.009416902893958731,38,0.009416902893960367,38,0.009416902893951645,38,0.009416902893957097,38,0.009416902893967453,38,0.00941690289397672,38
302,0.0028374189186245046,111,0.002837418918617056,111,0.0028374189186203148,111,0.0028374189186247374,111,0.002837418918612401,111,0.0028374189186075125,111
303,0.016444933354492593,33,0.016444933354492593,33,0.016444933354485797,33,0.016444933354475912,33,0.016444933354499394,33,0.016444933354492593,33
304,0.0012874923990128363,214,0.0012874923991582994,214,0.0012874923989837437,214,0.00128749239907684,214,0.0012874923991001142,214,0.0012874923986869989,214
305,0.0006819504481369456,279,0.0006819504480482278,279,0.0006819504478707922,279,0.0006819504481630391,279,0.0006819504482256635,279,0.000681950448147383,279
306,2.6961426292129226e-05,433,2.696142643193076e-05,433,2.6961426342058345e-05,433,2.696142623221428e-05,433,2.696142648185988e-05,433,2.6961426162313512e-05,433
307,0.0014661640325086393,194,0.0014661640324553592,194,0.0014661640326418392,194,0.0014661640325552593,194,0.0014661640325019792,194,0.0014661640324953192,194
308,1.7871295453932667e-05,439,1.787129545383615e-05,439,1.78712954538166e-05,439,1.787129545377628e-05,439,1.7871295453901635e-05,439,1.7871295453772374e-05,439
309,0.0006186538831592005,287,0.0006186538830572985,287,0.0006186538828710641,287,0.000618653883148659,287,0.0006186538830151323,287,0.0006186538828288978,287
310,6.113651415074028e-06,445,6.113651415059605e-06,445,6.1136514150915194e-06,445,6.113651415041631e-06,445,6.113651415056957e-06,445,6.113651415074935e-06,445
311,0.001142205580521096,232,0.0011422055804662938,232,0.0011422055806385284,232,0.001142205580254915,232,0.0011422055814762154,232,0.001142205581076944,232
312,0.0008877223109327967,261,0.0008877223109267559,261,0.000887722310939936,261,0.0008877223109366409,261,0.0008877223109377393,261,0.0008877223109386546,261
313,0.0016266548607458914,177,0.0016266548607562236,177,0.0016266548607200605,177,0.0016266548608130514,177,0.0016266548607407252,177,0.0016266548606270698,177
314,0.028537544504570123,24,0.028537544504570137,24,0.02853754450457152,24,0.028537544504570612,24,0.028537544504570876,24,0.028537544504571837,24
315,0.0019606338643861788,145,0.001960633864382237,145,0.001960633864384427,145,0.0019606338643901205,145,0.0019606338643849744,145,0.0019606338643906682,145
316,0.03137695020950627,23,0.03137695020950061,23,0.03137695020950263,23,0.031376950209510306,23,0.0313769502095095,23,0.03137695020948041,23
317,0.000611355923015059,290,0.0006113559230087163,290,0.0006113559230073068,290,0.0006113559230141781,290,0.000611355923011359,290,0.0006113559230092448,290
318,0.0005810399030163072,296,0.0005810399030464319,296,0.0005810399032045864,296,0.0005810399026924671,296,0.0005810399028430904,296,0.0005810399031142124,296
319,0.00015084906614176648,382,0.00015084906614176648,382,0.00015084906627239541,382,0.00015084906611009886,382,0.00015084906615760028,382,0.0001508490660705143,382
320,0.001830134463271999,151,0.0018301344633119903,151,0.001830134463249147,151,0.0018301344632605729,151,0.0018301344633805468,151,0.0018301344633234163,151
321,0.0003729961374801099,332,0.0003729961374723805,332,0.0003729961374685158,332,0.00037299613763083284,332,0.0003729961373834926,332,0.0003729961375342156,332
322,0.008907051439043256,42,0.008907051439026963,42,0.008907051439026963,42,0.008907051439001898,42,0.00890705143903699,42,0.0089070514390608,42
323,0.0010653489703190647,243,0.0010653489703774236,243,0.0010653489703132289,243,0.0010653489709435036,243,0.0010653489706225303,243,0.001065348970686725,243
324,0.001813107767653104,156,0.0018131077678031683,156,0.001813107767679586,156,0.001813107767423594,156,0.0018131077672382207,156,0.0018131077670263652,156
325,0.0011936559442117297,223,0.0011936559442183874,223,0.0011936559442207956,223,0.00119365594422717,223,0.0011936559442145627,223,0.001193655944211163,223
326,0.001433571581857923,199,0.0014335715817343352,199,0.0014335715817343352,199,0.001433571581838409,199,0.0014335715818188952,199,0.001433571581890446,199
327,0.00028249239704559466,348,0.00028249239647790283,348,0.000282492396589319,348,0.0002824923964036254,348,0.00028249239690765086,348,0.00028249239631343136,348
328,0.002315745397664525,132,0.002315745397469966,132,0.002315745397911465,132,0.002315745397447517,132,0.0023157453977094232,132,0.0023157453973876524,132
329,4.958986618760704e-05,422,4.958986623686498e-05,422,4.9589865990575266e-05,422,4.9589865911762557e-05,422,4.9589866512709475e-05,422,4.958986575413713e-05,422
330,0.0006514403190505334,283,0.0006514403191420648,283,0.0006514403189851538,283,0.000651440318959002,283,0.0006514403190156642,283,0.0006514403190810438,283
331,0.0017798142511809144,161,0.0017798142511352025,161,0.0017798142511291077,161,0.0017798142510833958,161,0.0017798142511199653,161,0.0017798142510833958,161
332,0.0012853254800443289,215,0.001285325479805511,215,0.0012853254802115013,215,0.0012853254794791267,215,0.0012853254796303779,215,0.0012853254794472843,215
333,0.006120859636283982,56,0.006120859636312809,56,0.006120859636282181,56,0.00612085963626056,56,0.006120859636276775,56,0.006120859636291189,56
334,0.0013458493783174606,210,0.0013458493783753557,210,0.0013458493782629712,210,0.0013458493782936213,210,0.0013458493782629712,210,0.0013458493782936213,210
335,0.0017473246388260736,165,0.001747324638788408,165,0.0017473246387507426,165,0.0017473246385893188,165,0.001747324638820693,165,0.0017473246387561233,165
336,0.0007537003201608905,272,0.0007537003201783286,272,0.0007537003202979047,272,0.0007537003202231696,272,0.0007537003202181873,272,0.0007537003200238762,272
337,0.04616869347069745,12,0.046168693470697304,12,0.04616869347069835,12,0.04616869347069621,12,0.04616869347069702,12,0.04616869347070021,12
338,0.00361578060352057,73,0.0036157806034978353,73,0.0036157806036032423,73,0.003615780603491635,73,0.0036157806035371047,73,0.0036157806034730336,73
339,0.00038506413159226607,330,0.000385064131657045,330,0.0003850641315404429,330,0.00038506413167000076,330,0.00038506413160522185,330,0.00038506413167647865,330
340,0.0003759869703340347,331,0.00037598697021878924,331,0.0003759869699729322,331,0.00037598697039549896,331,0.00037598696977317336,331,0.0003759869707719675,331
341,0.0004947258358260687,306,0.0004947258356027371,306,0.0004947258359377346,306,0.0004947258356083203,306,0.000494725836211316,306,0.0004947258363173986,306
342,0.00022324346584066157,360,0.00022324346616991845,360,0.00022324346584066157,360,0.00022324346601835574,360,0.00022324346609675026,360,0.00022324346558457288,360
343,0.0015586625131482135,187,0.0015586625131645407,187,0.0015586625131645407,187,0.0015586625131612753,187,0.0015586625131906642,187,0.0015586625132494418,187
344,0.0,459,0.0,459,0.0,459,0.0,459,0.0,459,0.0,459
345,0.0015409614749624235,190,0.0015409614749775826,190,0.0015409614749270519,190,0.001540961475058432,190,0.0015409614748563088,190,0.001540961474932105,190
346,0.0016227324625551732,178,0.0016227324625049907,178,0.0016227324623209888,178,0.0016227324622038967,178,0.001622732462831176,178,0.001622732463466819,178
347,0.022209869312272774,29,0.02220986931227252,29,0.022209869312273794,29,0.022209869312272076,29,0.022209869312273204,29,0.0222098693122733,29
348,0.001149195389976906,230,0.0011491953899860012,230,0.0011491953900678556,230,0.001149195390046634,230,0.0011491953900254126,230,0.0011491953901406151,230
349,0.00042565187726880917,321,0.0004256518773736777,321,0.000425651877426112,321,0.0004256518771040157,321,0.00042565187741113076,321,0.00042565187755345236,321
350,0.0007731180857553443,269,0.0007731180858124068,269,0.0007731180858735452,269,0.0007731180857105095,269,0.0007731180859958221,269,0.000773118085804255,269
351,0.006729435092503208,52,0.006729435092503294,52,0.006729435092503316,52,0.006729435092503389,52,0.0067294350925038,52,0.0067294350925031264,52
352,0.0006626229450420863,282,0.0006626229450421813,282,0.000662622945042729,282,0.0006626229450430743,282,0.0006626229450429666,282,0.0006626229450415607,282
353,0.000463231562534985,312,0.00046323156254523813,312,0.0004632315625389285,312,0.0004632315625491817,312,0.0004632315625121125,312,0.0004632315626351506,312
354,0.000290923953145618,346,0.0002909239531454576,346,0.00029092395314582947,346,0.00029092395314533117,346,0.0002909239531450978,346,0.0002909239531452874,346
355,0.0,460,0.0,460,0.0,460,0.0,460,0.0,460,0.0,460
356,0.00013013538017390334,393,0.00013013538002398507,393,0.0001301353799887102,393,0.00013013538021799695,393,0.00013013538035027775,393,0.0001301353801562659,393
357,0.002181775570887983,137,0.002181775570873296,137,0.0021817755708806396,137,0.0021817755709467304,137,0.002181775571541549,137,0.0021817755712698417,137
358,0.0016470485039603517,173,0.0016470485039604737,173,0.001647048503960867,173,0.0016470485039615183,173,0.0016470485039618032,173,0.001647048503960935,173
359,0.001087999658350495,238,0.0010879996583364124,238,0.0010879996582307924,238,0.0010879996585194869,238,0.0010879996581744616,238,0.0010879996583223297,238
360,0.0011842720971992522,227,0.0011842720973312642,227,0.0011842720970562392,227,0.0011842720968802233,227,0.0011842720973917697,227,0.0011842720971552481,227
361,0.0,461,0.0,461,0.0,461,0.0,461,0.0,461,0.0,461
362,0.0024472745459127978,128,0.002447274546036878,128,0.0024472745460309697,128,0.0024472745461373248,128,0.002447274546063467,128,0.002447274546019153,128
363,0.009061136392586367,39,0.009061136392580504,39,0.009061136392589885,39,0.009061136392626241,39,0.009061136392560567,39,0.009061136392588712,39
364,0.0,462,0.0,462,0.0,462,0.0,462,0.0,462,0.0,462
365,0.00826870158366279,46,0.008268701583662361,46,0.008268701583662847,46,0.008268701583662193,46,0.008268701583663078,46,0.008268701583662311,46
366,0.002632703780515859,120,0.0026327037805181975,120,0.0026327037805127414,120,0.0026327037805102082,120,0.0026327037805125466,120,0.002632703780523913,120
367,0.008825965760137706,43,0.008825965760133298,43,0.008825965760102436,43,0.00882596576011015,43,0.008825965760160854,43,0.008825965760082596,43
368,0.04767915251523263,10,0.04767915251523152,10,0.04767915251522927,10,0.047679152515233816,10,0.047679152515232144,10,0.04767915251522887,10
369,0.0018301384194118644,150,0.001830138419340274,150,0.0018301384193134275,150,0.001830138419152349,150,0.0018301384198145612,150,0.0018301384201367184,150
370,0.0011424978643452034,231,0.0011424978643545614,231,0.001142497864218871,231,0.0011424978645183253,231,0.0011424978643592403,231,0.0011424978641861182,231
371,0.003238422767398873,87,0.0032384227671846074,87,0.003238422767312255,87,0.0032384227675219617,87,0.003238422767075195,87,0.003238422767604021,87
372,5.476149504535023e-05,420,5.476149507845986e-05,420,5.476149503983196e-05,420,5.4761494907393455e-05,420,5.476149526056281e-05,420,5.4761494697699146e-05,420
373,6.479311682820451e-05,416,6.47931167503189e-05,416,6.479311681151474e-05,416,6.479311658342117e-05,416,6.479311684489428e-05,416,6.479311644433973e-05,416
374,0.019733043679484686,31,0.01973304367948399,31,0.0197330436794842,31,0.019733043679483492,31,0.019733043679483746,31,0.01973304367948364,31
375,0.0024899432340166785,126,0.0024899432340165523,126,0.0024899432340166425,126,0.0024899432340162457,126,0.0024899432340179228,126,0.002489943234021583,126
376,0.0044213805160293,61,0.004421380516030949,61,0.004421380516090317,61,0.0044213805160424925,61,0.0044213805159979665,61,0.004421380516034247,61
377,0.0009776353231146161,254,0.0009776353230849695,254,0.0009776353230661035,254,0.000977635323020286,254,0.0009776353230661035,254,0.0009776353230310667,254
378,0.0006878047292237974,278,0.0006878047289053835,278,0.000687804728893368,278,0.000687804728671079,278,0.0006878047293379458,278,0.0006878047290675944,278
379,0.001675064586272067,172,0.0016750645857778375,172,0.0016750645861056926,172,0.0016750645863356805,172,0.0016750645862476001,172,0.0016750645858659178,172
380,0.0009439258268468566,256,0.0009439258269158343,256,0.0009439258266935728,256,0.0009439258270844465,256,0.0009439258261800722,256,0.0009439258268851776,256
381,8.23964694140557e-05,408,8.239646931209841e-05,408,8.239646922867882e-05,408,8.239646937698032e-05,408,8.239646943259339e-05,408,8.239646880231202e-05,408
382,0.00013402451254618995,391,0.00013402451267688546,391,0.0001340245128859983,391,0.0001340245124851987,391,0.00013402451284243313,391,0.0001340245126855985,391
383,0.00011740173072190071,398,0.00011740173094408575,398,0.00011740173087298653,398,0.00011740173106850936,398,0.00011740173074856291,398,0.00011740173077522512,398
384,0.00019845776238864188,366,0.00019845776220589847,366,0.00019845776223912455,366,0.00019845776208130068,366,0.00019845776212283327,366,0.00019845776203146156,366
385,0.0006911915810255314,275,0.0006911915806668597,275,0.0006911915811002546,275,0.0006911915809209188,275,0.0006911915809358634,275,0.0006911915805697195,275
386,0.0001670207757700885,374,0.00016702077579883485,374,0.00016702077571259576,374,0.00016702077568795602,374,0.00016702077576598187,374,0.00016702077568384938,374
387,0.0002339371104984897,358,0.0002339371104984869,358,0.00023393711049848575,358,0.00023393711049848827,358,0.00023393711049848418,358,0.00023393711049848084,358
388,8.557652829473224e-05,406,8.557652785944728e-05,406,8.557652861255935e-05,406,8.5576527900903e-05,406,8.557652850201079e-05,406,8.557652832236938e-05,406
389,0.0003853517270365318,329,0.0003853517270232301,329,0.0003853517270564843,329,0.000385351726723943,329,0.0003853517272028024,329,0.00038535172711634167,329
390,0.003583520633375909,75,0.003583520633385974,75,0.0035835206333736727,75,0.003583520633398275,75,0.0035835206333613714,75,0.0035835206333993935,75
391,0.00035512683516511625,334,0.00035512683511608717,334,0.00035512683516511625,334,0.00035512683497880576,334,0.00035512683526317437,334,0.00035512683528768894,334
392,0.0017044683889288123,170,0.0017044683889628452,170,0.0017044683888182057,170,0.001704468388954337,170,0.0017044683889032876,170,0.001704468388716107,170
393,0.008978918586572859,41,0.00897891858656605,41,0.00897891858655584,41,0.0089789185865513,41,0.008978918586561512,41,0.008978918586634127,41
394,0.0006176694246082029,289,0.0006176694241253421,289,0.0006176694246653839,289,0.0006176694247924525,289,0.0006176694244112465,289,0.0006176694246463236,289
395,0.005427568650850383,58,0.0054275686508486465,58,0.005427568650885115,58,0.005427568650834754,58,0.005427568650899008,58,0.005427568650921584,58
396,0.002981945065396893,105,0.0029819450654949816,105,0.0029819450654132414,105,0.0029819450654731843,105,0.0029819450658491904,105,0.0029819450651789184,105
397,0.039824766734924466,17,0.03982476673492857,17,0.039824766734927124,17,0.03982476673493243,17,0.03982476673492519,17,0.03982476673492736,17
398,0.0525015370527446,0,0.05250153705274266,0,0.052501537052743005,0,0.05250153705274437,0,0.05250153705274448,0,0.05250153705274232,0
399,0.0015703192242513251,184,0.001570319224241283,184,0.0015703192243668072,184,0.001570319224241283,184,0.0015703192249090713,184,0.0015703192240705704,184
400,0.00014090461223652013,386,0.00014090461227108598,386,0.00014090461216738847,386,0.00014090461240070785,386,0.0001409046119945593,386,0.00014090461210689825,386
401,0.001854144551159896,148,0.0018541445511850794,148,0.0018541445512102628,148,0.0018541445511756356,148,0.0018541445511063809,148,0.0018541445510308304,148
402,0.03560877177873002,20,0.03560877177872935,20,0.035608771778728635,20,0.03560877177872903,20,0.03560877177872925,20,0.03560877177873002,20
403,0.0011176936064808808,235,0.0011176936063764405,235,0.0011176936061061248,235,0.0011176936064931679,235,0.0011176936066160385,235,0.0011176936063518664,235
404,3.493295931441639e-06,451,3.4932959790114083e-06,451,3.493296445195146e-06,451,3.493296597418407e-06,451,3.4932960170672234e-06,451,3.493295588939301e-06,451
405,0.00017946308175500949,370,0.00017946308170554276,370,0.0001794630816643205,370,0.00017946308142523137,370,0.00017946308221669885,370,0.00017946308153240925,370
406,4.897219015062638e-05,423,4.897219030269908e-05,423,4.8972189618371926e-05,423,4.8972190598396005e-05,423,4.897219066598387e-05,423,4.8972191139098945e-05,423
407,2.7807620986290462e-05,431,2.7807621141915958e-05,431,2.7807621132189366e-05,431,2.7807621132189366e-05,431,2.7807621103009583e-05,431,2.7807621083556397e-05,431
408,0.00030698670428986,342,0.0003069867041880983,342,0.00030698670426078525,342,0.0003069867042171731,342,0.000306986704028187,342,0.0003069867043480096,342
409,0.0005012161820332532,305,0.0005012161819170207,305,0.0005012161820332532,305,0.0005012161819574494,305,0.0005012161822000217,305,0.0005012161817553059,305
410,0.04676845139397868,11,0.04676845139397779,11,0.04676845139397779,11,0.046768451393979116,11,0.04676845139398132,11,0.04676845139397441,11
411,0.013988145165761648,34,0.013988145165761617,34,0.013988145165761344,34,0.013988145165761625,34,0.013988145165761552,34,0.01398814516576061,34
412,0.004105107158890885,64,0.00410510715888317,64,0.004105107158906987,64,0.0041051071588744485,64,0.004105107158899607,64,0.004105107158922081,64
413,0.0001365377809781809,389,0.00013653778093500145,389,0.00013653778091227543,389,0.00013653778102136035,389,0.00013653778106453978,389,0.00013653778094409186,389
414,0.0010457200324806377,248,0.00104572003248528,248,0.0010457200324504624,248,0.0010457200323924333,248,0.0010457200323529734,248,0.0010457200325711634,248
415,0.003429061863225282,79,0.003429061863219441,79,0.003429061863194132,79,0.0034290618632739534,79,0.003429061863174663,79,0.0034290618632720066,79
416,0.00047178532853245456,311,0.0004717853285736374,311,0.00047178532864227546,311,0.00047178532852559075,311,0.0004717853282990851,311,0.0004717853282716299,311
417,0.0010639417480825415,245,0.001063941747989879,245,0.001063941747982751,245,0.0010639417480967973,245,0.0010639417480967973,245,0.0010639417480076986,245
418,0.0017408488136500336,167,0.001740848813630834,167,0.0017408488135780358,167,0.001740848813347643,167,0.0017408488134484398,167,0.001740848813693232,167
419,0.001719169091916606,168,0.0017191690918291062,168,0.001719169091850981,168,0.0017191690918228562,168,0.0017191690918353562,168,0.001719169091950981,168
420,6.798495183600952e-05,413,6.798495162729977e-05,413,6.798495096141621e-05,413,6.798495120988022e-05,413,6.798495089184629e-05,413,6.79849510906175e-05,413
421,0.05189371132808383,4,0.05189371132808442,4,0.05189371132808586,4,0.051893711328083895,4,0.05189371132808364,4,0.051893711328081876,4
422,0.0011595309474541592,228,0.0011595309474225503,228,0.0011595309474927925,228,0.0011595309474892804,228,0.0011595309475560104,228,0.0011595309474506472,228
423,0.00029316371696146127,345,0.0002931637165302707,345,0.0002931637171298951,345,0.00029316371691429983,345,0.00029316371672565396,345,0.00029316371671891657,345
424,6.503595174548935e-05,415,6.50359518591632e-05,415,6.503595182127192e-05,415,6.503595167917961e-05,415,6.503595182127192e-05,415,6.50359525790976e-05,415
425,0.004397411699111734,63,0.004397411699109754,63,0.004397411699125097,63,0.004397411699102825,63,0.004397411699102825,63,0.004397411699125097,63
426,0.00035465003761457023,335,0.00035465003750595605,335,0.0003546500374867888,335,0.0003546500375187342,335,0.00035465003777429696,335,0.00035465003785735487,335
427,0.0022496612221332237,134,0.0022496612221331496,134,0.0022496612221332333,134,0.002249661222133151,134,0.002249661222133254,134,0.0022496612221331582,134
428,0.0006705180160031447,280,0.0006705180160653853,280,0.0006705180157853028,280,0.0006705180164823971,280,0.0006705180153994113,280,0.0006705180163890362,280
429,0.020175184789159327,30,0.0201751847891557,30,0.020175184789154053,30,0.020175184789162297,30,0.0201751847891801,30,0.020175184789154053,30
430,0.0009365785624652621,257,0.0009365785623944793,257,0.0009365785626721652,257,0.0009365785626122722,257,0.0009365785624598172,257,0.0009365785623618104,257
431,0.0005329967631071036,301,0.0005329967631473138,301,0.000532996763153058,301,0.0005329967631760353,301,0.0005329967630554049,301,0.0005329967630238112,301
432,9.729887440989549e-05,402,9.729887453733741e-05,402,9.729887434617453e-05,402,9.729887438258649e-05,402,9.729887461926437e-05,402,9.729887417321762e-05,402
433,0.011302203130896088,36,0.011302203130896088,36,0.011302203130897215,36,0.011302203130895522,36,0.01130220313089383,36,0.011302203130880855,36
434,0.049758581836810103,7,0.04975858183681044,7,0.049758581836808105,7,0.04975858183681027,7,0.04975858183681444,7,0.04975858183681361,7
435,0.041517249935174264,16,0.04151724993517412,16,0.04151724993517488,16,0.041517249935174055,16,0.04151724993517417,16,0.04151724993517265,16
436,0.0012056601848657975,222,0.0012056601850729065,222,0.0012056601848796048,222,0.0012056601849210265,222,0.001205660185010774,222,0.0012056601847484358,222
437,0.0033727948680883045,80,0.0033727948680894195,80,0.0033727948680966654,80,0.0033727948681083705,80,0.003372794868106698,80,0.003372794868086075,80
438,0.00022752849672811443,359,0.00022752849670577548,359,0.00022752849661641968,359,0.0002275284965717418,359,0.00022752849672532207,359,0.0002275284965717418,359
439,0.0016097928655634307,180,0.0016097928655699094,180,0.0016097928655490336,180,0.0016097928655706294,180,0.001609792865561991,180,0.0016097928655605513,180
440,0.0010304991019227153,251,0.0010304991019129761,251,0.001030499101935996,251,0.0010304991019120908,251,0.0010304991019271421,251,0.001030499101889071,251
441,0.0008581740412034472,263,0.0008581740410652175,263,0.0008581740411888968,263,0.0008581740410361165,263,0.0008581740411452453,263,0.0008581740411525205,263
442,0.006608470895692301,54,0.006608470895701138,54,0.00660847089569451,54,0.006608470895676836,54,0.006608470895699665,54,0.006608470895761525,54
443,0.001005098716161163,252,0.0010050987161354453,252,0.0010050987161654493,252,0.001005098716101155,252,0.0010050987164140536,252,0.0010050987162383161,252
444,0.03793268929904444,19,0.03793268929904375,19,0.037932689299041436,19,0.03793268929904051,19,0.03793268929903866,19,0.037932689299045134,19
445,0.0003389662047410954,336,0.00033896620464469253,336,0.00033896620461954397,336,0.0003389662046321182,336,0.00033896620474947823,336,0.00033896620472432967,336
446,0.04938227414199404,8,0.04938227414199456,8,0.049382274141994156,8,0.049382274141996446,8,0.049382274141993636,8,0.04938227414199264,8
447,0.006605172916966156,55,0.00660517291697356,55,0.006605172916977262,55,0.006605172916927287,55,0.006605172916919883,55,0.00660517291697356,55
448,0.003147340854015144,93,0.0031473408538088884,93,0.003147340853813277,93,0.0031473408539361525,93,0.0031473408542872254,93,0.0031473408541336312,93
449,0.017075262466872618,32,0.01707526246687247,32,0.01707526246687244,32,0.017075262466872642,32,0.017075262466873145,32,0.0170752624668738,32
450,0.0035633832517108694,77,0.0035633832517613334,77,0.0035633832517088506,77,0.0035633832516866466,77,0.003563383251735092,77,0.003563383251767389,77
451,0.0005463809937005534,299,0.0005463809937118724,299,0.000546380993808084,299,0.00054638099396655,299,0.0005463809939835285,299,0.0005463809940174855,299
452,0.0032162989121015256,89,0.0032162989121071444,89,0.003216298912077176,89,0.003216298912069684,89,0.003216298912150224,89,0.0032162989120640647,89
453,0.003865302705199199,68,0.0038653027052004164,68,0.0038653027051985906,68,0.0038653027052065023,68,0.003865302705190679,68,0.003865302705194939,68
454,6.51892914704459e-05,414,6.51892914704836e-05,414,6.518929147055691e-05,414,6.518929147032023e-05,414,6.518929147042913e-05,414,6.518929147037572e-05,414
455,0.0004813856591025945,307,0.0004813856591803037,307,0.00048138565911672347,307,0.0004813856589542407,307,0.00048138565892598287,307,0.00048138565883414476,307
456,0.002203955786852719,135,0.002203955786819408,135,0.0022039557868343976,135,0.002203955786852719,135,0.0022039557867111472,135,0.0022039557868310665,135
457,9.141502908564367e-05,404,9.141502910397905e-05,404,9.141502919565591e-05,404,9.141502882894848e-05,404,9.141502909481136e-05,404,9.141502877394238e-05,404
458,0.0026087814313592024,122,0.0026087814314286585,122,0.0026087814315096905,122,0.002608781431619663,122,0.0026087814316833307,122,0.002608781431561783,122
459,0.0010020205230783887,253,0.0010020205231374183,253,0.0010020205231256124,253,0.0010020205230594993,253,0.0010020205231681138,253,0.0010020205231138066,253
460,9.744216986616378e-05,401,9.74421700572693e-05,401,9.74421703288403e-05,401,9.74421699164547e-05,401,9.744216992651289e-05,401,9.744216997680382e-05,401
461,7.157909196991587e-05,411,7.157909219537811e-05,411,7.157909192294457e-05,411,7.157909204506994e-05,411,7.157909204506994e-05,411,7.157909211082977e-05,411
462,6.82115223267561e-05,412,6.821152239277924e-05,412,6.82115224422966e-05,412,6.821152272289499e-05,412,6.82115225825958e-05,412,6.821152160875435e-05,412
