figure,other_methods_max_error_pdf_points,rfm_points,median_max_error_pdf_points,IQR_max_error_pdf_points,sha256
figures/baselines/C1_energy_gap.pdf,7.063977562893342e-07,6,4.1172978626491386e-07,5.090661190365608e-07,ce706fe34efe456d19a4bad8a798572d267ba0cfdf5f46c4f0ea40e92b26ac45
figures/baselines/C1_relative_h1_error.pdf,6.000000070116585e-07,6,6.000000070116585e-07,6.000000070116585e-07,65299c57372f579d89b343d07f105ccb44d02b8e65255480b4d4777cfee97a9d
figures/baselines/C2_energy_gap.pdf,7.518277413964825e-07,6,3.4875830579039757e-07,8.172687842034065e-07,6010a70543b55be88364586ef5f7717e70d37d64cd1c4d851cf6f7fa9ca826e4
figures/baselines/C2_relative_h1_error.pdf,6.054337973182555e-07,6,6.000000070116585e-07,6.671945342873187e-07,f36c05e79730e4abdc7876a61b699058df38ab216f9351214f6e01dcbf7689c1
figures/baselines/C3_energy_gap.pdf,7.80335994932102e-07,7,7.725521697921067e-07,7.389487564068986e-07,323c4dc064546bc657f78a4f3242b483560411238b398d7979c4b8d285bfaed2
figures/baselines/C3_relative_h1_error.pdf,5.126526616550109e-07,7,1.626113146357966e-07,3.347305153056368e-07,656618edee321501aee0f30582f206a597277b15cea314d951a159a582f18497
figures/baselines/C4_energy_gap.pdf,6.378459715961071e-07,5,2.647980039682807e-07,4.374609687829434e-07,00a1c441acdf7cf86a704463401455b6f9b09964a3738498dcb4cf199ce3cab7
figures/baselines/C4_relative_w1p_error.pdf,6.252698483422137e-07,5,4.999999703159119e-07,5.530796727271081e-07,2a5cbc82e60d567657f66e05a9915699f8eae1fa5a71ba391ddf347ca394bec9
figures/baselines/C4_v_distance.pdf,1.0466843818335292e-06,5,7.500000265281415e-07,7.500000265281415e-07,a2e9655dc0e6312fcfe24c77d4f306652146ee66c87908412bf834125460850b
figures/baselines/C5_energy_gap.pdf,7.40200079007991e-07,7,7.821837897381556e-07,8.693510835655616e-07,cd709397db122845fab3bbeba6a65cb46b6bdd1f413967525225dfa704f357fb
figures/baselines/C5_relative_w1p_error.pdf,7.089321627518075e-07,7,5.80605771460796e-07,6.031845032339334e-07,05b0de0022e93ad95e328033d77f4cae8c0fd0e60dd05300076dc10c995fe8bb
figures/baselines/C5_v_distance.pdf,7.368355738890386e-07,7,3.498682303870737e-07,5.67067189649606e-07,a80c12a863e28c29f8cc9a5e1641e5c00d7ca975a4c064c129ac2471149b0a06
