schema_version,run_id,case_id,model,dim,method,variant,seed,timing_rep,config_hash,status,success,solver_status,stop_reason,target_width,final_width,final_energy_gap,final_h1_or_natural_error,attempted_iterations,accepted_atoms,rejected_attempts,score_evaluations,objective_evaluations,solver_iterations,total_wall_time_sec,total_cpu_time_sec,known_selection_time_sec,known_correction_time_sec,known_phase_time_sec,unattributed_remainder_sec,phase_coverage_ratio,peak_rss_bytes,failure_reason,run_dir,source_hash
cost-pilot-v1,C1_linear_d1_seed201_rep1,C1,linear,1,finite-pool CGA,smoke,201,1,e88a96962e7cce5c1350f71e4cffb805e9a3e8bdd33d130764755bca207971c4,completed,True,trusted_complete,target_reached,2,2,4.310456424511614,0.652649277995972,2,2,0,NA,4,2,0.043332334,0.014551,0.0012002910079900175,0.002128208987414837,0.0033284999954048544,0.040003834004595146,0.07681330978859469,104103936,,source_archive/revision_cost_campaign/pilot_20260908_final/runs/C1_linear_d1_seed201_rep1/solver/cost_pilot/linear_p4_k3_d1_neumann_stratified_breakpoint_exact-linear_seed0201_20260908T143143+0800,c846fb22c216396248789e357b8464ed27d9c7d4577aba93bb523bfeead2a667
cost-pilot-v1,C1_linear_d1_seed201_rep2,C1,linear,1,finite-pool CGA,smoke,201,2,6889e45fd42b62dca9905026e6e222855ad623c69e26fc40da68156a4b8dfbb3,completed,True,trusted_complete,target_reached,2,2,4.310456424511614,0.652649277995972,2,2,0,NA,4,2,0.0361145,0.013536,0.0007643749850103632,0.0009811670024646446,0.0017455419874750078,0.03436895801252499,0.04833354988924138,104103936,,source_archive/revision_cost_campaign/pilot_20260908_final/runs/C1_linear_d1_seed201_rep2/solver/cost_pilot/linear_p4_k3_d1_neumann_stratified_breakpoint_exact-linear_seed0201_20260908T143143+0800,e2af14b295f0ba7394d8188a3e19a4898b0f3bf49ddd4b16c67f20f3d0170b95
cost-pilot-v1,C1_linear_d1_seed202_rep1,C1,linear,1,finite-pool CGA,smoke,202,1,4c91d1e0da9a2dc86d5f815df57f554fd360dc484ce2ee3bb7246deea14a934d,completed,True,trusted_complete,target_reached,2,2,4.299448554288713,0.6518153905323577,2,2,0,NA,4,2,0.035417292,0.013286,0.0007046250102575868,0.0008592079975642264,0.0015638330078218132,0.03385345899217819,0.04415450531400913,104103936,,source_archive/revision_cost_campaign/pilot_20260908_final/runs/C1_linear_d1_seed202_rep1/solver/cost_pilot/linear_p4_k3_d1_neumann_stratified_breakpoint_exact-linear_seed0202_20260908T143143+0800,8ba18f39848984a13545d374ed3fe578b565b99b00683bcc2eb111ac45a0f2e1
cost-pilot-v1,C1_linear_d1_seed202_rep2,C1,linear,1,finite-pool CGA,smoke,202,2,516bb51d76a1a234a0b9cd6bfae3d832b7beb9de73b48601df95cd7c340265ed,completed,True,trusted_complete,target_reached,2,2,4.299448554288713,0.6518153905323577,2,2,0,NA,4,2,0.036079709,0.013573,0.0007557500066468492,0.0009265420085284859,0.0016822920151753351,0.034397416984824666,0.04662709489079679,104103936,,source_archive/revision_cost_campaign/pilot_20260908_final/runs/C1_linear_d1_seed202_rep2/solver/cost_pilot/linear_p4_k3_d1_neumann_stratified_breakpoint_exact-linear_seed0202_20260908T143143+0800,81caff809d23e07f3b81fec00fbbadc5784a4a7d614fd9ac3315627044e6cbc5
cost-pilot-v1,C2_cubic_d1_seed201_rep1,C2,cubic,1,finite-pool CGA,smoke,201,1,9d9efcb64be936e5e938bb1b5a2b79a550560971b7c750074bc439d368ce3f59,completed,True,trusted_complete,target_reached,2,2,4.309743722020871,0.6529420232412411,2,2,0,NA,12,10,0.038532958,0.015583,0.0007853330025682226,0.002311334013938904,0.0030966670165071264,0.03543629098349287,0.08036411366361042,104103936,,source_archive/revision_cost_campaign/pilot_20260908_final/runs/C2_cubic_d1_seed201_rep1/solver/cost_pilot/cubic_p4_k3_d1_neumann_stratified_breakpoint_lbfgs_seed0201_20260908T143143+0800,1531c45deaf4d794e7865329f86b96099b07fb9da2f515ad076d327f9653a553
cost-pilot-v1,C2_cubic_d1_seed201_rep2,C2,cubic,1,finite-pool CGA,smoke,201,2,0093b5bb93a94b8ee153d666820b45b7877d9db8f96f8e49c6a81bfabf5c39d3,completed,True,trusted_complete,target_reached,2,2,4.309743722020871,0.6529420232412411,2,2,0,NA,12,10,0.037471875,0.01472,0.0007706250034971163,0.0020275419956305996,0.002798166999127716,0.034673708000872286,0.07467379198739629,104103936,,source_archive/revision_cost_campaign/pilot_20260908_final/runs/C2_cubic_d1_seed201_rep2/solver/cost_pilot/cubic_p4_k3_d1_neumann_stratified_breakpoint_lbfgs_seed0201_20260908T143143+0800,f5f9aa2c9367b9acc2d02c605a75ffa6b9c759d1cd95b0a2d41d23a5b5ade149
cost-pilot-v1,C2_cubic_d1_seed202_rep1,C2,cubic,1,finite-pool CGA,smoke,202,1,79c4a7ed4d7065a9ae965c4fc186974e509c1cba64a907c793f0d9bdc7deb43c,completed,True,trusted_complete,target_reached,2,2,4.29893145770884,0.6521006827411964,2,2,0,NA,12,10,0.036498542,0.014264,0.0008150009962264448,0.0018840010015992448,0.0026990019978256896,0.03379954000217431,0.07394821409100916,104103936,,source_archive/revision_cost_campaign/pilot_20260908_final/runs/C2_cubic_d1_seed202_rep1/solver/cost_pilot/cubic_p4_k3_d1_neumann_stratified_breakpoint_lbfgs_seed0202_20260908T143143+0800,01a8bdda8f4eb0eb80179d4b0489f2e417aacb4aa74cab4228c9d7b49e3e44a6
cost-pilot-v1,C2_cubic_d1_seed202_rep2,C2,cubic,1,finite-pool CGA,smoke,202,2,df8dea35fa8dc9bc255d25c85bfb424e06418e98300053393092242d0015c7f9,completed,True,trusted_complete,target_reached,2,2,4.29893145770884,0.6521006827411964,2,2,0,NA,12,10,0.036215583,0.014861,0.0007124160038074479,0.0018253750022267923,0.00253779100603424,0.03367779199396576,0.07007455895530496,104103936,,source_archive/revision_cost_campaign/pilot_20260908_final/runs/C2_cubic_d1_seed202_rep2/solver/cost_pilot/cubic_p4_k3_d1_neumann_stratified_breakpoint_lbfgs_seed0202_20260908T143143+0800,7a4af0c821005d44e236e8c9817fa0a30dd15f8fd05596ece7b3fa0e50115123
cost-pilot-v1,C4_pure_p_d1_seed201_rep1,C4,pure_p,1,finite-pool CGA,smoke,201,1,083540c82ddb2783efd3ebe812296e0d6b5a0c1f5350c9197f8a362c8734dd8d,completed,True,trusted_complete,target_reached,2,2,63.58809169876753,0.6311122012108079,2,2,0,NA,19,14,0.037150708,0.015185,0.0007464999944204465,0.0023503749835072085,0.003096874977927655,0.03405383302207234,0.08335978355857054,104103936,,source_archive/revision_cost_campaign/pilot_20260908_final/runs/C4_pure_p_d1_seed201_rep1/solver/cost_pilot/pure_p_p4_k1_d1_neumann_stratified_breakpoint_lbfgs_seed0201_20260908T143143+0800,aaaf47c310f272fe58b69a1cf5671c30bed0b17ffce212f1c32ab277f8b50acd
cost-pilot-v1,C4_pure_p_d1_seed201_rep2,C4,pure_p,1,finite-pool CGA,smoke,201,2,15897a530eaa7b808edcf076aa79ab7efad938a48ecae7557f97fb5cc397916e,completed,True,trusted_complete,target_reached,2,2,63.58809169876753,0.6311122012108079,2,2,0,NA,19,14,0.035728667,0.014656,0.000671250993036665,0.0022263749997364357,0.0028976259927731007,0.0328310410072269,0.08110087042354815,104103936,,source_archive/revision_cost_campaign/pilot_20260908_final/runs/C4_pure_p_d1_seed201_rep2/solver/cost_pilot/pure_p_p4_k1_d1_neumann_stratified_breakpoint_lbfgs_seed0201_20260908T143143+0800,a419f8fa6a865a9d69a4c69ef5c8b25e178f607c3170fd85ea977ffe832a0f9a
cost-pilot-v1,C4_pure_p_d1_seed202_rep1,C4,pure_p,1,finite-pool CGA,smoke,202,1,4aff8a58c4145d7d1dc9882e781adc0642de437c2ca1218fe7c358835e981adf,completed,True,trusted_complete,target_reached,2,2,51.529102238376595,0.4864971299899034,2,2,0,NA,19,14,0.036200208,0.014758,0.0007257079996634275,0.002415833994746208,0.0031415419944096357,0.03305866600559036,0.08678242938299238,104120320,,source_archive/revision_cost_campaign/pilot_20260908_final/runs/C4_pure_p_d1_seed202_rep1/solver/cost_pilot/pure_p_p4_k1_d1_neumann_stratified_breakpoint_lbfgs_seed0202_20260908T143143+0800,14b82a6f79680d97d89dbf3d66012cb148bf8512945fa2e079feb63a8413db63
cost-pilot-v1,C4_pure_p_d1_seed202_rep2,C4,pure_p,1,finite-pool CGA,smoke,202,2,ae5f7e295b063e804a781bddc3674dcef955eace2d407c49437e69e6eda96ee7,completed,True,trusted_complete,target_reached,2,2,51.529102238376595,0.4864971299899034,2,2,0,NA,19,14,0.035725,0.015094,0.0006815419910708442,0.0024084579927148297,0.003089999983785674,0.032635000016214326,0.08649405133059969,104251392,,source_archive/revision_cost_campaign/pilot_20260908_final/runs/C4_pure_p_d1_seed202_rep2/solver/cost_pilot/pure_p_p4_k1_d1_neumann_stratified_breakpoint_lbfgs_seed0202_20260908T143143+0800,a526d2c0a9fcc292f2365286e593a5185d8dc861829d9a1614981707ec205751
