attempted_iteration,nominal_selected_count,accepted_atom_count,effective_rank,raw_winner_pool_index,nominal_pool_index,accepted_pool_index,candidate_score_rank,signed_score,dual_score_abs,atom_scale,innovation_abs,innovation_rel,rejected_candidate_count,oracle_pool_index,oracle_score,oracle_ratio,raw_oracle_pool_index,raw_oracle_score,raw_oracle_ratio,admissible_oracle_pool_index,admissible_oracle_score,admissible_oracle_ratio,coverage_warning,coverage_warning_streak,remaining_candidate_count,train_energy,validation_energy,accepted,rollback,acceptance_reason,method_chain,optimizer_success,projected_residual_abs,projected_residual_rel,projected_residual_target,energy_decrease,condition_estimate,zero_mean_residual,compatibility_residual,train_validation_gap,train_energy_drop,validation_energy_drop,train_validation_drop_gap,energy_drop_scale,energy_drop_gap_limit,quadrature_warning,quadrature_warning_streak,quadrature_warning_reason,trusted,elapsed_selection_s,elapsed_projection_s,energy_gap_raw,energy_gap_status,bregman_gap,l2_abs,l2_rel,natural_abs,natural_rel,w1p_full_abs,w1p_full_rel,quasi_abs,quasi_rel,elapsed_total_s
1,1,1,1,218,218,218,1,46.226510538103376,46.226510538103376,1.3700690157639264,0.7692676400024543,1.0,0,206,46.226782154043214,0.9999941242732636,206,46.226782154043214,0.9999941242732628,206,46.226782154043214,0.9999941242732636,False,0,231,-124.42741499473775,-124.42741499473773,True,False,accepted,L-BFGS-B,True,1.4750351368775227e-05,2.454645149413055e-07,6.009158438956763e-05,124.42741499473775,1.0,1.2782743613604097e-16,1.7985612998927536e-14,1.4210854715202004e-14,124.42741499473775,124.42741499473773,1.4210854715202004e-14,124.42741499473775,2.488548299994755,False,0,none,True,0.10525441699996918,0.0037053750002087327,313.91349465827324,ok,313.91349465827324,0.6833002786466293,0.9663325212353782,4.473807362578125,0.9098914720147355,4.475315007097081,0.9100521569407212,22.539342838424098,0.9323218852571152,0.32684995800013894
2,2,2,2,39,39,39,1,46.92454129230746,46.92454129230746,1.5850636568495702,0.7760310055541633,0.9909344623162488,0,732,46.92480200384956,0.9999944440566403,732,46.92480200384956,0.999994444056639,732,46.92480200384956,0.9999944440566403,False,0,230,-252.2868136805332,-252.2868136805332,True,False,accepted,L-BFGS-B,True,1.767734278514507e-05,2.9234524564268403e-07,6.046735269673674e-05,127.85939868579547,1.008791953801264,-3.0249240612345574e-17,1.7985612998927536e-14,0.0,127.85939868579547,127.85939868579548,-1.4210854715202004e-14,127.85939868579548,2.5571879738159096,False,0,none,True,0.10329158299987284,0.004461250000076689,186.05409597247774,ok,186.0540959724778,0.2840209302883318,0.4016662516115822,3.332152616843053,0.6776995529306573,3.332226382753828,0.6776058896928762,21.55333929112853,0.8915366373164489,0.43826145800017
3,3,3,3,183,183,183,1,-31.747558664928075,31.747558664928075,0.06383352090184846,0.36146407746832726,0.672118892556415,0,562,31.7485963232157,0.9999673164042573,562,31.7485963232157,0.9999673164042606,562,31.7485963232157,0.9999673164042573,False,0,229,-329.45024943960857,-329.45024943960857,True,False,accepted,L-BFGS-B,True,1.9010054266065627e-06,2.164403023488085e-08,8.78304746214497e-05,77.16343575907536,2.1469104509345383,7.827939685345342e-17,1.7985612998927536e-14,0.0,77.16343575907536,77.16343575907536,0.0,77.16343575907536,1.5432687152815072,False,0,none,True,0.1072517909999533,0.00893670799996471,108.89066021340238,ok,108.89066021340244,0.2925423390838593,0.4137173435007425,2.9063366271402784,0.5910962850030023,2.906486197984219,0.5910319227583696,16.517051897958172,0.6832146382787199,0.5590315420001843
4,4,4,4,195,195,195,1,-32.92997895958747,32.92997895958747,0.06552890129156405,0.36746277379130554,0.6812572906790091,0,131,32.93242731781238,0.9999256550936473,131,32.93242731781238,0.9999256550936466,131,32.93242731781238,0.9999256550936473,False,0,228,-407.63139537258814,-407.63139537258814,True,False,accepted,L-BFGS-B,True,9.325305095790856e-07,1.0406027129358232e-08,8.961446173383408e-05,78.18114593297958,2.1469104509345383,1.8214596497756474e-17,1.7985612998927536e-14,0.0,78.18114593297958,78.18114593297958,0.0,78.18114593297958,1.5636229187595916,False,0,none,True,0.11189662500009945,0.007907790999979625,30.70951428042281,ok,30.709514280422795,0.09630781081518458,0.13619981221729627,1.8097434718197083,0.36806907810044026,1.8097513167569892,0.3680116565491367,8.861490337860841,0.36654845871982733,0.6852133330000925
5,5,5,5,34,34,34,1,-3.732741773553112,3.732741773553112,0.20750154762111278,0.10541437752302876,0.1714193838815202,0,20,3.7341849349192615,0.9996135270771798,20,3.7341849349192615,0.9996135270771661,20,3.7341849349192615,0.9996135270771798,False,0,227,-421.34614111868297,-421.34614111868297,True,False,accepted,L-BFGS-B,True,4.349245473893801e-07,1.2282473394187095e-08,3.541017722681895e-05,13.71474574609482,7.361718807139301,8.59772322781005e-17,1.7985612998927536e-14,0.0,13.71474574609482,13.71474574609482,0.0,13.71474574609482,0.2742949150218964,False,0,none,True,0.11034558400001515,0.010045792000028086,16.99476853432799,ok,16.99476853432801,0.1265046241781247,0.17890455521561527,1.580615764489926,0.3214686480851623,1.5806415442524233,0.3214223455591103,6.594913213184041,0.2727933091971505,0.8118350419999842
6,6,6,6,63,63,63,1,-4.1154037428217265,4.1154037428217265,0.23860845633559,0.10320165636846372,0.16514086219909627,0,229,4.115519244001995,0.9999719352107423,229,4.115519244001995,0.9999719352107442,229,4.115519244001995,0.9999719352107423,False,0,226,-438.19134068037505,-438.19134068037505,True,False,accepted,L-BFGS-B,True,6.488051488921859e-07,1.627003574181975e-08,3.987730423323919e-05,16.845199561692084,7.519559596829322,7.654467337747661e-17,1.7985612998927536e-14,0.0,16.845199561692084,16.845199561692084,0.0,16.845199561692084,0.3369039913338417,False,0,none,True,0.11363687499988373,0.011761624999962805,0.14956897263590463,ok,0.14956897263594487,0.01909583076887489,0.02700558285812431,0.2289626718727827,0.046566864789345325,0.22896588702457235,0.046560051978937145,0.6240626567381633,0.025813852551939288,0.941345124999998
7,7,7,7,99,99,99,1,0.08774625722509988,0.08774625722509988,0.01993040942346546,0.10330276842031012,0.2188667747237947,0,668,0.08776820175766437,0.9997499717195405,668,0.08776820175766437,0.9997499717195467,668,0.08776820175766437,0.9997499717195405,False,0,225,-438.2140922806646,-438.21409228066454,True,False,accepted,L-BFGS-B,True,6.742498749865518e-07,7.937887037669947e-07,8.494082437499289e-07,0.022751600289552698,7.519559596829322,6.223320470066795e-17,1.7985612998927536e-14,5.684341886080802e-14,0.022751600289552698,0.022751600289495855,5.684341886080802e-14,0.022751600289552698,0.00045503210579105394,False,0,none,True,0.1089464169999701,0.011881624999887208,0.12681737234640877,ok,0.12681737234641832,0.018156519910065155,0.025677196702311268,0.17515341840980134,0.03562303621706822,0.17515917647034002,0.0356184952572067,0.5749677406304984,0.02378308062259947,1.0691176249999899
8,8,8,8,137,137,137,1,-0.05806327808327438,0.05806327808327438,0.446606367757162,0.027519784641469106,0.040933598786554365,0,495,0.05807152254715883,0.9998580291419472,495,0.05807152254715883,0.9998580291410134,495,0.05807152254715883,0.9998580291419472,False,0,224,-438.3161876105139,-438.3161876105139,True,False,accepted,L-BFGS-B,True,6.465521376873132e-07,3.064415389157182e-07,2.109872070270068e-06,0.10209532984936232,28.199021746150407,6.049848122469115e-17,1.7985612998927536e-14,0.0,0.10209532984930547,0.10209532984936232,-5.684341886080802e-14,0.10209532984936232,0.0020419066969872466,False,0,none,True,0.11068520900016665,0.01513716700014811,0.02472204249704646,ok,0.024722042497096017,0.004816982128447085,0.006812241455758684,0.17566965188798347,0.03572802876621002,0.17566968314693385,0.035722306430594514,0.25412326012813186,0.010511605359072192,1.202922042000182
9,9,9,9,28,28,28,1,0.053325209709057075,0.053325209709057075,0.01489045964603297,0.11886623616194263,0.2601728114528418,0,165,0.05338805334898854,0.9988228894670375,165,0.05338805334898854,0.998822889466997,165,0.05338805334898854,0.9988228894670375,False,0,223,-438.3246908965333,-438.3246908965333,True,False,accepted,L-BFGS-B,True,2.846791363030596e-07,6.345738095050834e-07,4.4861569546794955e-07,0.008503286019390544,28.199021746150407,2.2768245622195593e-17,1.7985612998927536e-14,0.0,0.008503286019390544,0.008503286019390544,0.0,0.008503286019390544,0.00017006582038781089,False,0,none,True,0.10579608300008658,0.021831250000104774,0.016218756477655916,ok,0.016218756477697726,0.005595708671677762,0.007913527094575426,0.08158071802460128,0.016592041989185506,0.08158123961818503,0.016589487659011748,0.2065253509405511,0.008542755923390733,1.3358109580001383
10,10,10,10,37,37,37,1,0.004770882411548438,0.004770882411548438,0.03227994220919054,0.01942497842717012,0.03899452024390115,0,282,0.0047753431370010915,0.9990658837857975,282,0.0047753431370010915,0.9990658837846474,282,0.0047753431370010915,0.9990658837857975,False,0,222,-438.32526519430223,-438.32526519430223,True,False,accepted,L-BFGS-B>Newton-CG,True,6.207090027621173e-14,2.5272905512727876e-13,2.4560354951672153e-07,0.0005742977689351392,39.95016048350986,2.5695591487906455e-17,1.7985612998927536e-14,0.0,0.0005742977689351392,0.0005742977689351392,0.0,0.0005742977689351392,1.1486055378702785e-05,False,0,none,True,0.11425991600003726,0.029892375000144966,0.015644458708720776,ok,0.015644458708770462,0.005878624717898944,0.008313630804154397,0.08389927975014122,0.017063595493937406,0.08389985858125046,0.017060977193293726,0.20268933211588003,0.008384082073485835,1.4857647920000545
11,11,11,11,135,135,135,1,-0.004719664524685641,0.004719664524685641,0.36468892681832044,0.007970307260285633,0.012140520378813373,0,525,0.004729801234170395,0.9978568423950837,525,0.004729801234170395,0.997856842377359,525,0.004729801234170395,0.9978568423950837,False,0,221,-438.33140237445997,-438.33140237446,True,False,accepted,L-BFGS-B>Newton-CG,True,8.384705353994055e-14,1.4159624610827615e-13,5.921569069851625e-07,0.006137180157736566,97.36525584414578,1.702197410802242e-17,1.7985612998927536e-14,-5.684341886080802e-14,0.006137180157736566,0.006137180157793409,-5.684341886080802e-14,0.006137180157793409,0.0001227437031558682,False,0,none,True,0.11377120799988916,0.04218504200002826,0.009507278550927367,ok,0.0095072785510002,0.004081858555597761,0.005772619729015006,0.05532747724428273,0.011252607819852925,0.055327932726722796,0.011250896179861455,0.1589111974366263,0.006573234554558994,1.6493109170000935
12,12,12,12,178,178,178,1,-0.010396047363897765,0.010396047363897765,0.1183849267557318,0.011482265475611412,0.019909197264464374,0,157,0.010436220954235664,0.9961505615381213,157,0.010436220954235664,0.9961505615330855,157,0.010436220954235664,0.9961505615381213,False,0,220,-438.33837525046897,-438.33837525046897,True,False,accepted,L-BFGS-B,True,8.46324469559891e-07,9.347516318304562e-07,9.054013659802072e-07,0.0069728760090015385,97.36525584414578,-3.968179951296946e-17,1.7985612998927536e-14,0.0,0.0069728760090015385,0.006972876008944695,5.684341886080802e-14,0.0069728760090015385,0.0001394576201800308,False,0,none,True,0.11442704199998843,0.021219624999957887,0.002534402541982672,ok,0.0025344025419876907,0.0014682517996028569,0.002076421607977064,0.030146733155265858,0.00613130007262383,0.030146781481681748,0.006130326796821595,0.08216967763861897,0.0033988829805812995,1.7927357920000304
13,13,13,13,22,22,22,1,-0.0037513066066434675,0.0037513066066434675,0.10884234898998912,0.00867828646218777,0.015191717635238727,0,661,0.0037549172201570453,0.9990384305959675,661,0.0037549172201570453,0.999038430602716,661,0.0037549172201570453,0.9990384305959675,False,0,219,-438.3396310637517,-438.3396310637517,True,False,accepted,L-BFGS-B>Newton-CG,True,4.920380186655585e-14,1.138248572943809e-13,4.3227742042459963e-07,0.001255813282739382,97.36525584414578,2.3635607360183997e-17,1.7985612998927536e-14,0.0,0.001255813282739382,0.001255813282739382,0.0,0.001255813282739382,2.511636565478764e-05,False,0,none,True,0.11056154199991397,0.4736268750000363,0.0012785892592432901,ok,0.0012785892593097535,0.0022211300747253405,0.0031411522754713423,0.03122935160712945,0.0063514850776904795,0.031229564720578945,0.006350510006382262,0.05838448978595958,0.0024150277129741937,2.3828630830000748
14,14,14,14,208,208,208,1,0.001758115201928992,0.001758115201928992,0.0038663065542425975,0.0832914810661702,0.21185381656067417,0,598,0.0017573094218451145,1.0004585305660236,598,0.0017573094218451145,1.0004585305660607,598,0.0017573094218451145,1.0004585305660236,False,0,218,-438.33967142066416,-438.3396714206642,True,False,accepted,L-BFGS-B>Newton-CG,True,7.328075158875232e-13,3.47170784191842e-11,2.1108983426467803e-08,4.0356912506922527e-05,97.36525584414578,3.903127820947816e-17,1.7985612998927536e-14,-5.684341886080802e-14,4.035691245007911e-05,4.0356912506922527e-05,-5.684341886080802e-14,4.0356912506922527e-05,8.072382501384505e-07,False,0,none,True,0.11428516699993452,0.040460790999986784,0.0012382323467363676,ok,0.0012382323468399764,0.002224724213245022,0.0031462351549109233,0.029503759722377242,0.006000530909827278,0.029504012894083782,0.005999620256917782,0.057463778234342996,0.0023769432162018293,2.548790457999985
15,15,15,15,61,61,61,1,0.0009501408910570497,0.0009501408910570497,0.032946877190776325,0.011686993442475677,0.023407276119433943,0,149,0.0009534843138771906,0.9964934684593337,149,0.0009534843138771906,0.9964934684569817,149,0.0009534843138771906,0.9964934684593337,False,0,217,-438.3397264636754,-438.3397264636754,True,False,accepted,L-BFGS-B>Newton-CG,True,1.7091103694030154e-13,2.1022526090879726e-12,8.13000009865886e-08,5.504301122982724e-05,97.36525584414578,-3.404394821604484e-17,1.7985612998927536e-14,0.0,5.504301122982724e-05,5.5043011172983825e-05,5.684341886080802e-14,5.504301122982724e-05,1.1009602245965448e-06,False,0,none,True,0.11233420899998237,0.04955004199996438,0.0011831893355633838,ok,0.0011831893355891327,0.002263788113650493,0.003201479852663533,0.030630207342885626,0.00622962997478595,0.03063045046832656,0.0062286805448468,0.0561667803044211,0.0023232939344162962,2.719393167000135
16,16,16,16,26,26,26,1,0.0009497756718599287,0.0009497756718599287,0.0027763268061604626,0.1222722049548214,0.3226729985251914,0,363,0.0009503234722199846,0.9994235643167098,363,0.0009503234722199846,0.9994235643169329,363,0.0009503234722199846,0.9994235643167098,False,0,216,-438.33973610123303,-438.339736101233,True,False,accepted,L-BFGS-B>Newton-CG,True,8.44441941120411e-14,1.0871175284603526e-11,7.768715256292162e-09,9.63755763905283e-06,97.36525584414578,1.0636023312082798e-16,1.7985612998927536e-14,5.684341886080802e-14,9.63755763905283e-06,9.63755758220941e-06,5.684341886080802e-14,9.63755763905283e-06,1.928511527810566e-07,False,0,none,True,0.1133282920000056,0.07232775000011316,0.0011735517779811744,ok,0.0011735517780075346,0.0022593288628227274,0.003195173519664883,0.02969859817028682,0.006040157524879239,0.029698862011325978,0.006039242687773051,0.05594145985732347,0.002313973734376261,2.9120414170001823
17,17,17,17,93,93,93,1,-0.0008421287148365764,0.0008421287148365764,0.1608514523875496,0.0029364789933121905,0.004916693057260607,0,304,0.0008449776171375898,0.9966284286787805,304,0.0008449776171375898,0.996628428682844,304,0.0008449776171375898,0.9966284286787805,False,0,215,-438.34048011038965,-438.34048011038965,True,False,accepted,L-BFGS-B>Newton-CG,True,5.954329185481469e-14,2.0762577341221576e-13,2.867827943613325e-07,0.000744009156676384,264.2726228662178,-1.3639263329867646e-16,1.7985612998927536e-14,0.0,0.0007440091566195406,0.000744009156676384,-5.684341886080802e-14,0.000744009156676384,1.488028313352768e-05,False,0,none,True,0.11192116699999133,0.05306037499985905,0.0004295426213047904,ok,0.00042954262136907895,0.001433797608790786,0.0020276960240500426,0.021249765487700356,0.004321817823740496,0.02124988134350011,0.004321148415411903,0.033883795920870305,0.0014015761115607531,3.0838994580001327
18,18,18,18,210,210,210,1,-0.00017290186519858253,0.00017290186519858253,0.27419220995347315,0.002270234942382669,0.0035748210756717112,0,611,0.0001738220824950989,0.9947059816376189,611,0.0001738220824950989,0.9947059816936002,611,0.0001738220824950989,0.9947059816376189,False,0,214,-438.34069797266795,-438.34069797266807,True,False,accepted,L-BFGS-B>Newton-CG,True,4.5626469323095164e-14,5.990843699372966e-13,7.616134003335903e-08,0.00021786227830489224,341.8285002431066,-3.2851325826310784e-17,1.7985612998927536e-14,-1.1368683772161603e-13,0.00021786227830489224,0.00021786227841857908,-1.1368683772161603e-13,0.00021786227841857908,4.357345568371582e-06,False,0,none,True,0.11109837499998321,0.07556945800001813,0.0002116803428862113,ok,0.0002116803430257887,0.0003521614669105896,0.0004980315226501597,0.006154889286801308,0.0012517931192343715,0.006154907733813177,0.0012515961558114074,0.02375888287220525,0.0009827671831343478,3.2760807500001192
19,19,19,19,44,44,44,1,-0.00034045745935529226,0.00034045745935529226,0.14249942548500938,0.0022158114626297564,0.003761741640993228,0,411,0.0003435450461488531,0.9910125707584122,411,0.0003435450461488531,0.9910125706434457,411,0.0003435450461488531,0.9910125707584122,False,0,213,-438.34086088576396,-438.3408608857639,True,False,accepted,L-BFGS-B>Newton-CG,True,6.039521454821905e-14,3.9307233548261957e-13,1.536501100908055e-07,0.0001629130959486247,350.22429418844087,3.404394821604484e-17,1.7985612998927536e-14,5.684341886080802e-14,0.0001629130960054681,0.00016291309583493785,1.7053025658242404e-13,0.0001629130960054681,3.258361920109362e-06,False,0,none,True,0.1136061670001709,0.08746154100003878,4.8767247051273444e-05,ok,4.8767247039206544e-05,0.00013072462626492477,0.0001848725394000107,0.0034424431803046504,0.0007001306580284811,0.003442445310312883,0.0007000188310392942,0.011403684600888147,0.000471704290679352,3.4851535420000346
20,20,20,20,46,46,46,1,0.00014673963659006528,0.00014673963659006528,0.00798431980752787,0.012637825977388507,0.029651697268010473,0,285,0.00014731023005405303,0.9961265862949342,285,0.00014731023005405303,0.9961265862939905,285,0.00014731023005405303,0.9961265862949342,False,0,212,-438.3408637352711,-438.3408637352711,True,False,accepted,L-BFGS-B>Newton-CG,True,4.201991109615518e-14,3.6189289846490203e-12,1.1612145527971849e-08,2.8495071546785766e-06,350.22429418844087,2.883977778811442e-17,1.7985612998927536e-14,0.0,2.8495071546785766e-06,2.8495072115219955e-06,-5.684341886080802e-14,2.8495072115219955e-06,5.709014423043991e-08,False,0,none,True,0.11700199999995675,0.04125945900000261,4.591773983975145e-05,ok,4.5917739881337107e-05,0.00012963426072381575,0.00018333052966383004,0.0029309130875768757,0.00059609469238876,0.0029309163665361348,0.0005959997803393084,0.011065387839171844,0.00045771091576506486,3.6519358330001523
21,21,21,21,174,174,174,1,0.00010403882427345579,0.00010403882427345579,0.05090700318976916,0.0025061544464317926,0.0047802458837369055,0,58,0.00010892631275785883,0.955130322870032,58,0.00010892631275785883,0.9551303228753406,58,0.00010892631275785883,0.955130322870032,False,0,211,-438.3408724028058,-438.34087240280576,True,False,accepted,L-BFGS-B>Newton-CG,True,7.75933426844063e-14,1.869118592428247e-12,4.151433307513766e-08,8.66753470063486e-06,350.22429418844087,-3.707971429900425e-17,1.7985612998927536e-14,5.684341886080802e-14,8.66753470063486e-06,8.667534643791441e-06,5.684341886080802e-14,8.66753470063486e-06,1.7345069401269722e-07,False,0,none,True,0.10997704200008229,0.07508608299986008,3.725020519596001e-05,ok,3.725020521425605e-05,0.0001261388447981537,0.00017838726505562386,0.0033354865291767527,0.0006783776103781577,0.003335488513928327,0.0006782692417713038,0.009966362291243059,0.00041225060318470305,3.84389299999998
22,22,22,22,38,38,38,1,-9.763297298504003e-05,9.763297298504003e-05,0.008754790792596293,0.020878744532728102,0.048486930302797285,0,128,9.754460521485553e-05,1.0009059216549174,128,9.754460521485553e-05,1.0009059216600764,128,9.754460521485553e-05,1.0009059216549174,False,0,210,-438.3408728490633,-438.34087284906326,True,False,accepted,L-BFGS-B>Newton-CG,True,1.182922169580645e-13,2.5296709731903907e-11,4.677189837007766e-09,4.46257558905927e-07,350.22429418844087,-5.919743861770854e-17,1.7985612998927536e-14,5.684341886080802e-14,4.4625750206250814e-07,4.4625750206250814e-07,0.0,4.4625750206250814e-07,9.025150041250162e-09,False,0,none,True,0.1114134169999943,0.10416112500001873,3.68039476938975e-05,ok,3.680394772448073e-05,0.00012701309924953333,0.00017962364755773,0.0027167428904527214,0.0005525363493199417,0.0027167466332130696,0.0005524485158019545,0.009906537272754002,0.0004097759891543341,4.070576083000105
23,23,23,23,102,102,102,1,6.714320497946957e-05,6.714320497946957e-05,0.045126973366647734,0.0027357365498124663,0.0052892997330799595,0,756,6.881488624978853e-05,0.9757075632697991,756,6.881488624978853e-05,0.9757075634070315,756,6.881488624978853e-05,0.9757075632697991,False,0,209,-438.34087596036943,-438.3408759603694,True,False,accepted,L-BFGS-B>Newton-CG,True,5.889010436096586e-14,2.3994656054385093e-12,2.454400833797679e-08,3.111306114078616e-06,350.22429418844087,-2.6237692574149207e-17,1.7985612998927536e-14,5.684341886080802e-14,3.111306114078616e-06,3.111306114078616e-06,0.0,3.111306114078616e-06,6.232612228157231e-08,False,0,none,True,0.11339983300013046,0.14469704099997216,3.369264157981888e-05,ok,3.369264160932879e-05,0.00012461525272380595,0.00017623258048055714,0.002694418713005464,0.000547996015543188,0.0026944222713742236,0.0005479088725340396,0.009478531494514223,0.00039207187253789114,4.338521708000144
24,24,24,24,138,138,138,1,4.6556320507873394e-05,4.6556320507873394e-05,0.02280938110910364,0.0027234658979517715,0.005683834562068862,0,655,4.700433334903572e-05,0.9904686906665486,655,4.700433334903572e-05,0.9904686906825596,655,4.700433334903572e-05,0.9904686906665486,False,0,208,-438.34087807141873,-438.3408780714187,True,False,accepted,L-BFGS-B>Newton-CG,True,6.172525824290242e-14,3.610823064749402e-12,1.7095512009046963e-08,2.111049354880379e-06,350.22429418844087,-6.093216209368535e-17,1.7985612998927536e-14,5.684341886080802e-14,2.11104929803696e-06,2.11104929803696e-06,0.0,2.11104929803696e-06,4.2320985960739203e-08,False,0,none,True,0.10461479200012036,0.08043462500017995,3.158159228178192e-05,ok,3.158159229192403e-05,0.0001241548894612602,0.0001755815285110466,0.0026922139935403747,0.0005475476154944398,0.002692217506938748,0.0005474605352378116,0.009176766309578173,0.0003795895970722143,4.528902958000117
25,25,25,25,104,104,104,1,-3.645776489147323e-05,3.645776489147323e-05,0.08803771371842327,0.001530857696560639,0.00274504757202384,0,412,3.723356861261307e-05,0.9791638634155247,412,3.723356861261307e-05,0.9791638638738731,412,3.723356861261307e-05,0.9791638634155247,False,0,207,-438.34088068246,-438.34088068246,True,False,accepted,L-BFGS-B>Newton-CG,True,4.501539434529864e-14,1.890191652905357e-12,2.3816254011997578e-08,2.611041281852522e-06,506.9256321457334,-2.7755575615628914e-17,1.7985612998927536e-14,0.0,2.611041281852522e-06,2.611041338695941e-06,-5.684341886080802e-14,2.611041338695941e-06,5.232082677391882e-08,False,0,none,True,0.10142958300002647,0.07193354099990756,2.8970550943085982e-05,ok,2.8970550973284912e-05,0.00012143542927016723,0.0001717356310264692,0.0026430305083967255,0.0005375445845033198,0.002643033885056887,0.0005374590803438514,0.008789242033227463,0.0003635599653966062,4.71292225000002
26,26,26,26,199,199,199,1,-3.307902312243982e-05,3.307902312243982e-05,0.19604140797687888,0.0007926520971131745,0.001297416723959835,0,180,3.314799473469217e-05,0.9979192825145418,180,3.314799473469217e-05,0.9979192820117088,180,3.314799473469217e-05,0.9979192825145418,False,0,206,-438.3409001546804,-438.3409001546804,True,False,accepted,L-BFGS-B>Newton-CG,True,6.381728148480718e-14,1.5292139008359148e-12,4.1733083032937846e-08,1.94722204014397e-05,979.0310381823942,-5.833007687972014e-17,1.7985612998927536e-14,0.0,1.94722204014397e-05,1.94722204014397e-05,0.0,1.94722204014397e-05,3.89544408028794e-07,False,0,none,True,0.10708991599994988,0.10141700000008314,9.498330541646283e-06,ok,9.498330584892939e-06,7.739145312400356e-05,0.00010944804261972746,0.0022804154603900586,0.0004637952446087775,0.002280416267638065,0.000463721043054101,0.005032985678871534,0.0002081854262670974,4.927094957999998
27,27,27,27,51,51,51,1,1.8799830058452427e-05,1.8799830058452427e-05,0.005497808486657053,0.008376231563017932,0.0204865916315825,0,676,1.9344635767773574e-05,0.9718368587622237,676,1.9344635767773574e-05,0.9718368587622878,676,1.9344635767773574e-05,0.9718368587622237,False,0,205,-438.34090029039737,-438.34090029039737,True,False,accepted,L-BFGS-B>Newton-CG,True,7.350845966285697e-14,3.2751566267827275e-11,2.245425779876862e-09,1.3571695944847306e-07,979.0310381823942,-8.998878031629687e-17,1.7985612998927536e-14,0.0,1.3571695944847306e-07,1.3571695944847306e-07,0.0,1.3571695944847306e-07,2.8143391889694615e-09,False,0,none,True,0.10416262500007178,0.08950754200009214,9.36261358219781e-06,ok,9.362613632470506e-06,7.758912211090092e-05,0.00010972758878185826,0.0027738236271233375,0.0005641455383850209,0.0027738240849873347,0.0005640551754488121,0.0049968567350442425,0.00020669098140848398,5.128783167000165
28,28,28,28,179,179,179,1,2.7801920223995136e-05,2.7801920223995136e-05,0.0008016593978358729,0.059905441140624155,0.1815014318216407,0,686,2.8425167208572153e-05,0.9780741136893272,686,2.8425167208572153e-05,0.978074113690235,686,2.8425167208572153e-05,0.9780741136893272,False,0,204,-438.34090035685574,-438.3409003568557,True,False,accepted,L-BFGS-B>Newton-CG,True,7.936170070386731e-14,1.7100249373669958e-10,4.650967448466815e-10,6.645836947427597e-08,979.0310381823942,-3.2742905609062234e-17,1.7985612998927536e-14,5.684341886080802e-14,6.645836947427597e-08,6.645831263085711e-08,5.684341886080802e-14,6.645836947427597e-08,1.4291673894855194e-09,False,0,none,True,0.11497895799993785,0.11225275000015245,9.296155269566952e-06,ok,9.296155258080684e-06,7.727666145327733e-05,0.00010928570268213896,0.0020453397990415527,0.00041598510836366907,0.0020453409059526936,0.00041591863370277383,0.004979156052496904,0.0002059588068352866,5.3642253330001495
29,29,29,29,17,17,17,1,-1.8663630969584233e-05,1.8663630969584233e-05,0.16667239093177846,0.0006571346239432669,0.0010958069348383764,0,218,1.8873792530919398e-05,0.9888649003113246,218,1.8873792530919398e-05,0.988864900924913,218,1.8873792530919398e-05,0.9888649003113246,False,0,203,-438.3409065878094,-438.3409065878094,True,False,accepted,L-BFGS-B>Newton-CG,True,3.57925260648803e-14,1.2602321697328422e-12,2.8402533403537848e-08,6.230953658814542e-06,1180.9315432162666,8.088148206741863e-17,1.7985612998927536e-14,0.0,6.230953658814542e-06,6.230953715657961e-06,-5.684341886080802e-14,6.230953715657961e-06,1.2471907431315922e-07,False,0,none,True,0.1103678750000654,0.11917779100008374,3.0652015539089916e-06,ok,3.0652015911549683e-06,3.2948681044993306e-05,4.659647159613485e-05,0.0014015876140937294,0.00028505756148839865,0.001401587731220714,0.0002850118786982168,0.0028590670394830413,0.00011826302086248753,5.604533000000174
30,30,30,30,140,140,140,1,1.2064833611491466e-05,1.2064833611491466e-05,0.012789320338467679,0.0030312607889302124,0.006748326535097794,0,132,1.2696680225716532e-05,0.9502352896196211,132,1.2696680225716532e-05,0.950235289752551,132,1.2696680225716532e-05,0.9502352896196211,False,0,202,-438.3409067577643,-438.3409067577643,True,False,accepted,L-BFGS-B>Newton-CG,True,7.327250067335265e-14,1.840954173063673e-11,3.98113713461505e-09,1.6995488749671495e-07,1180.9315432162666,8.326672684688674e-17,1.7985612998927536e-14,0.0,1.6995488749671495e-07,1.6995488749671495e-07,0.0,1.6995488749671495e-07,3.499097749934299e-09,False,0,none,True,0.10845825000001241,0.12217099999998027,2.8952466664122767e-06,ok,2.8952467083406363e-06,3.290270859210899e-05,4.6531456729770295e-05,0.001400066838115389,0.00028474826317012255,0.0014000669548376123,0.00028470262989104423,0.00277867719026383,0.00011493775906062967,5.842321583000057
31,31,31,31,152,152,152,1,-5.9949164086248174e-06,5.9949164086248174e-06,0.08176140823069405,0.0012201742780090117,0.002206326694834562,0,825,5.99222593008361e-06,1.000448994843085,825,5.99222593008361e-06,1.0004489918800907,825,5.99222593008361e-06,1.000448994843085,False,0,201,-438.3409068654332,-438.3409068654332,True,False,accepted,L-BFGS-B>Newton-CG,True,6.378355802810927e-14,1.298217547333728e-11,4.914164065537983e-09,1.0766893865366001e-07,1180.9315432162666,1.3335686721571705e-17,1.7985612998927536e-14,0.0,1.0766893865366001e-07,1.0766893865366001e-07,0.0,1.0766893865366001e-07,2.2533787730732e-09,False,0,none,True,0.11702329200011263,0.12714583399997537,2.7875777277586167e-06,ok,2.7875777665405097e-06,3.3352469768717174e-05,4.7167515085558466e-05,0.0014051254237842105,0.0002857770879691108,0.0014051255453253744,0.0002857312907064655,0.0027265247720265075,0.00011278051600166844,6.095684125000162
32,32,32,32,127,127,127,1,4.724812311486526e-06,4.724812311486526e-06,0.0020712734156255264,0.02609134744971944,0.07113460006087402,0,623,4.785750581781753e-06,0.9872667266599298,623,4.785750581781753e-06,0.9872667266985969,623,4.785750581781753e-06,0.9872667266599298,False,0,200,-438.34090686852085,-438.34090686852085,True,False,accepted,L-BFGS-B>Newton-CG,True,7.315406596280536e-14,4.039712116763011e-10,1.8208732466169674e-10,3.0876208256813698e-09,1180.9315432162666,-9.77950359581925e-17,1.7985612998927536e-14,0.0,3.0876208256813698e-09,3.0876208256813698e-09,0.0,3.0876208256813698e-09,1.617524165136274e-10,False,0,none,True,0.11314991700010069,0.12196141699996588,2.7844901069329353e-06,ok,2.7844901302725047e-06,3.3383211212633147e-05,4.721099005247137e-05,0.0013955150991822038,0.0002838225218266786,0.0013955152235526553,0.0002837770385377829,0.002725015098847126,0.00011271806957832714,6.343353625000191
