setting,N,order,points,source,sha256,stable_bregman,energy_gap_raw,energy_gap_status,bregman_gap,l2_abs,l2_rel,natural_abs,natural_rel,w1p_full_abs,w1p_full_rel,quasi_abs,quasi_rel
base_pure,32,16,40592,data/raw/sensitivity/base_pure/pure_p_p4_k3_d1_neumann_stratified_breakpoint_lbfgs_seed0201_20260907T084318+0800/states/accepted_0032.npz,3e825d4a131717f7b5a7db8ad15332cb2fb31dce1d6a3da961fcef8f46a56d32,1.9850678249613426e-06,1.9850677972499398e-06,ok,1.985067824877565e-06,5.1666983475620776e-05,7.306814875812948e-05,0.001592696304741979,0.0003239256113966848,0.001592696776071642,0.0003238737684650069,0.0023009609920680942,9.517741069055933e-05
base_pure,32,20,50740,data/raw/sensitivity/base_pure/pure_p_p4_k3_d1_neumann_stratified_breakpoint_lbfgs_seed0201_20260907T084318+0800/states/accepted_0032.npz,3e825d4a131717f7b5a7db8ad15332cb2fb31dce1d6a3da961fcef8f46a56d32,1.9850678249617034e-06,1.9850677972499398e-06,ok,1.9850678249926566e-06,5.166698347559878e-05,7.30681487580984e-05,0.0015926963047419634,0.0003239256113966817,0.0015926967760716264,0.00032387376846500373,0.0023009609920694872,9.517741069061696e-05
epsilon_001,32,16,40592,data/raw/sensitivity/epsilon_001/regularized_p_p4_k3_d1_neumann_stratified_breakpoint_lbfgs_seed0201_20260907T084325+0800/states/accepted_0032.npz,5f8a2ecbf0e3af43d299d9f376fc2f3820eace0eae6420931cfe5c40b778c29c,3.010016745824907e-06,3.0100167123237043e-06,ok,3.0100167460427705e-06,5.434746581633396e-05,7.685892323806765e-05,0.0016035373802655692,0.00032613049000833295,0.0016035379487622865,0.00032607831330156963,0.0028332717887417725,0.00011719582304469906
epsilon_001,32,20,50740,data/raw/sensitivity/epsilon_001/regularized_p_p4_k3_d1_neumann_stratified_breakpoint_lbfgs_seed0201_20260907T084325+0800/states/accepted_0032.npz,5f8a2ecbf0e3af43d299d9f376fc2f3820eace0eae6420931cfe5c40b778c29c,3.0100167458254472e-06,3.0100167123237043e-06,ok,3.010016746067184e-06,5.43474658163142e-05,7.685892323803972e-05,0.0016035373802655514,0.0003261304900083294,0.0016035379487622688,0.0003260783133015661,0.002833271788742021,0.00011719582304470938
epsilon_01,32,16,40592,data/raw/sensitivity/epsilon_01/regularized_p_p4_k3_d1_neumann_stratified_breakpoint_lbfgs_seed0201_20260907T084318+0800/states/accepted_0032.npz,1bbbe1a73c0ffbdb2755c7eb1933ddc195f87075648fc635b9d650cda874eec2,3.013276837887865e-06,3.0132767392387905e-06,ok,3.0132768377495837e-06,5.41896728074171e-05,7.663577022480977e-05,0.0016014642389734265,0.0003257088505792907,0.0016014648032457324,0.00032565674061987013,0.002833353214516559,0.00011717960277397254
epsilon_01,32,20,50740,data/raw/sensitivity/epsilon_01/regularized_p_p4_k3_d1_neumann_stratified_breakpoint_lbfgs_seed0201_20260907T084318+0800/states/accepted_0032.npz,1bbbe1a73c0ffbdb2755c7eb1933ddc195f87075648fc635b9d650cda874eec2,3.013276837888674e-06,3.0132767960822093e-06,ok,3.0132768382013394e-06,5.418967280739292e-05,7.663577022477559e-05,0.0016014642389734126,0.00032570885057928796,0.0016014648032457186,0.00032565674061986737,0.0028333532145169427,0.00011717960277398842
epsilon_1,32,16,40592,data/raw/sensitivity/epsilon_1/regularized_p_p4_k3_d1_neumann_stratified_breakpoint_lbfgs_seed0201_20260907T084318+0800/states/accepted_0032.npz,14284e2c33b48171b0a70db8bbe47bf5f069b87be6e01d05e6d915f538924379,3.423359830446285e-06,3.4233598853461444e-06,ok,3.423359830636935e-06,3.481791836622885e-05,4.923997236712011e-05,0.001577811102482288,0.00032089823057814584,0.0015778112088144511,0.000320846798839805,0.002945691329338358,0.00011983926048261836
epsilon_1,32,20,50740,data/raw/sensitivity/epsilon_1/regularized_p_p4_k3_d1_neumann_stratified_breakpoint_lbfgs_seed0201_20260907T084318+0800/states/accepted_0032.npz,14284e2c33b48171b0a70db8bbe47bf5f069b87be6e01d05e6d915f538924379,3.4233598304461525e-06,3.4233597716593067e-06,ok,3.4233598307913277e-06,3.4817918366233424e-05,4.923997236712659e-05,0.0015778111024822889,0.0003208982305781461,0.001577811208814452,0.00032084679883980524,0.00294569132933826,0.0001198392604826144
pool_1024,32,16,40592,data/raw/sensitivity/pool_1024/pure_p_p4_k3_d1_neumann_stratified_breakpoint_lbfgs_seed0201_20260907T084329+0800/states/accepted_0032.npz,6d38ecedf62c2fa0781e7d9551d3c8ff558add28df18c27cae8a216772ebe6c9,2.4649947011907995e-06,2.4649948500155006e-06,ok,2.4649947011944155e-06,5.275612194916235e-05,7.460842315871431e-05,0.001679144729350311,0.00034150765683256637,0.0016791451679776183,0.00034145298811621115,0.0025640064496649006,0.00010605807561025235
pool_1024,32,20,50740,data/raw/sensitivity/pool_1024/pure_p_p4_k3_d1_neumann_stratified_breakpoint_lbfgs_seed0201_20260907T084329+0800/states/accepted_0032.npz,6d38ecedf62c2fa0781e7d9551d3c8ff558add28df18c27cae8a216772ebe6c9,2.4649947011912163e-06,2.4649947931720817e-06,ok,2.4649947014150058e-06,5.2756121949159024e-05,7.460842315870963e-05,0.0016791447293503067,0.00034150765683256556,0.001679145167977614,0.00034145298811621034,0.0025640064496651074,0.00010605807561026091
pool_256,32,16,40592,data/raw/sensitivity/pool_256/pure_p_p4_k3_d1_neumann_stratified_breakpoint_lbfgs_seed0201_20260907T084328+0800/states/accepted_0032.npz,f2e865c91f50164d70db686dce158e64749c707a66168bdd64e3e0031f67c124,2.7844901297434483e-06,2.7844901069329353e-06,ok,2.7844901297841127e-06,3.338321121263619e-05,4.7210990052475675e-05,0.0013955150991822082,0.00028382252182667945,0.0013955152235526596,0.0002837770385377838,0.002725015098847345,0.00011271806957833619
pool_256,32,20,50740,data/raw/sensitivity/pool_256/pure_p_p4_k3_d1_neumann_stratified_breakpoint_lbfgs_seed0201_20260907T084328+0800/states/accepted_0032.npz,f2e865c91f50164d70db686dce158e64749c707a66168bdd64e3e0031f67c124,2.784490129743619e-06,2.784490163776354e-06,ok,2.7844901298011774e-06,3.338321121263394e-05,4.72109900524725e-05,0.0013955150991822275,0.0002838225218266834,0.001395515223552679,0.00028377703853778774,0.002725015098847651,0.00011271806957834883
quadrature_10,32,16,40592,data/raw/sensitivity/quadrature_10/pure_p_p4_k3_d1_neumann_stratified_breakpoint_lbfgs_seed0201_20260907T084335+0800/states/accepted_0032.npz,bed50b8afb9505c408cc3b0ed400a4e0617d4369058c96f3580ec69c9ee02c52,3.0099837555538728e-06,3.009983743140765e-06,ok,3.009983755472883e-06,5.434906574294082e-05,7.686118587597387e-05,0.001603558762723698,0.000326134838813439,0.0016035593312629726,0.00032608266141803503,0.0028332716669287315,0.0001171960159128248
quadrature_10,32,20,50740,data/raw/sensitivity/quadrature_10/pure_p_p4_k3_d1_neumann_stratified_breakpoint_lbfgs_seed0201_20260907T084335+0800/states/accepted_0032.npz,bed50b8afb9505c408cc3b0ed400a4e0617d4369058c96f3580ec69c9ee02c52,3.0099837555541845e-06,3.009983799984184e-06,ok,3.009983755444502e-06,5.434906574291583e-05,7.686118587593855e-05,0.001603558762723675,0.0003261348388134344,0.0016035593312629494,0.00032608266141803037,0.0028332716669286126,0.00011719601591281988
quadrature_4,32,16,40592,data/raw/sensitivity/quadrature_4/pure_p_p4_k3_d1_neumann_stratified_breakpoint_lbfgs_seed0201_20260907T084333+0800/states/accepted_0032.npz,d8406bf8be245bb7820876542ef5c728c7f1416b0db1be763985660f11620a79,3.0099837555536813e-06,3.009983743140765e-06,ok,3.0099837556076153e-06,5.434906574874433e-05,7.686118588418128e-05,0.00160355876277933,0.0003261348388247536,0.001603559331318605,0.0003260826614293478,0.0028332716669286543,0.00011719601591282162
quadrature_4,32,20,50740,data/raw/sensitivity/quadrature_4/pure_p_p4_k3_d1_neumann_stratified_breakpoint_lbfgs_seed0201_20260907T084333+0800/states/accepted_0032.npz,d8406bf8be245bb7820876542ef5c728c7f1416b0db1be763985660f11620a79,3.0099837555543086e-06,3.009983799984184e-06,ok,3.009983755673077e-06,5.434906574872153e-05,7.686118588414904e-05,0.001603558762779318,0.0003261348388247512,0.0016035593313185926,0.0003260826614293454,0.0028332716669286964,0.00011719601591282335
tolerance_loose,32,16,40592,data/raw/sensitivity/tolerance_loose/pure_p_p4_k3_d1_neumann_stratified_breakpoint_lbfgs_seed0201_20260907T084340+0800/states/accepted_0032.npz,05ac962c00c1743d63aed936c4ba840fbbbed7067dde1ff1e2da69b82032db88,3.0099837555537135e-06,3.0099838568276027e-06,ok,3.009983755433114e-06,5.4349065746020875e-05,7.686118588032973e-05,0.0016035587627794721,0.0003261348388247825,0.0016035593313187468,0.00032608266142937666,0.002833271666928698,0.00011719601591282342
tolerance_loose,32,20,50740,data/raw/sensitivity/tolerance_loose/pure_p_p4_k3_d1_neumann_stratified_breakpoint_lbfgs_seed0201_20260907T084340+0800/states/accepted_0032.npz,05ac962c00c1743d63aed936c4ba840fbbbed7067dde1ff1e2da69b82032db88,3.0099837555542133e-06,3.0099838568276027e-06,ok,3.0099837557735728e-06,5.43490657460001e-05,7.686118588030036e-05,0.0016035587627794736,0.00032613483882478286,0.0016035593313187483,0.00032608266142937703,0.0028332716669286777,0.00011719601591282258
tolerance_tight,32,16,40592,data/raw/sensitivity/tolerance_tight/pure_p_p4_k3_d1_neumann_stratified_breakpoint_lbfgs_seed0201_20260907T084341+0800/states/accepted_0032.npz,bb9927f136bc7e5e97d9549a609a235ced1fb1e311b70270d618fda6b5296c3a,3.0099837555538207e-06,3.009983743140765e-06,ok,3.00998375573271e-06,5.4349065746354986e-05,7.686118588080224e-05,0.001603558762778271,0.0003261348388245382,0.0016035593313175457,0.00032608266142913244,0.0028332716669287428,0.00011719601591282528
tolerance_tight,32,20,50740,data/raw/sensitivity/tolerance_tight/pure_p_p4_k3_d1_neumann_stratified_breakpoint_lbfgs_seed0201_20260907T084341+0800/states/accepted_0032.npz,bb9927f136bc7e5e97d9549a609a235ced1fb1e311b70270d618fda6b5296c3a,3.009983755554205e-06,3.009983743140765e-06,ok,3.009983755858121e-06,5.434906574633682e-05,7.686118588077656e-05,0.0016035587627782632,0.0003261348388245367,0.001603559331317538,0.0003260826614291309,0.002833271666928676,0.00011719601591282251
