model,N,order,r2,D2,remainder,energy_gap,B,sigma,sigma2,entry_r2,W,projection_upper_estimate,projection_upper_init_estimate,projection_upper_monotone_estimate,projection_upper_used_estimate,q,rho,energy_upper_estimate,energy_upper_init_estimate,energy_upper_monotone_estimate,energy_upper_used_estimate,energy_additive_upper_estimate,energy_additive_upper_init_estimate,energy_bound_ratio,energy_bound_init_ratio,energy_bound_used_ratio,decomposition_defect,active_condition,theta,ell2,projection_drop_defect,validation_level,model_label
epsilon_01,8,16,0.04803106176966072,0.00010680003067919148,-0.0009613533551709752,0.02310757754499896,43.61859255056609,0.001727663885131277,2.984822499986898e-06,0.04803106176966072,0.0,0.04803106176966072,0.04803106176966072,0.04803106176966072,0.04803106176966072,0.047154657537058185,0.019970836244417214,0.02503028425534093,0.02503028425534093,0.02503028425534093,0.02503028425534093,0.02503028425534093,0.02503028425534093,1.0832067622232469,1.0832067622232469,1.0832067622232469,-2.0816681711721685e-17,76.77180773786458,0.80306398015067,0.27465706677737667,-2.1163626406917047e-16,floating_quadrature_not_interval,"Regularized p=4, epsilon=0.1"
epsilon_01,9,16,0.029855814629705622,7.442994287617647e-06,-0.0003597014830537602,0.01457192732894286,43.61859255056609,0.001727663885131277,2.984822499986898e-06,0.04803106176966072,2.3480617621907727,3241.110005674302,0.04803035008076639,0.04803106176966072,0.04803035008076639,0.047154657537058185,0.019970836244417214,1689.0300100777993,0.025029913375025775,0.02503028425534093,0.025029913375025775,1620.5553662601314,0.024378598020580768,115909.85680549179,1.7176803596399493,1.7176803596399493,0.0,80.24416620519074,0.8040166394788992,0.010552043227819595,-2.6250703000219033e-15,floating_quadrature_not_interval,"Regularized p=4, epsilon=0.1"
epsilon_01,10,16,0.02858340333072701,9.494473669731348e-06,-0.0003871736864769058,0.013909275215721443,43.61859255056609,0.001727663885131277,2.984822499986898e-06,0.04803106176966072,63.61039196707934,119.6396755136102,0.048011789144624326,0.04803106176966072,0.048011789144624326,0.047154657537058185,0.019970836244417214,62.34746799234808,0.025020240769620776,0.02503028425534093,0.025020240769620776,59.82022967772841,0.024397815495623934,4482.438302887103,1.7988170038752829,1.7988170038752829,-2.0816681711721685e-17,96.36572424820419,0.1827656429427044,0.0001271064536390882,-5.589972928987663e-13,floating_quadrature_not_interval,"Regularized p=4, epsilon=0.1"
epsilon_01,11,16,0.018065904382404817,4.117050633972181e-06,-6.383167084545263e-05,0.008971179045673926,43.61859255056609,0.001727663885131277,2.984822499986898e-06,0.04803106176966072,326.40806497199924,23.31537806607868,0.047932330597681067,0.04803106176966072,0.047932330597681067,0.047154657537058185,0.019970836244417214,12.150273573242576,0.024978832773560975,0.02503028425534093,0.024978832773560975,11.657754923235501,0.024032055495002973,1354.3675264291676,2.7843422415703816,2.7843422415703816,-1.5612511283791264e-17,275.2663496561222,0.4207451609607929,0.0012740715586250153,-2.2147561562491092e-13,floating_quadrature_not_interval,"Regularized p=4, epsilon=0.1"
epsilon_01,12,16,0.005296380924302065,2.0926351229152523e-07,-4.739279038597058e-06,0.002643555814868581,43.61859255056609,0.001727663885131277,2.984822499986898e-06,0.04803106176966072,465.3535498417592,16.353862253666687,0.04789042574853634,0.04803106176966072,0.04789042574853634,0.047154657537058185,0.019970836244417214,8.522439558905031,0.024956995024256162,0.02503028425534093,0.024956995024256162,8.176935970744138,0.02395005678506291,3223.8545942441947,9.440691542764663,9.440691542764663,0.0,381.1763591156155,0.24759571949881154,0.001128413783348439,5.2128440453103053e-14,floating_quadrature_not_interval,"Regularized p=4, epsilon=0.1"
epsilon_01,13,16,0.0021942925647039993,1.0003526599859912e-07,-1.312909707579912e-06,0.001095883390277414,43.61859255056609,0.001727663885131277,2.984822499986898e-06,0.04803106176966072,519.6808198722817,14.644234931346011,0.047874060997039114,0.04803106176966072,0.047874060997039114,0.047154657537058185,0.019970836244417214,7.631506561137862,0.024948466910018174,0.02503028425534093,0.024948466910018174,7.322118828600345,0.023938393425860138,6963.794349694457,22.765621900431093,22.765621900431093,-4.9873299934333204e-18,430.4764107445712,0.8419044479195174,0.2763400260004807,4.8748440180379493e-17,floating_quadrature_not_interval,"Regularized p=4, epsilon=0.1"
epsilon_01,14,16,0.002120367733163403,6.933927693650831e-08,-7.181279823066869e-07,0.00105950040823786,43.61859255056609,0.001727663885131277,2.984822499986898e-06,0.04803106176966072,522.2457870602975,14.572310991762008,0.04787328864036962,0.04803106176966072,0.04787328864036962,0.047154657537058185,0.019970836244417214,7.594025052584397,0.024948064414085924,0.02503028425534093,0.024948064414085924,7.286156248678624,0.023937397117805584,7167.5527385729165,23.547007835116407,23.547007835116407,-3.0357660829594124e-18,430.5707660051485,0.22958771576345396,0.004675389465961905,8.696060364854485e-15,floating_quadrature_not_interval,"Regularized p=4, epsilon=0.1"
epsilon_01,15,16,0.002044906596565161,8.63249767116463e-08,-1.1408410686238614e-06,0.00102135561970231,43.61859255056609,0.001727663885131277,2.984822499986898e-06,0.04803106176966072,533.519825215456,14.26437724925748,0.047869894124968886,0.04803106176966072,0.047869894124968886,0.047154657537058185,0.019970836244417214,7.4335524579192525,0.02494629544037893,0.02503028425534093,0.02494629544037893,7.1321898086322975,0.02393613106604142,7278.1236177913015,24.424691027450283,24.424691027450283,-2.6020852139652106e-18,436.2850458459395,0.807166766232978,0.4525530779269796,1.9459734930220296e-16,floating_quadrature_not_interval,"Regularized p=4, epsilon=0.1"
epsilon_01,16,16,0.002019795002421389,7.25311951788171e-08,-7.14466668825108e-07,0.0010092193001394558,43.61859255056609,0.001727663885131277,2.984822499986898e-06,0.04803106176966072,534.9594755466292,14.225989834747645,0.04786946069336509,0.04803106176966072,0.04786946069336509,0.047154657537058185,0.019970836244417214,7.413547738856063,0.024946069567457357,0.02503028425534093,0.024946069567457357,7.112995668106089,0.02393548107894896,7345.824379133103,24.718185199203248,24.718185199203248,-3.0357660829594124e-18,436.4955061325061,0.49073651485607184,6.13701102499763e-05,-3.3057866340169273e-13,floating_quadrature_not_interval,"Regularized p=4, epsilon=0.1"
epsilon_01,17,16,0.000624766673209519,1.5177065482629257e-08,9.039943485226909e-07,0.00031329491948602317,43.61859255056609,0.001727663885131277,2.984822499986898e-06,0.04803106176966072,4459.057477524337,1.7067148858752856,0.04671651020979282,0.04803106176966072,0.04671651020979282,0.047154657537058185,0.019970836244417214,0.8894152484312636,0.0243452359137159,0.02503028425534093,0.0243452359137159,0.853358354520524,0.023359166687777672,2838.907346121017,77.70708811255396,77.70708811255396,-3.2526065174565133e-19,746.7638833653529,0.1086523175738352,6.160086203679388e-05,3.729370870279858e-14,floating_quadrature_not_interval,"Regularized p=4, epsilon=0.1"
epsilon_01,18,16,0.0005628744259181154,2.6978903000361516e-08,1.3921314766816182e-06,0.00028284283388724246,43.61859255056609,0.001727663885131277,2.984822499986898e-06,0.04803106176966072,4650.699700113922,1.6363861002884974,0.04666162407794262,0.04803106176966072,0.04666162407794262,0.047154657537058185,0.019970836244417214,0.8527650177323833,0.024316633267193643,0.02503028425534093,0.024316633267193643,0.8181944557651768,0.023332217659899495,3014.9783397812544,85.97224448998294,85.97224448998294,2.927345865710862e-18,822.5904870727142,0.07032814624749202,4.054788827472969e-06,5.205483938862387e-13,floating_quadrature_not_interval,"Regularized p=4, epsilon=0.1"
epsilon_01,19,16,8.705334833431064e-05,1.0170278346923306e-10,-3.334680108720686e-09,4.352339033843859e-05,43.61859255056609,0.001727663885131277,2.984822499986898e-06,0.04803106176966072,5870.5038292702875,1.2963698190325672,0.04631527412713175,0.04803106176966072,0.04631527412713175,0.047154657537058185,0.019970836244417214,0.6755733451415485,0.024136140948239838,0.02503028425534093,0.024136140948239838,0.6481849129018151,0.023157640449097378,15522.075368859807,554.5556253903203,554.5556253903203,2.574980159653073e-19,1994.3753850208054,0.41069319059070375,0.01313489168005566,4.700439934198289e-17,floating_quadrature_not_interval,"Regularized p=4, epsilon=0.1"
epsilon_01,20,16,8.200385557098521e-05,5.876057025124512e-11,-5.21159247063706e-09,4.0996745573307985e-05,43.61859255056609,0.001727663885131277,2.984822499986898e-06,0.04803106176966072,5883.345114977553,1.2935403034127653,0.04631165533377964,0.04803106176966072,0.04631165533377964,0.047154657537058185,0.019970836244417214,0.6740988080886677,0.02413425509723161,0.02503028425534093,0.02413425509723161,0.6467701569473554,0.023155832907862578,16442.739506805086,588.687096005612,588.687096005612,8.944667923005412e-19,1994.7733545529577,0.17226606494624777,0.00027072473103447305,1.5992918862600854e-14,floating_quadrature_not_interval,"Regularized p=4, epsilon=0.1"
epsilon_01,21,16,6.878094404722601e-05,7.747412942849193e-11,-6.26826533401091e-09,3.438424249534327e-05,43.61859255056609,0.001727663885131277,2.984822499986898e-06,0.04803106176966072,5992.960505557759,1.2698806116334103,0.04628078770326527,0.04803106176966072,0.04628078770326527,0.047154657537058185,0.019970836244417214,0.6617691033348769,0.024118169140819302,0.02503028425534093,0.024118169140819302,0.6349403121237075,0.023140400158635034,19246.29002440585,701.4308703786531,701.4308703786531,-4.404571325722362e-19,1996.7303714969512,0.3858547908194476,0.030503228209128486,-2.456410370114048e-16,floating_quadrature_not_interval,"Regularized p=4, epsilon=0.1"
epsilon_01,22,16,6.774512098719979e-05,4.468350508886924e-11,-4.541570652903424e-09,3.386804126469973e-05,43.61859255056609,0.001727663885131277,2.984822499986898e-06,0.04803106176966072,5997.841428933395,1.2688472106230069,0.04627941419500261,0.04803106176966072,0.04627941419500261,0.047154657537058185,0.019970836244417214,0.6612305701422484,0.024117453368546635,0.02503028425534093,0.024117453368546635,0.6344236098754159,0.023139711661413712,19523.73226943719,712.100625485064,712.100625485064,1.8973538018496328e-19,1997.435253195933,0.09264728574326705,9.349542625119818e-05,5.982182048444758e-15,floating_quadrature_not_interval,"Regularized p=4, epsilon=0.1"
epsilon_01,23,16,6.199830193767374e-05,4.250159138296711e-11,-4.637602542106369e-09,3.099453461708981e-05,43.61859255056609,0.001727663885131277,2.984822499986898e-06,0.04803106176966072,6089.648268045855,1.2497182605475008,0.046253594622175265,0.04803106176966072,0.046253594622175265,0.047154657537058185,0.019970836244417214,0.6512619573268102,0.0241039980914112,0.02503028425534093,0.0241039980914112,0.6248591349326037,0.02312680196994097,21012.154735426047,777.6854335512656,777.6854335512656,-6.437450399132683e-19,2053.0569017182083,0.22027381457783732,0.0008174837025788786,-1.499472780371134e-16,floating_quadrature_not_interval,"Regularized p=4, epsilon=0.1"
epsilon_01,24,16,5.828131093901897e-05,4.2223079692236756e-11,-4.674180620541346e-09,2.9136002400428167e-05,43.61859255056609,0.001727663885131277,2.984822499986898e-06,0.04803106176966072,6149.001810184501,1.237655322436766,0.04623691747912234,0.04803106176966072,0.04623691747912234,0.047154657537058185,0.019970836244417214,0.6449756342945552,0.024095307181491627,0.02503028425534093,0.024095307181491627,0.6188276659136751,0.02311846343485333,22136.72368056494,826.9942749983277,826.9942749983277,-6.2341624917916505e-19,2057.47074819206,0.05702929676078519,4.689619563880904e-05,-2.2224706274008403e-14,floating_quadrature_not_interval,"Regularized p=4, epsilon=0.1"
epsilon_01,25,16,5.393806898279217e-05,3.720467624218158e-11,-4.116707676001898e-09,2.6964936386058554e-05,43.61859255056609,0.001727663885131277,2.984822499986898e-06,0.04803106176966072,6218.353719112871,1.2238520625901301,0.04621744622771032,0.04803106176966072,0.04621744622771032,0.047154657537058185,0.019970836244417214,0.6377823825761461,0.02408516018619955,0.02503028425534093,0.02408516018619955,0.611926035430375,0.023108727249165174,23652.28582203862,893.2029299595192,893.2029299595192,3.4897757426877174e-19,2071.928308894519,0.8821271770602445,0.44405380674630257,4.499121378459623e-18,floating_quadrature_not_interval,"Regularized p=4, epsilon=0.1"
epsilon_01,26,16,5.3823658434290614e-05,3.1173281164661644e-11,-3.613401216522364e-09,2.6908231402569246e-05,43.61859255056609,0.001727663885131277,2.984822499986898e-06,0.04803106176966072,6220.106093137564,1.223507270829039,0.04621695444337603,0.04803106176966072,0.04621695444337603,0.047154657537058185,0.019970836244417214,0.637602702271963,0.02408490390409322,0.02503028425534093,0.02408490390409322,0.6117536390435074,0.02310848085067587,23695.451876152794,895.0756942648245,895.0756942648245,-1.2197274440461925e-19,2071.928466530957,0.19336633184486038,2.7088842618039838e-06,-2.2502417884226987e-13,floating_quadrature_not_interval,"Regularized p=4, epsilon=0.1"
epsilon_01,27,16,2.400303721035011e-05,1.484668509723414e-11,2.8807768193691432e-09,1.2004406805336696e-05,43.61859255056609,0.001727663885131277,2.984822499986898e-06,0.04803106176966072,20023.035519969704,0.3800815426804803,0.04264292716087962,0.04803106176966072,0.04264292716087962,0.047154657537058185,0.019970836244417214,0.19807076302257057,0.022222381704474964,0.02503028425534093,0.022222381704474964,0.1900407742284403,0.02132146646863997,16499.837620840703,1851.185324259067,1851.185324259067,-2.761327408049019e-19,2927.36380858312,0.15706870433357664,3.11898713230123e-06,9.023228534797353e-14,floating_quadrature_not_interval,"Regularized p=4, epsilon=0.1"
epsilon_01,28,16,8.559084654557687e-06,4.2308202331191175e-12,6.15478613815735e-10,4.280159921302894e-06,43.61859255056609,0.001727663885131277,2.984822499986898e-06,0.04803106176966072,27932.839836099163,0.2724538530129212,0.040833408974553925,0.04803106176966072,0.040833408974553925,0.047154657537058185,0.019970836244417214,0.14198306546044245,0.02127939287807449,0.02503028425534093,0.02127939287807449,0.13622692712405463,0.020416705104870984,33172.37394653758,4971.635001805488,4971.635001805488,1.1773757966834775e-19,3409.8895215180964,0.29610129377296396,9.846678409364216e-05,-1.6148721255885862e-15,floating_quadrature_not_interval,"Regularized p=4, epsilon=0.1"
epsilon_01,29,16,6.797416507659477e-06,4.201030077306354e-12,6.01656745306426e-10,3.399312011089615e-06,43.61859255056609,0.001727663885131277,2.984822499986898e-06,0.04803106176966072,28823.25153158668,0.2640372647866891,0.040639282132818214,0.04803106176966072,0.040639282132818214,0.047154657537058185,0.019970836244417214,0.13759695389012078,0.02117822813486022,0.02503028425534093,0.02117822813486022,0.13201863299710181,0.020319641670166366,40477.88300727813,6230.1512970184085,6230.1512970184085,-4.688327363052552e-19,3434.6763907489,0.3274234304014097,0.0013436302998012426,6.438290814635036e-16,floating_quadrature_not_interval,"Regularized p=4, epsilon=0.1"
epsilon_01,30,16,6.596520652526781e-06,4.205271044544789e-12,5.976186686164411e-10,3.2988600475674667e-06,43.61859255056609,0.001727663885131277,2.984822499986898e-06,0.04803106176966072,28903.039924860994,0.2633083839830625,0.04062197681008425,0.04803106176966072,0.04062197681008425,0.047154657537058185,0.019970836244417214,0.137217114406444,0.021169209863533243,0.02503028425534093,0.021169209863533243,0.13165419259125255,0.020310989004763427,41595.31244971304,6417.128813677053,6417.128813677053,-6.268043809681823e-20,3434.851137873205,0.7769844185827766,0.0029605164465128704,4.45041169003658e-16,floating_quadrature_not_interval,"Regularized p=4, epsilon=0.1"
epsilon_01,31,16,6.083055279952148e-06,4.2180461445704575e-12,6.029899563123238e-10,3.042132738955216e-06,43.61859255056609,0.001727663885131277,2.984822499986898e-06,0.04803106176966072,29106.95866594129,0.26146370807127467,0.040577815727212536,0.04803106176966072,0.040577815727212536,0.047154657537058185,0.019970836244417214,0.13625580393922057,0.02114619632986198,0.02503028425534093,0.02114619632986198,0.13073185464073633,0.02028890846870525,44789.56562099785,6951.109022653754,6951.109022653754,-2.4267493938835705e-19,3434.869082381887,0.7297699373821114,0.023237272636760405,2.67695035335718e-17,floating_quadrature_not_interval,"Regularized p=4, epsilon=0.1"
epsilon_01,32,16,6.025348290510748e-06,4.181603522649254e-12,6.006018308991056e-10,3.0132768378880473e-06,43.61859255056609,0.001727663885131277,2.984822499986898e-06,0.04803106176966072,29129.877197295275,0.2612579984576355,0.04057285844241283,0.04803106176966072,0.04057285844241283,0.047154657537058185,0.019970836244417214,0.13614860310056043,0.02114361295478969,0.02503028425534093,0.02114361295478969,0.13062899983151036,0.02028642982389905,45182.90566225723,7016.817269802823,7016.817269802823,1.2705494208814505e-20,3434.8699369117585,,,,floating_quadrature_not_interval,"Regularized p=4, epsilon=0.1"
