id,disposition,action,evidence
T01,closed_with_scope,Attribute approximate-source principle and identify trajectory contribution,chapter5_theory.tex;chapter5_theory.tex
T02,closed_with_scope,Explicit finite-window bound and failed frozen continuation condition,chapter5_theory.tex;tex/sections/06e_merged_window_experiment.tex
T03,closed,Report absolute bounds and bound/error plus entry and terminal source ratios,tex/sections/06e_merged_window_experiment.tex;tex/generated/fractional_innovation_summary.tex
T04,closed,Separate exact quartic identity from floating-point and solution-dependent diagnostics,chapter5_theory.tex;supplement/S2_pool_generation.md
T05,closed_with_scope,State conditional Hessian transfer and restricted one-dimensional example without certifying experimental dictionaries,chapter5_theory.tex;chapter5_theory.tex
T06,closed_with_scope,Limit two-dimensional sinh to bounded finite-dimensional trajectories,tex/sections/07_energy_families.tex;chapter5_theory.tex
T07,closed,Use pointwise standard p-structure for natural-distance conversion,tex/sections/04_natural_geometry.tex
T08,closed,State uniform effective weak selection and relative errors,chapter5_theory.tex
E01,closed,Provide case and figure/table indexes with full-package inputs,manifest/experiment_index_v2.csv;manifest/figure_table_map.csv
E02,closed,Distinguish main-suite and diagnostic run pools and budgets,tex/sections/06e_merged_window_experiment.tex;manifest/experiment_index_v2.csv
E03,closed,Specify pool ordering filtering normalization and source coefficients,supplement/S2_pool_generation.md;code/verify_revision_prefix.py
E04,closed_with_scope,Negative sufficient margin is lack of certification not solver failure,tex/sections/06e_merged_window_experiment.tex;chapter5_theory.tex
E05,closed_with_scope,Recompute q16/q20 diagnostics with finite floating-point scope,code/reproduce.py;reports/R5_external_diagnostics.json
E06,closed,Retain 304 successes and 9 failures and prescribed seed denominators,supplement/S3_failures_and_statistics.md;result/experiments/rfm_multiseed_raw.csv
E07,closed,Retain full-precision seed values and paired difference audit,manifest/experiment_index_v2.csv;code/audit_numeric_values.py
E08,closed_by_scope,Restrict epsilon conclusions to observed range and omit unneeded large scan,tex/sections/09_results.tex
E09,closed_with_scope,Map case roles to assumptions without claiming all hypotheses verified,chapter5_theory.tex;manifest/experiment_index_v2.csv
E10,closed_by_scope,Equal DOF comparisons make no runtime superiority claim,tex/sections/10_discussion.tex
L01,closed,Shorten abstract around computed-space bound and evidence boundary,tex/sections/00_frontmatter.tex
L02,closed_by_scope,Describe fixed pools through construction and configuration,supplement/S2_pool_generation.md;tex/sections/02_setting_algorithms.tex
L03,closed,Define fractional innovation as residual power not fractional operator,chapter5_theory.tex
L04,closed,Separate parallel author citations using and,tex/sections/01_introduction.tex
L05,closed,Replace test these layers with examine selected conditions,tex/sections/01_introduction.tex
L06,closed,State restart residual and membership as separate equations,chapter5_theory.tex
L07,closed_with_scope,Use explicit finite-window estimate and prescribed exponent,chapter5_theory.tex;tex/sections/06e_merged_window_experiment.tex
L08,closed,Separate main-suite widths from diagnostic calibration and continuation,tex/sections/08_numerical_methodology.tex
L09,closed,Specify actual median log-offset objective used by generator,tex/sections/08_numerical_methodology.tex;code/generate_artifacts.py
L10,closed,Remove unsupported open-marker description,tex/sections/08_numerical_methodology.tex
L11,closed,Name diagnostic run IDs and explain different budgets,tex/sections/06e_merged_window_experiment.tex
L12,closed,Specify stored reference order and separate-seed meaning,supplement/S2_pool_generation.md;tex/sections/06e_merged_window_experiment.tex
L13,closed,Report squared source remainder relative to entry and terminal projection error,tex/sections/06e_merged_window_experiment.tex
L14,closed,Supply S1-S4 and directory links instead of generic materials claim,README.md;supplement/S4_reproduction.md
L15,closed_with_scope,Describe comparison exponent and frozen continuation failure not high-order guarantee,tex/sections/10_discussion.tex
S01,closed_by_scope,Restart dictionary uses rst while generic local projection dictionary retains local notation,chapter5_theory.tex;tex/sections/02_setting_algorithms.tex
S02,closed,Distinguish source and entry budgets and define table alias,chapter5_theory.tex;tex/sections/06e_merged_window_experiment.tex
S03,closed,Use R-star for Hessian neighborhood radius rather than projection residual,chapter5_theory.tex
S04,closed,Use kappa-g for frozen atom norm,chapter5_theory.tex
S05,closed,Use q-corr in theory and explicitly define table alias,chapter5_theory.tex;tex/sections/06e_merged_window_experiment.tex
S06,closed,Use mu-act for active strong convexity and name spectral reference space,chapter5_theory.tex;tex/sections/06e_merged_window_experiment.tex
S07,closed,State that the lower strength equals actual selection ratio in table,tex/sections/06e_merged_window_experiment.tex
S08,closed,Distinguish continuous frozen finite and validation scores,chapter5_theory.tex
S09,closed,Define fixed nonnegative regularization parameter on first model use,tex/sections/04_natural_geometry.tex
S10,closed,Declare integer activation degree and polynomial-space meaning,tex/sections/02_setting_algorithms.tex;tex/sections/A_source_proof.tex
S11,closed,State domain assumptions before energy-family applications,tex/sections/04_natural_geometry.tex
S12,closed,Define KKT supremum on active space with inherited reference norm,chapter5_theory.tex
S13,closed,Count accepted independent directions and state rank/filter rules,chapter5_theory.tex;supplement/S2_pool_generation.md
S14,closed,Separate prescribed comparison power and fitted innovation slope,tex/generated/fractional_innovation_summary.tex;tex/sections/08_numerical_methodology.tex
S15,closed,State norm exponent and interval dependence of source constant,tex/sections/A_source_proof.tex
GITHUB,resolved,Publish complete package at the public repository with fixed tag cga-v3c-20260927,README.md;config/repository_link.json;supplement/S4_reproduction.md
JOURNAL,open,Target journal and its specific format are not supplied,README.md
RESEARCH,scope_limit,No unconditional high-order or uniform continuation theorem claimed,tex/sections/10_discussion.tex
