schema_version,case_id,step,state_path,state_sha256,source_history_sha256,config_sha256
window-certificate-v1,pure,1,data/raw/sensitivity/base_pure/pure_p_p4_k3_d1_neumann_stratified_breakpoint_lbfgs_seed0201_20260907T084318+0800/states/accepted_0001.npz,d46333f531cfc10f7da05c1cf35ea4fbb86c039fd4690f7af0a930f195f7f1c2,3da8885406067e143bc145fdad5d1cf191fbf7fe7f8161fb14e7abbe3f235f94,722987bad6031a42f983ab7757406af49aadb4740adabfeb7e772eac213e8eee
window-certificate-v1,pure,2,data/raw/sensitivity/base_pure/pure_p_p4_k3_d1_neumann_stratified_breakpoint_lbfgs_seed0201_20260907T084318+0800/states/accepted_0002.npz,9c17eeb9ca848c6dc40c3c8cef49b3e308e054eac4bb024e47fe2c77a19455e7,3da8885406067e143bc145fdad5d1cf191fbf7fe7f8161fb14e7abbe3f235f94,722987bad6031a42f983ab7757406af49aadb4740adabfeb7e772eac213e8eee
window-certificate-v1,pure,3,data/raw/sensitivity/base_pure/pure_p_p4_k3_d1_neumann_stratified_breakpoint_lbfgs_seed0201_20260907T084318+0800/states/accepted_0003.npz,1f5a80c73c3d293e1615725778effec252f51dbb5b7b72480d651b735b292069,3da8885406067e143bc145fdad5d1cf191fbf7fe7f8161fb14e7abbe3f235f94,722987bad6031a42f983ab7757406af49aadb4740adabfeb7e772eac213e8eee
window-certificate-v1,pure,4,data/raw/sensitivity/base_pure/pure_p_p4_k3_d1_neumann_stratified_breakpoint_lbfgs_seed0201_20260907T084318+0800/states/accepted_0004.npz,993339f4b3fdd87ad387f52adfa84fffb639e24d1e38710091345f32235ce596,3da8885406067e143bc145fdad5d1cf191fbf7fe7f8161fb14e7abbe3f235f94,722987bad6031a42f983ab7757406af49aadb4740adabfeb7e772eac213e8eee
window-certificate-v1,pure,5,data/raw/sensitivity/base_pure/pure_p_p4_k3_d1_neumann_stratified_breakpoint_lbfgs_seed0201_20260907T084318+0800/states/accepted_0005.npz,2e30bdfd6c709f01f6ba618f9984a899c4cd455b7362f60a0a486ebc13f5dbdb,3da8885406067e143bc145fdad5d1cf191fbf7fe7f8161fb14e7abbe3f235f94,722987bad6031a42f983ab7757406af49aadb4740adabfeb7e772eac213e8eee
window-certificate-v1,pure,6,data/raw/sensitivity/base_pure/pure_p_p4_k3_d1_neumann_stratified_breakpoint_lbfgs_seed0201_20260907T084318+0800/states/accepted_0006.npz,36821ce38462a5faf5b90fc7684abb9abe1e1979f71d20024a214c33332d012c,3da8885406067e143bc145fdad5d1cf191fbf7fe7f8161fb14e7abbe3f235f94,722987bad6031a42f983ab7757406af49aadb4740adabfeb7e772eac213e8eee
window-certificate-v1,pure,7,data/raw/sensitivity/base_pure/pure_p_p4_k3_d1_neumann_stratified_breakpoint_lbfgs_seed0201_20260907T084318+0800/states/accepted_0007.npz,b145e2512fc27d79dd1b924a9e78f1da6f0e57730fa522956a9ea1bcb1416672,3da8885406067e143bc145fdad5d1cf191fbf7fe7f8161fb14e7abbe3f235f94,722987bad6031a42f983ab7757406af49aadb4740adabfeb7e772eac213e8eee
window-certificate-v1,pure,8,data/raw/sensitivity/base_pure/pure_p_p4_k3_d1_neumann_stratified_breakpoint_lbfgs_seed0201_20260907T084318+0800/states/accepted_0008.npz,d3c575e94d940fa29a3cd38d36feaec5ade6227049783b96dad2cef9a00acb35,3da8885406067e143bc145fdad5d1cf191fbf7fe7f8161fb14e7abbe3f235f94,722987bad6031a42f983ab7757406af49aadb4740adabfeb7e772eac213e8eee
window-certificate-v1,pure,9,data/raw/sensitivity/base_pure/pure_p_p4_k3_d1_neumann_stratified_breakpoint_lbfgs_seed0201_20260907T084318+0800/states/accepted_0009.npz,fc933af8b89b26d97142cc4162c79beee7abfcd654a090ba452d26c8c96857ad,3da8885406067e143bc145fdad5d1cf191fbf7fe7f8161fb14e7abbe3f235f94,722987bad6031a42f983ab7757406af49aadb4740adabfeb7e772eac213e8eee
window-certificate-v1,pure,10,data/raw/sensitivity/base_pure/pure_p_p4_k3_d1_neumann_stratified_breakpoint_lbfgs_seed0201_20260907T084318+0800/states/accepted_0010.npz,00181fe566e91d557cb26d5e55924f8824c1b2db0c97cba6b6f021d18564436f,3da8885406067e143bc145fdad5d1cf191fbf7fe7f8161fb14e7abbe3f235f94,722987bad6031a42f983ab7757406af49aadb4740adabfeb7e772eac213e8eee
window-certificate-v1,pure,11,data/raw/sensitivity/base_pure/pure_p_p4_k3_d1_neumann_stratified_breakpoint_lbfgs_seed0201_20260907T084318+0800/states/accepted_0011.npz,f9790c731a6b4a7e576bec2862ce40688cd28d8d366b36d0755f60b5870bcb48,3da8885406067e143bc145fdad5d1cf191fbf7fe7f8161fb14e7abbe3f235f94,722987bad6031a42f983ab7757406af49aadb4740adabfeb7e772eac213e8eee
window-certificate-v1,pure,12,data/raw/sensitivity/base_pure/pure_p_p4_k3_d1_neumann_stratified_breakpoint_lbfgs_seed0201_20260907T084318+0800/states/accepted_0012.npz,cd9c36dfccd6bffadeda6dd763cf3ed24b67ae6d4aeac031e6be0ba18290d5ae,3da8885406067e143bc145fdad5d1cf191fbf7fe7f8161fb14e7abbe3f235f94,722987bad6031a42f983ab7757406af49aadb4740adabfeb7e772eac213e8eee
window-certificate-v1,pure,13,data/raw/sensitivity/base_pure/pure_p_p4_k3_d1_neumann_stratified_breakpoint_lbfgs_seed0201_20260907T084318+0800/states/accepted_0013.npz,95974bb28ab613d13127436769fd21da8bbc8e9dfbb2478b634ba2301c90b4ce,3da8885406067e143bc145fdad5d1cf191fbf7fe7f8161fb14e7abbe3f235f94,722987bad6031a42f983ab7757406af49aadb4740adabfeb7e772eac213e8eee
window-certificate-v1,pure,14,data/raw/sensitivity/base_pure/pure_p_p4_k3_d1_neumann_stratified_breakpoint_lbfgs_seed0201_20260907T084318+0800/states/accepted_0014.npz,588ded85fa45b791e5036de5bf3246db56b440c7e1a241955dbb106092eb1ecc,3da8885406067e143bc145fdad5d1cf191fbf7fe7f8161fb14e7abbe3f235f94,722987bad6031a42f983ab7757406af49aadb4740adabfeb7e772eac213e8eee
window-certificate-v1,pure,15,data/raw/sensitivity/base_pure/pure_p_p4_k3_d1_neumann_stratified_breakpoint_lbfgs_seed0201_20260907T084318+0800/states/accepted_0015.npz,af7882feef3105c83891a95e89e4a9dfaa50986bc6742b979acf771b3cc85269,3da8885406067e143bc145fdad5d1cf191fbf7fe7f8161fb14e7abbe3f235f94,722987bad6031a42f983ab7757406af49aadb4740adabfeb7e772eac213e8eee
window-certificate-v1,pure,16,data/raw/sensitivity/base_pure/pure_p_p4_k3_d1_neumann_stratified_breakpoint_lbfgs_seed0201_20260907T084318+0800/states/accepted_0016.npz,225fe158b589d455f4309b463cfbda40ca292e697b7f70e66419a460270800cc,3da8885406067e143bc145fdad5d1cf191fbf7fe7f8161fb14e7abbe3f235f94,722987bad6031a42f983ab7757406af49aadb4740adabfeb7e772eac213e8eee
window-certificate-v1,pure,17,data/raw/sensitivity/base_pure/pure_p_p4_k3_d1_neumann_stratified_breakpoint_lbfgs_seed0201_20260907T084318+0800/states/accepted_0017.npz,1b24f0fe96a14b93e6a34287b01f88c5b6a673c4ed663329c1481682ac746fb3,3da8885406067e143bc145fdad5d1cf191fbf7fe7f8161fb14e7abbe3f235f94,722987bad6031a42f983ab7757406af49aadb4740adabfeb7e772eac213e8eee
window-certificate-v1,pure,18,data/raw/sensitivity/base_pure/pure_p_p4_k3_d1_neumann_stratified_breakpoint_lbfgs_seed0201_20260907T084318+0800/states/accepted_0018.npz,2062394f29e7104c53a32b98538c920d5a1ba576736b763f8a6b7157289c2bc4,3da8885406067e143bc145fdad5d1cf191fbf7fe7f8161fb14e7abbe3f235f94,722987bad6031a42f983ab7757406af49aadb4740adabfeb7e772eac213e8eee
window-certificate-v1,pure,19,data/raw/sensitivity/base_pure/pure_p_p4_k3_d1_neumann_stratified_breakpoint_lbfgs_seed0201_20260907T084318+0800/states/accepted_0019.npz,e793566fc2a53e775f16828596decba5476f9a784260592fba14e3b03a1fd5d3,3da8885406067e143bc145fdad5d1cf191fbf7fe7f8161fb14e7abbe3f235f94,722987bad6031a42f983ab7757406af49aadb4740adabfeb7e772eac213e8eee
window-certificate-v1,pure,20,data/raw/sensitivity/base_pure/pure_p_p4_k3_d1_neumann_stratified_breakpoint_lbfgs_seed0201_20260907T084318+0800/states/accepted_0020.npz,f4ec2b724cccf71b1ad75d2771c6d81300de1a8abeea4fb00cc72c8daf6c992f,3da8885406067e143bc145fdad5d1cf191fbf7fe7f8161fb14e7abbe3f235f94,722987bad6031a42f983ab7757406af49aadb4740adabfeb7e772eac213e8eee
window-certificate-v1,pure,21,data/raw/sensitivity/base_pure/pure_p_p4_k3_d1_neumann_stratified_breakpoint_lbfgs_seed0201_20260907T084318+0800/states/accepted_0021.npz,8a26f7c09233b680047c2e8e3a45ee3a55938aae641d727a2ef76c1d137ddc3d,3da8885406067e143bc145fdad5d1cf191fbf7fe7f8161fb14e7abbe3f235f94,722987bad6031a42f983ab7757406af49aadb4740adabfeb7e772eac213e8eee
window-certificate-v1,pure,22,data/raw/sensitivity/base_pure/pure_p_p4_k3_d1_neumann_stratified_breakpoint_lbfgs_seed0201_20260907T084318+0800/states/accepted_0022.npz,7cf1e756429469c0a1ceed056f5a5526c53670294fb1cd7fa0e935a0e5e0c0d2,3da8885406067e143bc145fdad5d1cf191fbf7fe7f8161fb14e7abbe3f235f94,722987bad6031a42f983ab7757406af49aadb4740adabfeb7e772eac213e8eee
window-certificate-v1,pure,23,data/raw/sensitivity/base_pure/pure_p_p4_k3_d1_neumann_stratified_breakpoint_lbfgs_seed0201_20260907T084318+0800/states/accepted_0023.npz,b57918bfa05eaf5f94366ef70acd7c7971269a03bfe6b64abb01f173c5b09d20,3da8885406067e143bc145fdad5d1cf191fbf7fe7f8161fb14e7abbe3f235f94,722987bad6031a42f983ab7757406af49aadb4740adabfeb7e772eac213e8eee
window-certificate-v1,pure,24,data/raw/sensitivity/base_pure/pure_p_p4_k3_d1_neumann_stratified_breakpoint_lbfgs_seed0201_20260907T084318+0800/states/accepted_0024.npz,fca90d95cb5c57c143576ae2cb0cafe060eafd86e937435889929ba97e4b6332,3da8885406067e143bc145fdad5d1cf191fbf7fe7f8161fb14e7abbe3f235f94,722987bad6031a42f983ab7757406af49aadb4740adabfeb7e772eac213e8eee
window-certificate-v1,pure,25,data/raw/sensitivity/base_pure/pure_p_p4_k3_d1_neumann_stratified_breakpoint_lbfgs_seed0201_20260907T084318+0800/states/accepted_0025.npz,255f4f4ad7da575a4d541a9fbfec8402bba9496635c2a07b61e19f4faccb4741,3da8885406067e143bc145fdad5d1cf191fbf7fe7f8161fb14e7abbe3f235f94,722987bad6031a42f983ab7757406af49aadb4740adabfeb7e772eac213e8eee
window-certificate-v1,pure,26,data/raw/sensitivity/base_pure/pure_p_p4_k3_d1_neumann_stratified_breakpoint_lbfgs_seed0201_20260907T084318+0800/states/accepted_0026.npz,232011bc1886b99254113689f92b0f6f5fae89fb8a6fc00001635206b46f20f7,3da8885406067e143bc145fdad5d1cf191fbf7fe7f8161fb14e7abbe3f235f94,722987bad6031a42f983ab7757406af49aadb4740adabfeb7e772eac213e8eee
window-certificate-v1,pure,27,data/raw/sensitivity/base_pure/pure_p_p4_k3_d1_neumann_stratified_breakpoint_lbfgs_seed0201_20260907T084318+0800/states/accepted_0027.npz,01b1eb24df56578862dd74d9559a1c2e3f4cd7d82180b48b371f45f0a0d71f94,3da8885406067e143bc145fdad5d1cf191fbf7fe7f8161fb14e7abbe3f235f94,722987bad6031a42f983ab7757406af49aadb4740adabfeb7e772eac213e8eee
window-certificate-v1,pure,28,data/raw/sensitivity/base_pure/pure_p_p4_k3_d1_neumann_stratified_breakpoint_lbfgs_seed0201_20260907T084318+0800/states/accepted_0028.npz,82af67288b26d6e2fd43446afff89d9e7abd5bcc56d5b5312b440d4e08c48697,3da8885406067e143bc145fdad5d1cf191fbf7fe7f8161fb14e7abbe3f235f94,722987bad6031a42f983ab7757406af49aadb4740adabfeb7e772eac213e8eee
window-certificate-v1,pure,29,data/raw/sensitivity/base_pure/pure_p_p4_k3_d1_neumann_stratified_breakpoint_lbfgs_seed0201_20260907T084318+0800/states/accepted_0029.npz,db496a86f902be239ddf815254f1686a42c8e80503e6aacf46c864311a446419,3da8885406067e143bc145fdad5d1cf191fbf7fe7f8161fb14e7abbe3f235f94,722987bad6031a42f983ab7757406af49aadb4740adabfeb7e772eac213e8eee
window-certificate-v1,pure,30,data/raw/sensitivity/base_pure/pure_p_p4_k3_d1_neumann_stratified_breakpoint_lbfgs_seed0201_20260907T084318+0800/states/accepted_0030.npz,10440c8ce5eddf6555433df04894eebab8f0902e71dd8165ebe427bc2936eeaf,3da8885406067e143bc145fdad5d1cf191fbf7fe7f8161fb14e7abbe3f235f94,722987bad6031a42f983ab7757406af49aadb4740adabfeb7e772eac213e8eee
window-certificate-v1,pure,31,data/raw/sensitivity/base_pure/pure_p_p4_k3_d1_neumann_stratified_breakpoint_lbfgs_seed0201_20260907T084318+0800/states/accepted_0031.npz,52d05dc451a0cf0ae2c3f1c50419d6601976816b5e3d6d9c641c3fac561fbb9d,3da8885406067e143bc145fdad5d1cf191fbf7fe7f8161fb14e7abbe3f235f94,722987bad6031a42f983ab7757406af49aadb4740adabfeb7e772eac213e8eee
window-certificate-v1,pure,32,data/raw/sensitivity/base_pure/pure_p_p4_k3_d1_neumann_stratified_breakpoint_lbfgs_seed0201_20260907T084318+0800/states/accepted_0032.npz,3e825d4a131717f7b5a7db8ad15332cb2fb31dce1d6a3da961fcef8f46a56d32,3da8885406067e143bc145fdad5d1cf191fbf7fe7f8161fb14e7abbe3f235f94,722987bad6031a42f983ab7757406af49aadb4740adabfeb7e772eac213e8eee
window-certificate-v1,regularized-0.1,1,data/raw/sensitivity/epsilon_01/regularized_p_p4_k3_d1_neumann_stratified_breakpoint_lbfgs_seed0201_20260907T084318+0800/states/accepted_0001.npz,cc99c66abaeacb09d92d492e8a2445a826a19ca745eaf4ba46c512ff1149ee1a,327ec1f128a50a5d77ead82df41f105b5ecc6f7e24779e867fd8f93e72f56f42,a833aa8251d4985c781cb0cd787c7c1ebca8706c7acf628746c9085baf64f232
window-certificate-v1,regularized-0.1,2,data/raw/sensitivity/epsilon_01/regularized_p_p4_k3_d1_neumann_stratified_breakpoint_lbfgs_seed0201_20260907T084318+0800/states/accepted_0002.npz,1f840022f675e83edeff9a83ff0aa9c5b2726b562d6f5703fedcd82acf29b80e,327ec1f128a50a5d77ead82df41f105b5ecc6f7e24779e867fd8f93e72f56f42,a833aa8251d4985c781cb0cd787c7c1ebca8706c7acf628746c9085baf64f232
window-certificate-v1,regularized-0.1,3,data/raw/sensitivity/epsilon_01/regularized_p_p4_k3_d1_neumann_stratified_breakpoint_lbfgs_seed0201_20260907T084318+0800/states/accepted_0003.npz,a024b1b82243e88acb32f060fc1cb05d187e27ce56c2cd36fcd3297f14384e70,327ec1f128a50a5d77ead82df41f105b5ecc6f7e24779e867fd8f93e72f56f42,a833aa8251d4985c781cb0cd787c7c1ebca8706c7acf628746c9085baf64f232
window-certificate-v1,regularized-0.1,4,data/raw/sensitivity/epsilon_01/regularized_p_p4_k3_d1_neumann_stratified_breakpoint_lbfgs_seed0201_20260907T084318+0800/states/accepted_0004.npz,4acfa25fba674d35bd69f43574e49c67103f1a9ba23cfd852bdf70a3d7cc8794,327ec1f128a50a5d77ead82df41f105b5ecc6f7e24779e867fd8f93e72f56f42,a833aa8251d4985c781cb0cd787c7c1ebca8706c7acf628746c9085baf64f232
window-certificate-v1,regularized-0.1,5,data/raw/sensitivity/epsilon_01/regularized_p_p4_k3_d1_neumann_stratified_breakpoint_lbfgs_seed0201_20260907T084318+0800/states/accepted_0005.npz,d415b22e281075c3660618358331ce7ef18bcd63c23285502219318adaf10b19,327ec1f128a50a5d77ead82df41f105b5ecc6f7e24779e867fd8f93e72f56f42,a833aa8251d4985c781cb0cd787c7c1ebca8706c7acf628746c9085baf64f232
window-certificate-v1,regularized-0.1,6,data/raw/sensitivity/epsilon_01/regularized_p_p4_k3_d1_neumann_stratified_breakpoint_lbfgs_seed0201_20260907T084318+0800/states/accepted_0006.npz,114fd5d0c0bb3b474fef1ec62d1ed55c8fce99356420065e3786d77ea819658a,327ec1f128a50a5d77ead82df41f105b5ecc6f7e24779e867fd8f93e72f56f42,a833aa8251d4985c781cb0cd787c7c1ebca8706c7acf628746c9085baf64f232
window-certificate-v1,regularized-0.1,7,data/raw/sensitivity/epsilon_01/regularized_p_p4_k3_d1_neumann_stratified_breakpoint_lbfgs_seed0201_20260907T084318+0800/states/accepted_0007.npz,6297e717254a3160063165dbcc06c470918391250d8dcabfd99ac84440e13883,327ec1f128a50a5d77ead82df41f105b5ecc6f7e24779e867fd8f93e72f56f42,a833aa8251d4985c781cb0cd787c7c1ebca8706c7acf628746c9085baf64f232
window-certificate-v1,regularized-0.1,8,data/raw/sensitivity/epsilon_01/regularized_p_p4_k3_d1_neumann_stratified_breakpoint_lbfgs_seed0201_20260907T084318+0800/states/accepted_0008.npz,9655ebc0fa0abf4ea34fafd84fd570a4305b3bf4edf43bcd31793600695c7ba4,327ec1f128a50a5d77ead82df41f105b5ecc6f7e24779e867fd8f93e72f56f42,a833aa8251d4985c781cb0cd787c7c1ebca8706c7acf628746c9085baf64f232
window-certificate-v1,regularized-0.1,9,data/raw/sensitivity/epsilon_01/regularized_p_p4_k3_d1_neumann_stratified_breakpoint_lbfgs_seed0201_20260907T084318+0800/states/accepted_0009.npz,46eb9257933c319785241a068a70e07781b70f32d49cbc6a73ce3e6274687d84,327ec1f128a50a5d77ead82df41f105b5ecc6f7e24779e867fd8f93e72f56f42,a833aa8251d4985c781cb0cd787c7c1ebca8706c7acf628746c9085baf64f232
window-certificate-v1,regularized-0.1,10,data/raw/sensitivity/epsilon_01/regularized_p_p4_k3_d1_neumann_stratified_breakpoint_lbfgs_seed0201_20260907T084318+0800/states/accepted_0010.npz,7561d3e8e1716885b6b5c4098744e73cf6cedc4a704160433801dc1f78003a1b,327ec1f128a50a5d77ead82df41f105b5ecc6f7e24779e867fd8f93e72f56f42,a833aa8251d4985c781cb0cd787c7c1ebca8706c7acf628746c9085baf64f232
window-certificate-v1,regularized-0.1,11,data/raw/sensitivity/epsilon_01/regularized_p_p4_k3_d1_neumann_stratified_breakpoint_lbfgs_seed0201_20260907T084318+0800/states/accepted_0011.npz,1a8862f1adeb9d7e2976ff3a3fb5f49e904642d478d8ccf0d676521428de0d47,327ec1f128a50a5d77ead82df41f105b5ecc6f7e24779e867fd8f93e72f56f42,a833aa8251d4985c781cb0cd787c7c1ebca8706c7acf628746c9085baf64f232
window-certificate-v1,regularized-0.1,12,data/raw/sensitivity/epsilon_01/regularized_p_p4_k3_d1_neumann_stratified_breakpoint_lbfgs_seed0201_20260907T084318+0800/states/accepted_0012.npz,c77f1454d1f78add65bd1efc29cdd5bd3b8d8b3601a26ab9dd5c02633d3f01af,327ec1f128a50a5d77ead82df41f105b5ecc6f7e24779e867fd8f93e72f56f42,a833aa8251d4985c781cb0cd787c7c1ebca8706c7acf628746c9085baf64f232
window-certificate-v1,regularized-0.1,13,data/raw/sensitivity/epsilon_01/regularized_p_p4_k3_d1_neumann_stratified_breakpoint_lbfgs_seed0201_20260907T084318+0800/states/accepted_0013.npz,f9a61c656413988557104e6a1fd27b5142e9a26e721e64c0c09f77c41846623c,327ec1f128a50a5d77ead82df41f105b5ecc6f7e24779e867fd8f93e72f56f42,a833aa8251d4985c781cb0cd787c7c1ebca8706c7acf628746c9085baf64f232
window-certificate-v1,regularized-0.1,14,data/raw/sensitivity/epsilon_01/regularized_p_p4_k3_d1_neumann_stratified_breakpoint_lbfgs_seed0201_20260907T084318+0800/states/accepted_0014.npz,7897f99a09fcc150618a4f9e67d97d2cc1d23845a8cee7468da03ad48e8d9498,327ec1f128a50a5d77ead82df41f105b5ecc6f7e24779e867fd8f93e72f56f42,a833aa8251d4985c781cb0cd787c7c1ebca8706c7acf628746c9085baf64f232
window-certificate-v1,regularized-0.1,15,data/raw/sensitivity/epsilon_01/regularized_p_p4_k3_d1_neumann_stratified_breakpoint_lbfgs_seed0201_20260907T084318+0800/states/accepted_0015.npz,636fea9d23b98527ae052d271f5e9a44548f3fe0af37b413fc5dca5a9bf53188,327ec1f128a50a5d77ead82df41f105b5ecc6f7e24779e867fd8f93e72f56f42,a833aa8251d4985c781cb0cd787c7c1ebca8706c7acf628746c9085baf64f232
window-certificate-v1,regularized-0.1,16,data/raw/sensitivity/epsilon_01/regularized_p_p4_k3_d1_neumann_stratified_breakpoint_lbfgs_seed0201_20260907T084318+0800/states/accepted_0016.npz,bb94d17f0788c6adb3e85c5d22bb37aa4029a84596ef4c520fd07412bfcc8d4c,327ec1f128a50a5d77ead82df41f105b5ecc6f7e24779e867fd8f93e72f56f42,a833aa8251d4985c781cb0cd787c7c1ebca8706c7acf628746c9085baf64f232
window-certificate-v1,regularized-0.1,17,data/raw/sensitivity/epsilon_01/regularized_p_p4_k3_d1_neumann_stratified_breakpoint_lbfgs_seed0201_20260907T084318+0800/states/accepted_0017.npz,4ad9ddecdf8525ea35cf2baa86b2a5c0638b19254400cd7f81e4b3d66d28ae28,327ec1f128a50a5d77ead82df41f105b5ecc6f7e24779e867fd8f93e72f56f42,a833aa8251d4985c781cb0cd787c7c1ebca8706c7acf628746c9085baf64f232
window-certificate-v1,regularized-0.1,18,data/raw/sensitivity/epsilon_01/regularized_p_p4_k3_d1_neumann_stratified_breakpoint_lbfgs_seed0201_20260907T084318+0800/states/accepted_0018.npz,1fa63a5b69d1d853accd70917e9b625bb1430de07688bc374db63e3767f28dc0,327ec1f128a50a5d77ead82df41f105b5ecc6f7e24779e867fd8f93e72f56f42,a833aa8251d4985c781cb0cd787c7c1ebca8706c7acf628746c9085baf64f232
window-certificate-v1,regularized-0.1,19,data/raw/sensitivity/epsilon_01/regularized_p_p4_k3_d1_neumann_stratified_breakpoint_lbfgs_seed0201_20260907T084318+0800/states/accepted_0019.npz,ebb48af52870454b23649713e9ed108fd666e39c01779ca954fc8802b139ac72,327ec1f128a50a5d77ead82df41f105b5ecc6f7e24779e867fd8f93e72f56f42,a833aa8251d4985c781cb0cd787c7c1ebca8706c7acf628746c9085baf64f232
window-certificate-v1,regularized-0.1,20,data/raw/sensitivity/epsilon_01/regularized_p_p4_k3_d1_neumann_stratified_breakpoint_lbfgs_seed0201_20260907T084318+0800/states/accepted_0020.npz,ef4cac7de2dacbaf63e37d13bdca98d1e7aff16503f821aac1401b65ad75ab65,327ec1f128a50a5d77ead82df41f105b5ecc6f7e24779e867fd8f93e72f56f42,a833aa8251d4985c781cb0cd787c7c1ebca8706c7acf628746c9085baf64f232
window-certificate-v1,regularized-0.1,21,data/raw/sensitivity/epsilon_01/regularized_p_p4_k3_d1_neumann_stratified_breakpoint_lbfgs_seed0201_20260907T084318+0800/states/accepted_0021.npz,2ae50900389aa167cfcb6105d3caf71262f337a333bdf47916307e630f833591,327ec1f128a50a5d77ead82df41f105b5ecc6f7e24779e867fd8f93e72f56f42,a833aa8251d4985c781cb0cd787c7c1ebca8706c7acf628746c9085baf64f232
window-certificate-v1,regularized-0.1,22,data/raw/sensitivity/epsilon_01/regularized_p_p4_k3_d1_neumann_stratified_breakpoint_lbfgs_seed0201_20260907T084318+0800/states/accepted_0022.npz,b5f9fa4c12e0deea40446e5ee5a75709d67dd2f7c160dd1bc8211f99cfa99742,327ec1f128a50a5d77ead82df41f105b5ecc6f7e24779e867fd8f93e72f56f42,a833aa8251d4985c781cb0cd787c7c1ebca8706c7acf628746c9085baf64f232
window-certificate-v1,regularized-0.1,23,data/raw/sensitivity/epsilon_01/regularized_p_p4_k3_d1_neumann_stratified_breakpoint_lbfgs_seed0201_20260907T084318+0800/states/accepted_0023.npz,c82627c1eb31ef2e0a1484bb1f9d9dc446b0948184054793432bd8f714d3ae87,327ec1f128a50a5d77ead82df41f105b5ecc6f7e24779e867fd8f93e72f56f42,a833aa8251d4985c781cb0cd787c7c1ebca8706c7acf628746c9085baf64f232
window-certificate-v1,regularized-0.1,24,data/raw/sensitivity/epsilon_01/regularized_p_p4_k3_d1_neumann_stratified_breakpoint_lbfgs_seed0201_20260907T084318+0800/states/accepted_0024.npz,76b01acccd4a1ad92db9d59f0b35314d16bd7b67b1bca26461095519ddbdeec0,327ec1f128a50a5d77ead82df41f105b5ecc6f7e24779e867fd8f93e72f56f42,a833aa8251d4985c781cb0cd787c7c1ebca8706c7acf628746c9085baf64f232
window-certificate-v1,regularized-0.1,25,data/raw/sensitivity/epsilon_01/regularized_p_p4_k3_d1_neumann_stratified_breakpoint_lbfgs_seed0201_20260907T084318+0800/states/accepted_0025.npz,28fb25d7f88c49dbd20401f90a089e0ca7164d9592821d2b945e3dc57a1eed61,327ec1f128a50a5d77ead82df41f105b5ecc6f7e24779e867fd8f93e72f56f42,a833aa8251d4985c781cb0cd787c7c1ebca8706c7acf628746c9085baf64f232
window-certificate-v1,regularized-0.1,26,data/raw/sensitivity/epsilon_01/regularized_p_p4_k3_d1_neumann_stratified_breakpoint_lbfgs_seed0201_20260907T084318+0800/states/accepted_0026.npz,32b8633ec682ea13a08bea1719e518599917f65571481af06a830960712be54a,327ec1f128a50a5d77ead82df41f105b5ecc6f7e24779e867fd8f93e72f56f42,a833aa8251d4985c781cb0cd787c7c1ebca8706c7acf628746c9085baf64f232
window-certificate-v1,regularized-0.1,27,data/raw/sensitivity/epsilon_01/regularized_p_p4_k3_d1_neumann_stratified_breakpoint_lbfgs_seed0201_20260907T084318+0800/states/accepted_0027.npz,33c496a3d1e94fd42af782d7d30bead47678c57cb7317d77b901c7354f538099,327ec1f128a50a5d77ead82df41f105b5ecc6f7e24779e867fd8f93e72f56f42,a833aa8251d4985c781cb0cd787c7c1ebca8706c7acf628746c9085baf64f232
window-certificate-v1,regularized-0.1,28,data/raw/sensitivity/epsilon_01/regularized_p_p4_k3_d1_neumann_stratified_breakpoint_lbfgs_seed0201_20260907T084318+0800/states/accepted_0028.npz,22fe18e0fdfa00d22d0ad1ac37c69d662e2b91e4bcbbf8b19e4ebd9878e63d8b,327ec1f128a50a5d77ead82df41f105b5ecc6f7e24779e867fd8f93e72f56f42,a833aa8251d4985c781cb0cd787c7c1ebca8706c7acf628746c9085baf64f232
window-certificate-v1,regularized-0.1,29,data/raw/sensitivity/epsilon_01/regularized_p_p4_k3_d1_neumann_stratified_breakpoint_lbfgs_seed0201_20260907T084318+0800/states/accepted_0029.npz,1493099ffd4122f3f9a38ca7dd5f6fd69a355b92e4368d0ee5892c384bc04e44,327ec1f128a50a5d77ead82df41f105b5ecc6f7e24779e867fd8f93e72f56f42,a833aa8251d4985c781cb0cd787c7c1ebca8706c7acf628746c9085baf64f232
window-certificate-v1,regularized-0.1,30,data/raw/sensitivity/epsilon_01/regularized_p_p4_k3_d1_neumann_stratified_breakpoint_lbfgs_seed0201_20260907T084318+0800/states/accepted_0030.npz,ad7b678bc6c7bca4c10b818ef4c1a7e64563525bed8c60852a8667f23b1a21f9,327ec1f128a50a5d77ead82df41f105b5ecc6f7e24779e867fd8f93e72f56f42,a833aa8251d4985c781cb0cd787c7c1ebca8706c7acf628746c9085baf64f232
window-certificate-v1,regularized-0.1,31,data/raw/sensitivity/epsilon_01/regularized_p_p4_k3_d1_neumann_stratified_breakpoint_lbfgs_seed0201_20260907T084318+0800/states/accepted_0031.npz,0bf6a8897f7da86a1bd3e94db6d47b773eca14a840525fde07bdc3702b372cf8,327ec1f128a50a5d77ead82df41f105b5ecc6f7e24779e867fd8f93e72f56f42,a833aa8251d4985c781cb0cd787c7c1ebca8706c7acf628746c9085baf64f232
window-certificate-v1,regularized-0.1,32,data/raw/sensitivity/epsilon_01/regularized_p_p4_k3_d1_neumann_stratified_breakpoint_lbfgs_seed0201_20260907T084318+0800/states/accepted_0032.npz,1bbbe1a73c0ffbdb2755c7eb1933ddc195f87075648fc635b9d650cda874eec2,327ec1f128a50a5d77ead82df41f105b5ecc6f7e24779e867fd8f93e72f56f42,a833aa8251d4985c781cb0cd787c7c1ebca8706c7acf628746c9085baf64f232
