schema_version,case_id,run_id,step,state,evaluator_level,evaluator_rule,energy_gap_raw,energy_gap_status,bregman_gap,l2_abs,l2_rel,natural_abs,natural_rel,w1p_full_abs,w1p_full_rel,quasi_abs,quasi_rel,energy_minus_bregman_abs,model_sha256,config_sha256
cga-experiments-v1,01,01_linear_d1_k3_multifreq,256,primary_terminal,low,SG8-256,3.8007404512541143e-07,ok,3.80074117626027e-07,1.2006990434728903e-06,1.6571221140718995e-06,0.0008718648032727456,0.00012469717669196195,,,,,7.250061557948992e-14,7d3cc31f2d7ea5d2adcf0c9021b85ac079cd606dee7743ced80c524afb001d75,ac30654f41bb015e32bfcda0d15423fc09d8a8a22e7f8fb9d3f61e6d6f06da61
cga-experiments-v1,01,01_linear_d1_k3_multifreq,256,primary_terminal,medium,SG12-256,3.8007392078043267e-07,ok,3.8007411750694683e-07,1.2006990433601527e-06,1.6571221139163067e-06,0.0008718648032734773,0.0001246971766920666,,,,,1.9672651415767814e-13,7d3cc31f2d7ea5d2adcf0c9021b85ac079cd606dee7743ced80c524afb001d75,ac30654f41bb015e32bfcda0d15423fc09d8a8a22e7f8fb9d3f61e6d6f06da61
cga-experiments-v1,01,01_linear_d1_k3_multifreq,256,primary_terminal,high,SG16-256,3.800740842052619e-07,ok,3.8007411756752504e-07,1.2006990435332469e-06,1.6571221141551997e-06,0.0008718648032746555,0.00012469717669223512,,,,,3.336226314105595e-14,7d3cc31f2d7ea5d2adcf0c9021b85ac079cd606dee7743ced80c524afb001d75,ac30654f41bb015e32bfcda0d15423fc09d8a8a22e7f8fb9d3f61e6d6f06da61
cga-experiments-v1,03,03_cubic_d1_k3_multifreq,256,primary_terminal,low,SG8-256,3.609954468686283e-07,ok,3.6099558579436813e-07,1.128891261536054e-06,1.5580179596571461e-06,0.0008497001181275142,0.00012152710531220011,,,,,1.3892573985518642e-13,9c8e7269129290a60ff1d0e83985bb948d7e86374dcd298a9b76e3df7ab2973a,bee8d2b15423f529679987a564d9637ca491763f4602c2c64999aaca828bb05b
cga-experiments-v1,03,03_cubic_d1_k3_multifreq,256,primary_terminal,medium,SG12-256,3.6099546463219667e-07,ok,3.609955856783515e-07,1.1288912615638479e-06,1.558017959695505e-06,0.0008497001181253905,0.00012152710531189636,,,,,1.2104615484070615e-13,9c8e7269129290a60ff1d0e83985bb948d7e86374dcd298a9b76e3df7ab2973a,bee8d2b15423f529679987a564d9637ca491763f4602c2c64999aaca828bb05b
cga-experiments-v1,03,03_cubic_d1_k3_multifreq,256,primary_terminal,high,SG16-256,3.6099558542446175e-07,ok,3.6099558573145153e-07,1.1288912615443356e-06,1.5580179596685756e-06,0.000849700118125114,0.00012152710531185683,,,,,3.0698978049646165e-16,9c8e7269129290a60ff1d0e83985bb948d7e86374dcd298a9b76e3df7ab2973a,bee8d2b15423f529679987a564d9637ca491763f4602c2c64999aaca828bb05b
cga-experiments-v1,06,06_sinh_d2_k3,506,primary_terminal,low,SQ15-seed238,-1.6898420435396133e-05,negative_unresolved,3.931704964835353e-05,9.392945798368627e-05,0.0001878589160669546,0.008867512850126246,0.0019833712973948785,,,,,5.6215470083749666e-05,5166a1db687262b7f94c4a2827890f9c7d4d251bdb2aec590d2a0c9f42ad4ae8,bd8fe159eb78eb62683cb9578f244be5a4fca68c3997be8fc64562bfeadc5146
cga-experiments-v1,06,06_sinh_d2_k3,506,primary_terminal,medium,SQ17-seed302,4.410324969583712e-05,ok,3.852333780290522e-05,9.403328128002684e-05,0.00018806656254651078,0.008777548235625954,0.0019632491699193414,,,,,5.5799118929319015e-06,5166a1db687262b7f94c4a2827890f9c7d4d251bdb2aec590d2a0c9f42ad4ae8,bd8fe159eb78eb62683cb9578f244be5a4fca68c3997be8fc64562bfeadc5146
cga-experiments-v1,06,06_sinh_d2_k3,506,primary_terminal,high,SQ19-seed412,3.722220298207901e-05,ok,3.8386571314684405e-05,9.402801838029466e-05,0.00018805603676058568,0.008761953003236104,0.0019597610286491833,,,,,1.164368332605394e-06,5166a1db687262b7f94c4a2827890f9c7d4d251bdb2aec590d2a0c9f42ad4ae8,bd8fe159eb78eb62683cb9578f244be5a4fca68c3997be8fc64562bfeadc5146
cga-experiments-v1,08,08_pure_p_p4_d2_k3,501,primary_terminal,low,SQ15-seed238,0.0003402800339813439,ok,0.00048490010692577457,6.543132321044999e-05,0.0001308626464902689,0.018025931026290565,0.003939532642871627,0.01802593103231601,0.0039392167451063696,0.0348322104200011,0.00157832445799007,0.0001446200729444307,3ed064be89fa7ae88dd3423d0f083f8764e19a447762d4a938305f96c9726786,da30c96b4a28dd65ec75fa473934beb06944f34575b5d5ad6e764adb6b658581
cga-experiments-v1,08,08_pure_p_p4_d2_k3,501,primary_terminal,medium,SQ17-seed302,0.000495703985052387,ok,0.00048599315867517943,6.543197839840664e-05,0.0001308639567873896,0.01571025454112905,0.0034334459933680578,0.01571025455019615,0.0034331706779098083,0.0348740431776545,0.0015802199972953404,9.710826377207563e-06,3ed064be89fa7ae88dd3423d0f083f8764e19a447762d4a938305f96c9726786,da30c96b4a28dd65ec75fa473934beb06944f34575b5d5ad6e764adb6b658581
cga-experiments-v1,08,08_pure_p_p4_d2_k3,501,primary_terminal,high,SQ19-seed412,0.0004845049444384131,ok,0.0004858126938581125,6.54379610102073e-05,0.00013087592202041208,0.015796145926177747,0.0034522173906416037,0.015796145935104852,0.0034519405699700214,0.03486733950910255,0.0015799162391618143,1.3077494196993993e-06,3ed064be89fa7ae88dd3423d0f083f8764e19a447762d4a938305f96c9726786,da30c96b4a28dd65ec75fa473934beb06944f34575b5d5ad6e764adb6b658581
cga-experiments-v1,10,10_regularized_p_p4_d2_k3,472,primary_terminal,low,SQ15-seed238,0.00025513359696560656,ok,0.0003292218570606993,7.111265264664759e-05,0.00014222530536868734,0.018104697360676728,0.003956746874137744,0.01810469736773874,0.003956429596242416,0.02852081655398511,0.0012920794457566681,7.408826009509275e-05,b9918ec2d8b19150950c133c665e4fa16d1c06823b9d6f7e537b059da7e9f4f2,e196ef64e55dcb9da9f74a3ff107b3ad2b24d5287bc1edb0dd8aab27a53ab617
cga-experiments-v1,10,10_regularized_p_p4_d2_k3,472,primary_terminal,medium,SQ17-seed302,0.00033154926973111287,ok,0.0003297075511759557,7.112918665846657e-05,0.00014225837330668893,0.01510373868598554,0.003300893116690922,0.01510373869813943,0.0033006284309133956,0.028542529663297338,0.001293063119171223,1.841718555157146e-06,b9918ec2d8b19150950c133c665e4fa16d1c06823b9d6f7e537b059da7e9f4f2,e196ef64e55dcb9da9f74a3ff107b3ad2b24d5287bc1edb0dd8aab27a53ab617
cga-experiments-v1,10,10_regularized_p_p4_d2_k3,472,primary_terminal,high,SQ19-seed412,0.0003285471644858262,ok,0.0003297347464020405,7.112877741608093e-05,0.00014225755483215913,0.015235769182473491,0.0033297481282678638,0.015235769194309173,0.0033294811286628057,0.028543915788132354,0.0012931259147539811,1.1875819162142582e-06,b9918ec2d8b19150950c133c665e4fa16d1c06823b9d6f7e537b059da7e9f4f2,e196ef64e55dcb9da9f74a3ff107b3ad2b24d5287bc1edb0dd8aab27a53ab617
cga-experiments-v1,12,12_reaction_p_p4_d2_k3,485,primary_terminal,low,SQ15-seed238,0.00038086519509761274,ok,0.00033380281179340785,7.938396547482999e-05,0.00015876793103382123,0.01509062334064975,0.003297762320903702,0.01509062334064975,0.003297762320903702,0.028638770209305373,0.0012974986897058068,4.7062383304204895e-05,eb73bd5ecf13311e855596025c71edc0f70bf693006480031176b4be54a123c2,c923ea34e8341913b685948d6783f7bc776de7d1e1e2498187e08801e292b2eb
cga-experiments-v1,12,12_reaction_p_p4_d2_k3,485,primary_terminal,medium,SQ17-seed302,0.0003452291066992075,ok,0.0003342007089744975,7.937091130364287e-05,0.00015874182259585453,0.01408885987229787,0.0030788463957860733,0.01408885987229787,0.0030788463957860733,0.028654049702047456,0.0012981909411985443,1.1028397724709995e-05,eb73bd5ecf13311e855596025c71edc0f70bf693006480031176b4be54a123c2,c923ea34e8341913b685948d6783f7bc776de7d1e1e2498187e08801e292b2eb
cga-experiments-v1,12,12_reaction_p_p4_d2_k3,485,primary_terminal,high,SQ19-seed412,0.00033351822924032604,ok,0.00033416699445109227,7.937336781856288e-05,0.0001587467356371227,0.013994891526491138,0.0030583114407206676,0.013994891526491138,0.0030583114407206676,0.028652757869094832,0.001298132413791111,6.487652107662364e-07,eb73bd5ecf13311e855596025c71edc0f70bf693006480031176b4be54a123c2,c923ea34e8341913b685948d6783f7bc776de7d1e1e2498187e08801e292b2eb
cga-experiments-v1,15,15_pure_p_p5_d1_k1,256,primary_terminal,low,SG8-258,0.0864493453536852,ok,0.08644934535380518,0.0175061589267905,0.024757447379325948,0.6731537515459056,0.13297151961569043,0.6731537532165282,0.13296880436521472,0.5035461619440597,0.008732733236864498,1.1997347559855598e-13,574aac7c11028d274da1486451d59dd2b517fe33326f844c0a57a374c162b3ac,76adbf6f1f648e911e9b028c2b0f63df476bd9606a37f9233f2c8f8bf6c3ee6c
cga-experiments-v1,15,15_pure_p_p5_d1_k1,256,primary_terminal,medium,SG12-258,0.08644934535413995,ok,0.08644934535380014,0.0175061589267905,0.024757447379325948,0.6731537151817482,0.13297151243249153,0.6731537168523712,0.13296879718216262,0.5035461648780979,0.00873273328774796,3.398115122621448e-13,574aac7c11028d274da1486451d59dd2b517fe33326f844c0a57a374c162b3ac,76adbf6f1f648e911e9b028c2b0f63df476bd9606a37f9233f2c8f8bf6c3ee6c
cga-experiments-v1,15,15_pure_p_p5_d1_k1,256,primary_terminal,high,SG16-258,0.0864493453536852,ok,0.08644934535380333,0.017506158926790506,0.024757447379325958,0.6731537147661736,0.13297151235040094,0.6731537164367967,0.13296879710007373,0.5035461650523391,0.008732733290769732,1.1812772982011666e-13,574aac7c11028d274da1486451d59dd2b517fe33326f844c0a57a374c162b3ac,76adbf6f1f648e911e9b028c2b0f63df476bd9606a37f9233f2c8f8bf6c3ee6c
cga-experiments-v1,17,17_pure_p_p4_d1_k3,141,primary_terminal,low,SG8-143,1.7200818547280505e-10,ok,1.7213337494598735e-10,6.303185098796683e-08,8.914049852866265e-08,5.2957270567463767e-05,1.0770550666433793e-05,5.2957270567654213e-05,1.0768823698300537e-05,2.1424791284000522e-05,8.862193518387501e-07,1.2518947318229635e-13,2a63bd9680c919523b95c66fe31dfabeebed702a44c5950b6cb4828bd832e9e5,7bcca432ab07fd21d6814658ee6df71cd341be819fb898f85c775e431f405f5a
cga-experiments-v1,17,17_pure_p_p4_d1_k3,141,primary_terminal,medium,SG12-143,1.7212187231052667e-10,ok,1.7213353440451067e-10,6.303185099477774e-08,8.914049853829474e-08,5.295727056682501e-05,1.0770550666303882e-05,5.295727056701546e-05,1.0768823698170648e-05,2.142479128543068e-05,8.862193518979074e-07,1.1662093984001004e-14,2a63bd9680c919523b95c66fe31dfabeebed702a44c5950b6cb4828bd832e9e5,7bcca432ab07fd21d6814658ee6df71cd341be819fb898f85c775e431f405f5a
cga-experiments-v1,17,17_pure_p_p4_d1_k3,141,primary_terminal,high,SG16-143,1.7206502889166586e-10,ok,1.721343707852503e-10,6.303185096686425e-08,8.91404984988191e-08,5.2957270567092075e-05,1.0770550666358199e-05,5.295727056728253e-05,1.0768823698224956e-05,2.142479128507175e-05,8.862193518830606e-07,6.934189358443005e-14,2a63bd9680c919523b95c66fe31dfabeebed702a44c5950b6cb4828bd832e9e5,7bcca432ab07fd21d6814658ee6df71cd341be819fb898f85c775e431f405f5a
cga-experiments-v1,pure-p4-d1-k3-window,pure_p_p4_k3_d1_neumann_stratified_breakpoint_lbfgs_seed0201_20260907T084318+0800,1,accepted_snapshot,low,SG8-3,313.91394555889735,ok,313.91250593229677,0.6829109672745745,0.9657819517915427,4.472849039940626,0.9096967106568277,4.474354358897479,0.9098569539582397,22.54289054091186,0.9324689286030391,0.0014396266005860525,d46333f531cfc10f7da05c1cf35ea4fbb86c039fd4690f7af0a930f195f7f1c2,722987bad6031a42f983ab7757406af49aadb4740adabfeb7e772eac213e8eee
cga-experiments-v1,pure-p4-d1-k3-window,pure_p_p4_k3_d1_neumann_stratified_breakpoint_lbfgs_seed0201_20260907T084318+0800,1,accepted_snapshot,medium,SG12-3,313.9127860077816,ok,313.91278600721625,0.6829109672582553,0.9657819517899532,4.4728500984840025,0.9096967818180257,4.474355416915552,0.9098570249527271,22.542898760778098,0.9324689731406977,5.653646439895965e-10,d46333f531cfc10f7da05c1cf35ea4fbb86c039fd4690f7af0a930f195f7f1c2,722987bad6031a42f983ab7757406af49aadb4740adabfeb7e772eac213e8eee
cga-experiments-v1,pure-p4-d1-k3-window,pure_p_p4_k3_d1_neumann_stratified_breakpoint_lbfgs_seed0201_20260907T084318+0800,1,accepted_snapshot,high,SG16-3,313.91278600732244,ok,313.91278600732255,0.6829109672582553,0.9657819517899534,4.472850098484402,0.909696781818052,4.474355416915952,0.9098570249527536,22.542898760781227,0.9324689731407145,1.1368683772161603e-13,d46333f531cfc10f7da05c1cf35ea4fbb86c039fd4690f7af0a930f195f7f1c2,722987bad6031a42f983ab7757406af49aadb4740adabfeb7e772eac213e8eee
cga-experiments-v1,pure-p4-d1-k3-window,pure_p_p4_k3_d1_neumann_stratified_breakpoint_lbfgs_seed0201_20260907T084318+0800,2,accepted_snapshot,low,SG8-4,186.0726124702619,ok,186.07229241294453,0.28385242177890085,0.4014279445900874,3.3321860010959883,0.6777063658297391,3.3322595166300637,0.6776126505861483,21.55519315100874,0.8916133816508071,0.0003200573173671728,9c17eeb9ca848c6dc40c3c8cef49b3e308e054eac4bb024e47fe2c77a19455e7,722987bad6031a42f983ab7757406af49aadb4740adabfeb7e772eac213e8eee
cga-experiments-v1,pure-p4-d1-k3-window,pure_p_p4_k3_d1_neumann_stratified_breakpoint_lbfgs_seed0201_20260907T084318+0800,2,accepted_snapshot,medium,SG12-4,186.0723533282094,ok,186.07235332815247,0.28385242176976205,0.4014279445792455,3.332186566214877,0.6777064576186372,3.3322600820382164,0.6776127424186429,21.55519458547083,0.8916133800827114,5.692868398909923e-11,9c17eeb9ca848c6dc40c3c8cef49b3e308e054eac4bb024e47fe2c77a19455e7,722987bad6031a42f983ab7757406af49aadb4740adabfeb7e772eac213e8eee
cga-experiments-v1,pure-p4-d1-k3-window,pure_p_p4_k3_d1_neumann_stratified_breakpoint_lbfgs_seed0201_20260907T084318+0800,2,accepted_snapshot,high,SG16-4,186.07235332816305,ok,186.0723533281631,0.28385242176976205,0.4014279445792455,3.3321865662149737,0.6777064576186529,3.3322600820383137,0.6776127424186587,21.555194333406668,0.8916133696562681,5.684341886080802e-14,9c17eeb9ca848c6dc40c3c8cef49b3e308e054eac4bb024e47fe2c77a19455e7,722987bad6031a42f983ab7757406af49aadb4740adabfeb7e772eac213e8eee
cga-experiments-v1,pure-p4-d1-k3-window,pure_p_p4_k3_d1_neumann_stratified_breakpoint_lbfgs_seed0201_20260907T084318+0800,3,accepted_snapshot,low,SG8-5,109.73462137473945,ok,109.73460683132643,0.2913875594373082,0.4120842384628641,2.9081146419591466,0.591457901843156,2.908261996196512,0.5913930308709252,16.577981339240782,0.6857349377201555,1.4543413016099294e-05,1f5a80c73c3d293e1615725778effec252f51dbb5b7b72480d651b735b292069,722987bad6031a42f983ab7757406af49aadb4740adabfeb7e772eac213e8eee
cga-experiments-v1,pure-p4-d1-k3-window,pure_p_p4_k3_d1_neumann_stratified_breakpoint_lbfgs_seed0201_20260907T084318+0800,3,accepted_snapshot,medium,SG12-5,109.73460941640059,ok,109.7346094163997,0.2913875594365871,0.4120842384620178,2.908114682588723,0.5914579093104865,2.9082620368515433,0.5913930383421945,16.578127742362494,0.6857409917224253,8.810729923425242e-13,1f5a80c73c3d293e1615725778effec252f51dbb5b7b72480d651b735b292069,722987bad6031a42f983ab7757406af49aadb4740adabfeb7e772eac213e8eee
cga-experiments-v1,pure-p4-d1-k3-window,pure_p_p4_k3_d1_neumann_stratified_breakpoint_lbfgs_seed0201_20260907T084318+0800,3,accepted_snapshot,high,SG16-5,109.73460941639979,ok,109.73460941639986,0.2913875594365872,0.41208423846201786,2.908114682588725,0.5914579093104867,2.9082620368515455,0.5913930383421948,16.578163457728476,0.6857424690599672,7.105427357601002e-14,1f5a80c73c3d293e1615725778effec252f51dbb5b7b72480d651b735b292069,722987bad6031a42f983ab7757406af49aadb4740adabfeb7e772eac213e8eee
cga-experiments-v1,pure-p4-d1-k3-window,pure_p_p4_k3_d1_neumann_stratified_breakpoint_lbfgs_seed0201_20260907T084318+0800,4,accepted_snapshot,low,SG8-6,30.875323439909323,ok,30.87532353245827,0.09875733817046772,0.1396639670245416,1.8108233832111251,0.3682887125340858,1.8108319326143156,0.3682313990188753,8.880611773185043,0.367339401586462,9.254894806076663e-08,993339f4b3fdd87ad387f52adfa84fffb639e24d1e38710091345f32235ce596,722987bad6031a42f983ab7757406af49aadb4740adabfeb7e772eac213e8eee
cga-experiments-v1,pure-p4-d1-k3-window,pure_p_p4_k3_d1_neumann_stratified_breakpoint_lbfgs_seed0201_20260907T084318+0800,4,accepted_snapshot,medium,SG12-6,30.87532351367514,ok,30.875323513675006,0.09875733817046697,0.13966396702454054,1.8108233823463225,0.3682887123625062,1.8108319317492818,0.36823139884727635,8.881132699148422,0.3673609492807907,1.3500311979441904e-13,993339f4b3fdd87ad387f52adfa84fffb639e24d1e38710091345f32235ce596,722987bad6031a42f983ab7757406af49aadb4740adabfeb7e772eac213e8eee
cga-experiments-v1,pure-p4-d1-k3-window,pure_p_p4_k3_d1_neumann_stratified_breakpoint_lbfgs_seed0201_20260907T084318+0800,4,accepted_snapshot,high,SG16-6,30.875323513675085,ok,30.875323513675017,0.09875733817046696,0.1396639670245405,1.8108233823463227,0.36828871236250627,1.810831931749282,0.3682313988472764,8.881135103177284,0.3673610487215214,6.750155989720952e-14,993339f4b3fdd87ad387f52adfa84fffb639e24d1e38710091345f32235ce596,722987bad6031a42f983ab7757406af49aadb4740adabfeb7e772eac213e8eee
cga-experiments-v1,pure-p4-d1-k3-window,pure_p_p4_k3_d1_neumann_stratified_breakpoint_lbfgs_seed0201_20260907T084318+0800,5,accepted_snapshot,low,SG8-7,16.161087556528457,ok,16.161087588648382,0.12473606980172533,0.17640344163071703,1.5664584784535298,0.31858931225476916,1.5664834191274384,0.31854330077818316,6.430694444551393,0.26600053120384953,3.211992449791978e-08,2e30bdfd6c709f01f6ba618f9984a899c4cd455b7362f60a0a486ebc13f5dbdb,722987bad6031a42f983ab7757406af49aadb4740adabfeb7e772eac213e8eee
cga-experiments-v1,pure-p4-d1-k3-window,pure_p_p4_k3_d1_neumann_stratified_breakpoint_lbfgs_seed0201_20260907T084318+0800,5,accepted_snapshot,medium,SG12-7,16.161087582080654,ok,16.161087582080654,0.12473606980172482,0.1764034416307163,1.5664584780094692,0.31858931216578695,1.56648341868329,0.31854330068919734,6.431377664996129,0.26602879207319996,0.0,2e30bdfd6c709f01f6ba618f9984a899c4cd455b7362f60a0a486ebc13f5dbdb,722987bad6031a42f983ab7757406af49aadb4740adabfeb7e772eac213e8eee
cga-experiments-v1,pure-p4-d1-k3-window,pure_p_p4_k3_d1_neumann_stratified_breakpoint_lbfgs_seed0201_20260907T084318+0800,5,accepted_snapshot,high,SG16-7,16.161087582080597,ok,16.161087582080654,0.124736069801725,0.17640344163071656,1.5664584780094692,0.31858931216578695,1.5664834186832899,0.3185433006891973,6.431562427848304,0.2660364346407717,5.684341886080802e-14,2e30bdfd6c709f01f6ba618f9984a899c4cd455b7362f60a0a486ebc13f5dbdb,722987bad6031a42f983ab7757406af49aadb4740adabfeb7e772eac213e8eee
cga-experiments-v1,pure-p4-d1-k3-window,pure_p_p4_k3_d1_neumann_stratified_breakpoint_lbfgs_seed0201_20260907T084318+0800,6,accepted_snapshot,low,SG8-8,0.13120674573963242,ok,0.13120674582357436,0.01779975120149158,0.025172649556016186,0.22378456274684627,0.045513731081742254,0.22378716528130357,0.045506962557257044,0.5846302639771278,0.0241827631709078,8.394193673488815e-11,36821ce38462a5faf5b90fc7684abb9abe1e1979f71d20024a214c33332d012c,722987bad6031a42f983ab7757406af49aadb4740adabfeb7e772eac213e8eee
cga-experiments-v1,pure-p4-d1-k3-window,pure_p_p4_k3_d1_neumann_stratified_breakpoint_lbfgs_seed0201_20260907T084318+0800,6,accepted_snapshot,medium,SG12-8,0.13120674580579816,ok,0.13120674580578454,0.01779975120149191,0.02517264955601665,0.22378456249032108,0.045513731029570244,0.2237871650247996,0.04550696250509771,0.5846383205011116,0.024183096422577866,1.3627987627273797e-14,36821ce38462a5faf5b90fc7684abb9abe1e1979f71d20024a214c33332d012c,722987bad6031a42f983ab7757406af49aadb4740adabfeb7e772eac213e8eee
cga-experiments-v1,pure-p4-d1-k3-window,pure_p_p4_k3_d1_neumann_stratified_breakpoint_lbfgs_seed0201_20260907T084318+0800,6,accepted_snapshot,high,SG16-8,0.13120674580568448,ok,0.13120674580578495,0.017799751201491645,0.02517264955601628,0.2237845624903206,0.04551373102957015,0.2237871650247991,0.04550696250509761,0.5846544669655579,0.024183764308162676,1.0047518372857667e-13,36821ce38462a5faf5b90fc7684abb9abe1e1979f71d20024a214c33332d012c,722987bad6031a42f983ab7757406af49aadb4740adabfeb7e772eac213e8eee
cga-experiments-v1,pure-p4-d1-k3-window,pure_p_p4_k3_d1_neumann_stratified_breakpoint_lbfgs_seed0201_20260907T084318+0800,7,accepted_snapshot,low,SG8-9,0.10829488141041566,ok,0.10829488149398453,0.016801679802876692,0.02376116344787833,0.16612139079710206,0.03378608521901213,0.16612633880222882,0.03378167407475902,0.5315059301705806,0.021985317601948613,8.356887404303848e-11,b145e2512fc27d79dd1b924a9e78f1da6f0e57730fa522956a9ea1bcb1416672,722987bad6031a42f983ab7757406af49aadb4740adabfeb7e772eac213e8eee
cga-experiments-v1,pure-p4-d1-k3-window,pure_p_p4_k3_d1_neumann_stratified_breakpoint_lbfgs_seed0201_20260907T084318+0800,7,accepted_snapshot,medium,SG12-9,0.10829488147629718,ok,0.10829488147628819,0.01680167980287705,0.023761163447878833,0.16612139017597757,0.033786085092687074,0.1661263381811897,0.03378167394847158,0.5315033173548396,0.021985209524916272,8.992806499463768e-15,b145e2512fc27d79dd1b924a9e78f1da6f0e57730fa522956a9ea1bcb1416672,722987bad6031a42f983ab7757406af49aadb4740adabfeb7e772eac213e8eee
cga-experiments-v1,pure-p4-d1-k3-window,pure_p_p4_k3_d1_neumann_stratified_breakpoint_lbfgs_seed0201_20260907T084318+0800,7,accepted_snapshot,high,SG16-9,0.10829488147612665,ok,0.10829488147628533,0.01680167980287683,0.023761163447878528,0.16612139017597757,0.033786085092687074,0.16612633818118966,0.03378167394847157,0.5315039272990942,0.021985234754772418,1.586786257945505e-13,b145e2512fc27d79dd1b924a9e78f1da6f0e57730fa522956a9ea1bcb1416672,722987bad6031a42f983ab7757406af49aadb4740adabfeb7e772eac213e8eee
cga-experiments-v1,pure-p4-d1-k3-window,pure_p_p4_k3_d1_neumann_stratified_breakpoint_lbfgs_seed0201_20260907T084318+0800,8,accepted_snapshot,low,SG8-10,0.023071815326034084,ok,0.023071815407200512,0.004234528787637968,0.005988528041736915,0.17241104864597775,0.035065287825376594,0.17241106985981566,0.03505966971208938,0.24556457374208943,0.010157582143578868,8.116642774558258e-11,d3c575e94d940fa29a3cd38d36feaec5ade6227049783b96dad2cef9a00acb35,722987bad6031a42f983ab7757406af49aadb4740adabfeb7e772eac213e8eee
cga-experiments-v1,pure-p4-d1-k3-window,pure_p_p4_k3_d1_neumann_stratified_breakpoint_lbfgs_seed0201_20260907T084318+0800,8,accepted_snapshot,medium,SG12-10,0.023071815390039774,ok,0.023071815389894022,0.004234528787637518,0.0059885280417362775,0.1724110481635949,0.03506528772726909,0.17241106937749376,0.035059669614010004,0.24558660639563626,0.010158493506667185,1.4575146645157133e-13,d3c575e94d940fa29a3cd38d36feaec5ade6227049783b96dad2cef9a00acb35,722987bad6031a42f983ab7757406af49aadb4740adabfeb7e772eac213e8eee
cga-experiments-v1,pure-p4-d1-k3-window,pure_p_p4_k3_d1_neumann_stratified_breakpoint_lbfgs_seed0201_20260907T084318+0800,8,accepted_snapshot,high,SG16-10,0.023071815389755557,ok,0.02307181538989464,0.004234528787637625,0.005988528041736429,0.17241104816359454,0.035065287727269016,0.1724110693774934,0.035059669614009935,0.24558810245107315,0.010158555389803502,1.3908318940991649e-13,d3c575e94d940fa29a3cd38d36feaec5ade6227049783b96dad2cef9a00acb35,722987bad6031a42f983ab7757406af49aadb4740adabfeb7e772eac213e8eee
cga-experiments-v1,pure-p4-d1-k3-window,pure_p_p4_k3_d1_neumann_stratified_breakpoint_lbfgs_seed0201_20260907T084318+0800,9,accepted_snapshot,low,SG8-11,0.014421371083756185,ok,0.014421371099466767,0.005044730342659346,0.007134326069103918,0.07580649839362127,0.015417670190409351,0.07580693167156614,0.015415286202057952,0.19486573848649488,0.008060465381804839,1.5710582140782137e-11,fc933af8b89b26d97142cc4162c79beee7abfcd654a090ba452d26c8c96857ad,722987bad6031a42f983ab7757406af49aadb4740adabfeb7e772eac213e8eee
cga-experiments-v1,pure-p4-d1-k3-window,pure_p_p4_k3_d1_neumann_stratified_breakpoint_lbfgs_seed0201_20260907T084318+0800,9,accepted_snapshot,medium,SG12-11,0.014421371096261737,ok,0.014421371096168117,0.005044730342659097,0.007134326069103566,0.07580649649302565,0.015417669803862614,0.0758069297710998,0.015415285815599485,0.1948657215741756,0.00806046468224031,9.361955655151633e-14,fc933af8b89b26d97142cc4162c79beee7abfcd654a090ba452d26c8c96857ad,722987bad6031a42f983ab7757406af49aadb4740adabfeb7e772eac213e8eee
cga-experiments-v1,pure-p4-d1-k3-window,pure_p_p4_k3_d1_neumann_stratified_breakpoint_lbfgs_seed0201_20260907T084318+0800,9,accepted_snapshot,high,SG16-11,0.014421371096204894,ok,0.014421371096161394,0.005044730342659183,0.007134326069103687,0.07580649649302543,0.01541766980386257,0.0758069297710996,0.015415285815599446,0.19486571573081662,0.00806046444053444,4.3499925883594415e-14,fc933af8b89b26d97142cc4162c79beee7abfcd654a090ba452d26c8c96857ad,722987bad6031a42f983ab7757406af49aadb4740adabfeb7e772eac213e8eee
cga-experiments-v1,pure-p4-d1-k3-window,pure_p_p4_k3_d1_neumann_stratified_breakpoint_lbfgs_seed0201_20260907T084318+0800,10,accepted_snapshot,low,SG8-12,0.01009456876852255,ok,0.0100945687842163,0.0033014375287193022,0.004668937728442351,0.048690650693717946,0.009902797380960901,0.04869094521188129,0.009901269439868448,0.16381420569993627,0.006776043569012027,1.5693750118894734e-11,00181fe566e91d557cb26d5e55924f8824c1b2db0c97cba6b6f021d18564436f,722987bad6031a42f983ab7757406af49aadb4740adabfeb7e772eac213e8eee
cga-experiments-v1,pure-p4-d1-k3-window,pure_p_p4_k3_d1_neumann_stratified_breakpoint_lbfgs_seed0201_20260907T084318+0800,10,accepted_snapshot,medium,SG12-12,0.010094568781028102,ok,0.01009456878091776,0.0033014375287190438,0.004668937728441986,0.04869064341015124,0.009902795899615232,0.04869093792862248,0.00990126795882291,0.1638141517753964,0.006776041338466599,1.1034229085993275e-13,00181fe566e91d557cb26d5e55924f8824c1b2db0c97cba6b6f021d18564436f,722987bad6031a42f983ab7757406af49aadb4740adabfeb7e772eac213e8eee
cga-experiments-v1,pure-p4-d1-k3-window,pure_p_p4_k3_d1_neumann_stratified_breakpoint_lbfgs_seed0201_20260907T084318+0800,10,accepted_snapshot,high,SG16-12,0.010094568780971258,ok,0.010094568780919376,0.003301437528719187,0.004668937728442188,0.048690643410151016,0.009902795899615187,0.04869093792862226,0.009901267958822865,0.16381418128556738,0.006776042559131214,5.1882109719514347e-14,00181fe566e91d557cb26d5e55924f8824c1b2db0c97cba6b6f021d18564436f,722987bad6031a42f983ab7757406af49aadb4740adabfeb7e772eac213e8eee
cga-experiments-v1,pure-p4-d1-k3-window,pure_p_p4_k3_d1_neumann_stratified_breakpoint_lbfgs_seed0201_20260907T084318+0800,11,accepted_snapshot,low,SG8-13,0.003906465309228224,ok,0.003906465309732383,0.0008149340047536603,0.0011524907219616467,0.020964838168209033,0.004263868762205632,0.020964857131657116,0.004263188942535313,0.10203740669202642,0.004220695698886156,5.041592143761875e-13,f9790c731a6b4a7e576bec2862ce40688cd28d8d366b36d0755f60b5870bcb48,722987bad6031a42f983ab7757406af49aadb4740adabfeb7e772eac213e8eee
cga-experiments-v1,pure-p4-d1-k3-window,pure_p_p4_k3_d1_neumann_stratified_breakpoint_lbfgs_seed0201_20260907T084318+0800,11,accepted_snapshot,medium,SG12-13,0.0039064653096829716,ok,0.003906465309643832,0.0008149340047532851,0.001152490721961116,0.020964825685939777,0.0042638662235379085,0.020964844649595124,0.004263186404316791,0.10203743273496241,0.004220696776131369,3.913969842672671e-14,f9790c731a6b4a7e576bec2862ce40688cd28d8d366b36d0755f60b5870bcb48,722987bad6031a42f983ab7757406af49aadb4740adabfeb7e772eac213e8eee
cga-experiments-v1,pure-p4-d1-k3-window,pure_p_p4_k3_d1_neumann_stratified_breakpoint_lbfgs_seed0201_20260907T084318+0800,11,accepted_snapshot,high,SG16-13,0.003906465309626128,ok,0.003906465309636567,0.0008149340047534476,0.001152490721961346,0.02096482568593957,0.004263866223537867,0.020964844649594912,0.004263186404316748,0.10203742300874571,0.004220696373814196,1.0438698516690437e-14,f9790c731a6b4a7e576bec2862ce40688cd28d8d366b36d0755f60b5870bcb48,722987bad6031a42f983ab7757406af49aadb4740adabfeb7e772eac213e8eee
cga-experiments-v1,pure-p4-d1-k3-window,pure_p_p4_k3_d1_neumann_stratified_breakpoint_lbfgs_seed0201_20260907T084318+0800,12,accepted_snapshot,low,SG8-14,0.0012277341762114702,ok,0.0012277341760950963,0.0018532333137378368,0.002620867686529682,0.026137328685042625,0.005315859746375279,0.02613750563724851,0.005315043375607521,0.05720485517998248,0.0023662330711941237,1.163739243859041e-13,cd9c36dfccd6bffadeda6dd763cf3ed24b67ae6d4aeac031e6be0ba18290d5ae,722987bad6031a42f983ab7757406af49aadb4740adabfeb7e772eac213e8eee
cga-experiments-v1,pure-p4-d1-k3-window,pure_p_p4_k3_d1_neumann_stratified_breakpoint_lbfgs_seed0201_20260907T084318+0800,12,accepted_snapshot,medium,SG12-14,0.0012277341762114702,ok,0.0012277341760924616,0.001853233313737496,0.0026208676865291996,0.026137328661874272,0.005315859741663255,0.026137505614083484,0.005315043370896929,0.05720485466771418,0.002366233050004555,1.1900853566504388e-13,cd9c36dfccd6bffadeda6dd763cf3ed24b67ae6d4aeac031e6be0ba18290d5ae,722987bad6031a42f983ab7757406af49aadb4740adabfeb7e772eac213e8eee
cga-experiments-v1,pure-p4-d1-k3-window,pure_p_p4_k3_d1_neumann_stratified_breakpoint_lbfgs_seed0201_20260907T084318+0800,12,accepted_snapshot,high,SG16-14,0.0012277341760977833,ok,0.0012277341760882619,0.0018532333137376404,0.002620867686529404,0.02613732866187448,0.0053158597416632985,0.026137505614083692,0.005315043370896972,0.05720483276618163,0.002366232144065182,9.5214634787677e-15,cd9c36dfccd6bffadeda6dd763cf3ed24b67ae6d4aeac031e6be0ba18290d5ae,722987bad6031a42f983ab7757406af49aadb4740adabfeb7e772eac213e8eee
cga-experiments-v1,pure-p4-d1-k3-window,pure_p_p4_k3_d1_neumann_stratified_breakpoint_lbfgs_seed0201_20260907T084318+0800,13,accepted_snapshot,low,SG8-15,0.0011600731265843933,ok,0.0011600731265673518,0.0018189898491276927,0.0025724401144553728,0.02843993143281682,0.005784167483798753,0.028440059467101028,0.005783266076357388,0.05559553985868235,0.002299665030365094,1.704148974712716e-14,95974bb28ab613d13127436769fd21da8bbc8e9dfbb2478b634ba2301c90b4ce,722987bad6031a42f983ab7757406af49aadb4740adabfeb7e772eac213e8eee
cga-experiments-v1,pure-p4-d1-k3-window,pure_p_p4_k3_d1_neumann_stratified_breakpoint_lbfgs_seed0201_20260907T084318+0800,13,accepted_snapshot,medium,SG12-15,0.0011600731266980802,ok,0.0011600731265727039,0.0018189898491273867,0.00257244011445494,0.02843993141697736,0.005784167480577292,0.028440059451263978,0.005783266073136934,0.05559542372566305,0.002299660226615656,1.2537627186448574e-13,95974bb28ab613d13127436769fd21da8bbc8e9dfbb2478b634ba2301c90b4ce,722987bad6031a42f983ab7757406af49aadb4740adabfeb7e772eac213e8eee
cga-experiments-v1,pure-p4-d1-k3-window,pure_p_p4_k3_d1_neumann_stratified_breakpoint_lbfgs_seed0201_20260907T084318+0800,13,accepted_snapshot,high,SG16-15,0.0011600731265843933,ok,0.0011600731265657492,0.0018189898491275552,0.0025724401144551785,0.028439931416977614,0.005784167480577344,0.02844005945126423,0.0057832660731369865,0.05559548230325337,0.0022996626496308184,1.864415739849523e-14,95974bb28ab613d13127436769fd21da8bbc8e9dfbb2478b634ba2301c90b4ce,722987bad6031a42f983ab7757406af49aadb4740adabfeb7e772eac213e8eee
cga-experiments-v1,pure-p4-d1-k3-window,pure_p_p4_k3_d1_neumann_stratified_breakpoint_lbfgs_seed0201_20260907T084318+0800,14,accepted_snapshot,low,SG8-16,0.0011056694690978475,ok,0.0011056694690959404,0.0018224581455842952,0.002577345026342631,0.024927433628313293,0.005069788982721208,0.024927623752476053,0.005069014745860879,0.054286900319896914,0.002245534202742094,1.9071116214020023e-15,588ded85fa45b791e5036de5bf3246db56b440c7e1a241955dbb106092eb1ecc,722987bad6031a42f983ab7757406af49aadb4740adabfeb7e772eac213e8eee
cga-experiments-v1,pure-p4-d1-k3-window,pure_p_p4_k3_d1_neumann_stratified_breakpoint_lbfgs_seed0201_20260907T084318+0800,14,accepted_snapshot,medium,SG12-16,0.0011056694691546909,ok,0.0011056694690959165,0.0018224581455840365,0.0025773450263422647,0.02492743360479121,0.005069788977937241,0.02492762372895773,0.0050690147410784436,0.05428693289698418,0.0022455355502672475,5.87743829300047e-14,588ded85fa45b791e5036de5bf3246db56b440c7e1a241955dbb106092eb1ecc,722987bad6031a42f983ab7757406af49aadb4740adabfeb7e772eac213e8eee
cga-experiments-v1,pure-p4-d1-k3-window,pure_p_p4_k3_d1_neumann_stratified_breakpoint_lbfgs_seed0201_20260907T084318+0800,14,accepted_snapshot,high,SG16-16,0.0011056694690978475,ok,0.0011056694690845237,0.0018224581455841915,0.002577345026342484,0.02492743360479106,0.005069788977937211,0.02492762372895758,0.005069014741078414,0.054286912849861084,0.002245534721034038,1.3323760497674364e-14,588ded85fa45b791e5036de5bf3246db56b440c7e1a241955dbb106092eb1ecc,722987bad6031a42f983ab7757406af49aadb4740adabfeb7e772eac213e8eee
cga-experiments-v1,pure-p4-d1-k3-window,pure_p_p4_k3_d1_neumann_stratified_breakpoint_lbfgs_seed0201_20260907T084318+0800,15,accepted_snapshot,low,SG8-17,0.0010670962340100232,ok,0.0010670962339413919,0.0018572347210693704,0.0026265265310465155,0.0266240816032711,0.005414856483020451,0.026624250588995223,0.005414022618971316,0.053325686974102955,0.0022057743816546226,6.863129856093941e-14,af7882feef3105c83891a95e89e4a9dfaa50986bc6742b979acf771b3cc85269,722987bad6031a42f983ab7757406af49aadb4740adabfeb7e772eac213e8eee
cga-experiments-v1,pure-p4-d1-k3-window,pure_p_p4_k3_d1_neumann_stratified_breakpoint_lbfgs_seed0201_20260907T084318+0800,15,accepted_snapshot,medium,SG12-17,0.0010670962340668666,ok,0.001067096233940279,0.0018572347210691507,0.002626526531046205,0.026624081584755918,0.005414856479254797,0.026624250570483076,0.005414022615206883,0.0533258193349085,0.0022057798566534567,1.2658754253158655e-13,af7882feef3105c83891a95e89e4a9dfaa50986bc6742b979acf771b3cc85269,722987bad6031a42f983ab7757406af49aadb4740adabfeb7e772eac213e8eee
cga-experiments-v1,pure-p4-d1-k3-window,pure_p_p4_k3_d1_neumann_stratified_breakpoint_lbfgs_seed0201_20260907T084318+0800,15,accepted_snapshot,high,SG16-17,0.0010670962339531798,ok,0.0010670962339368686,0.0018572347210692862,0.0026265265310463966,0.026624081584755793,0.005414856479254771,0.026624250570482955,0.005414022615206859,0.0533257293653731,0.0022057761351355998,1.6311171163740923e-14,af7882feef3105c83891a95e89e4a9dfaa50986bc6742b979acf771b3cc85269,722987bad6031a42f983ab7757406af49aadb4740adabfeb7e772eac213e8eee
cga-experiments-v1,pure-p4-d1-k3-window,pure_p_p4_k3_d1_neumann_stratified_breakpoint_lbfgs_seed0201_20260907T084318+0800,16,accepted_snapshot,low,SG8-18,0.0010550218948424117,ok,0.001055021894816669,0.0018521102691958615,0.0026192794617072713,0.024563254799678982,0.0049957215981408145,0.02456346632113304,0.0049949635884933745,0.05302840355959731,0.0021934774910374265,2.5742645862192326e-14,225fe158b589d455f4309b463cfbda40ca292e697b7f70e66419a460270800cc,722987bad6031a42f983ab7757406af49aadb4740adabfeb7e772eac213e8eee
cga-experiments-v1,pure-p4-d1-k3-window,pure_p_p4_k3_d1_neumann_stratified_breakpoint_lbfgs_seed0201_20260907T084318+0800,16,accepted_snapshot,medium,SG12-18,0.0010550218948992551,ok,0.0010550218948143268,0.001852110269195714,0.0026192794617070623,0.024563254770587722,0.0049957215922241775,0.02456346629204489,0.004994963582578319,0.05302839447182168,0.002193477115128858,8.492837509643802e-14,225fe158b589d455f4309b463cfbda40ca292e697b7f70e66419a460270800cc,722987bad6031a42f983ab7757406af49aadb4740adabfeb7e772eac213e8eee
cga-experiments-v1,pure-p4-d1-k3-window,pure_p_p4_k3_d1_neumann_stratified_breakpoint_lbfgs_seed0201_20260907T084318+0800,16,accepted_snapshot,high,SG16-18,0.0010550218946718815,ok,0.0010550218948087902,0.0018521102691958118,0.002619279461707201,0.024563254770587486,0.004995721592224129,0.024563466292044655,0.004994963582578272,0.05302838675735033,0.002193476796025922,1.3690871353277956e-13,225fe158b589d455f4309b463cfbda40ca292e697b7f70e66419a460270800cc,722987bad6031a42f983ab7757406af49aadb4740adabfeb7e772eac213e8eee
cga-experiments-v1,pure-p4-d1-k3-window,pure_p_p4_k3_d1_neumann_stratified_breakpoint_lbfgs_seed0201_20260907T084318+0800,17,accepted_snapshot,low,SG8-19,0.0003751387473016621,ok,0.00037513874729548907,0.0010062550285243397,0.0014230595085452469,0.015313906883885951,0.0031145715824576377,0.015313982504626492,0.003114087564246735,0.03164218026480155,0.0013088534732181168,6.173013489263468e-15,1b24f0fe96a14b93e6a34287b01f88c5b6a673c4ed663329c1481682ac746fb3,722987bad6031a42f983ab7757406af49aadb4740adabfeb7e772eac213e8eee
cga-experiments-v1,pure-p4-d1-k3-window,pure_p_p4_k3_d1_neumann_stratified_breakpoint_lbfgs_seed0201_20260907T084318+0800,17,accepted_snapshot,medium,SG12-19,0.0003751387473585055,ok,0.0003751387472933531,0.0010062550285241528,0.0014230595085449823,0.015313906868959231,0.0031145715794218126,0.015313982489705679,0.0031140875612125974,0.03164218291029251,0.001308853582646734,6.515241905008518e-14,1b24f0fe96a14b93e6a34287b01f88c5b6a673c4ed663329c1481682ac746fb3,722987bad6031a42f983ab7757406af49aadb4740adabfeb7e772eac213e8eee
cga-experiments-v1,pure-p4-d1-k3-window,pure_p_p4_k3_d1_neumann_stratified_breakpoint_lbfgs_seed0201_20260907T084318+0800,17,accepted_snapshot,high,SG16-19,0.00037513874724481866,ok,0.00037513874729438134,0.0010062550285242454,0.0014230595085451133,0.015313906868959311,0.0031145715794218287,0.01531398248970576,0.0031140875612126148,0.031642181584684265,0.0013088535278140093,4.956267601191611e-14,1b24f0fe96a14b93e6a34287b01f88c5b6a673c4ed663329c1481682ac746fb3,722987bad6031a42f983ab7757406af49aadb4740adabfeb7e772eac213e8eee
cga-experiments-v1,pure-p4-d1-k3-window,pure_p_p4_k3_d1_neumann_stratified_breakpoint_lbfgs_seed0201_20260907T084318+0800,18,accepted_snapshot,low,SG8-20,0.0002841833426714402,ok,0.000284183342794125,0.0011946173945870495,0.0016894441212718168,0.017722456822642705,0.0036044270616022458,0.01772255323242264,0.003603868726578135,0.027563139519154824,0.001140127215967227,1.226847941813991e-13,2062394f29e7104c53a32b98538c920d5a1ba576736b763f8a6b7157289c2bc4,722987bad6031a42f983ab7757406af49aadb4740adabfeb7e772eac213e8eee
cga-experiments-v1,pure-p4-d1-k3-window,pure_p_p4_k3_d1_neumann_stratified_breakpoint_lbfgs_seed0201_20260907T084318+0800,18,accepted_snapshot,medium,SG12-20,0.0002841833426714402,ok,0.0002841833427837242,0.0011946173945869174,0.0016894441212716297,0.017722456835519273,0.0036044270642211066,0.01772255324530212,0.003603868729197168,0.02756314476119652,0.0011401274328000882,1.1228398853063704e-13,2062394f29e7104c53a32b98538c920d5a1ba576736b763f8a6b7157289c2bc4,722987bad6031a42f983ab7757406af49aadb4740adabfeb7e772eac213e8eee
cga-experiments-v1,pure-p4-d1-k3-window,pure_p_p4_k3_d1_neumann_stratified_breakpoint_lbfgs_seed0201_20260907T084318+0800,18,accepted_snapshot,high,SG16-20,0.0002841833426714402,ok,0.0002841833427888956,0.001194617394587003,0.001689444121271751,0.017722456835519387,0.00360442706422113,0.017722553245302235,0.003603868729197192,0.027563141680496412,0.0011401273053693926,1.174554160529584e-13,2062394f29e7104c53a32b98538c920d5a1ba576736b763f8a6b7157289c2bc4,722987bad6031a42f983ab7757406af49aadb4740adabfeb7e772eac213e8eee
cga-experiments-v1,pure-p4-d1-k3-window,pure_p_p4_k3_d1_neumann_stratified_breakpoint_lbfgs_seed0201_20260907T084318+0800,19,accepted_snapshot,low,SG8-21,0.00027922365029553475,ok,0.0002792236503102207,0.0011945276237348556,0.001689317166115138,0.01772456713101174,0.0036048562601422567,0.01772466344131483,0.0036042978360711847,0.02732215969981993,0.0011301592785219426,1.4685952107185152e-14,e793566fc2a53e775f16828596decba5476f9a784260592fba14e3b03a1fd5d3,722987bad6031a42f983ab7757406af49aadb4740adabfeb7e772eac213e8eee
cga-experiments-v1,pure-p4-d1-k3-window,pure_p_p4_k3_d1_neumann_stratified_breakpoint_lbfgs_seed0201_20260907T084318+0800,19,accepted_snapshot,medium,SG12-21,0.00027922365023869133,ok,0.0002792236503066243,0.0011945276237347968,0.001689317166115055,0.017724567143886164,0.003604856262760681,0.017724663454192165,0.003604297838689782,0.02732216499669346,0.0011301594976228788,6.79329639416415e-14,e793566fc2a53e775f16828596decba5476f9a784260592fba14e3b03a1fd5d3,722987bad6031a42f983ab7757406af49aadb4740adabfeb7e772eac213e8eee
cga-experiments-v1,pure-p4-d1-k3-window,pure_p_p4_k3_d1_neumann_stratified_breakpoint_lbfgs_seed0201_20260907T084318+0800,19,accepted_snapshot,high,SG16-21,0.00027922365029553475,ok,0.0002792236503088493,0.0011945276237348452,0.0016893171661151233,0.01772456714388617,0.003604856262760682,0.017724663454192175,0.003604297838689784,0.02732216188264817,0.0011301593688128866,1.3314544779208237e-14,e793566fc2a53e775f16828596decba5476f9a784260592fba14e3b03a1fd5d3,722987bad6031a42f983ab7757406af49aadb4740adabfeb7e772eac213e8eee
cga-experiments-v1,pure-p4-d1-k3-window,pure_p_p4_k3_d1_neumann_stratified_breakpoint_lbfgs_seed0201_20260907T084318+0800,20,accepted_snapshot,low,SG8-22,4.634105243894737e-05,ok,4.634105241894544e-05,0.0001844350130214145,0.00026083049679134275,0.0038302306445470173,0.0007789996119355654,0.0038302363296977148,0.0007788758619016475,0.011116175898627146,0.00045981172321448154,2.000193088415314e-14,f4ec2b724cccf71b1ad75d2771c6d81300de1a8abeea4fb00cc72c8daf6c992f,722987bad6031a42f983ab7757406af49aadb4740adabfeb7e772eac213e8eee
cga-experiments-v1,pure-p4-d1-k3-window,pure_p_p4_k3_d1_neumann_stratified_breakpoint_lbfgs_seed0201_20260907T084318+0800,20,accepted_snapshot,medium,SG12-22,4.6341052325260534e-05,ok,4.6341052412626345e-05,0.00018443501302131533,0.0002608304967912025,0.0038302306441235835,0.0007789996118494467,0.0038302363292744383,0.0007788758618155745,0.011116175898624759,0.00045981172321438277,8.736581065798416e-14,f4ec2b724cccf71b1ad75d2771c6d81300de1a8abeea4fb00cc72c8daf6c992f,722987bad6031a42f983ab7757406af49aadb4740adabfeb7e772eac213e8eee
cga-experiments-v1,pure-p4-d1-k3-window,pure_p_p4_k3_d1_neumann_stratified_breakpoint_lbfgs_seed0201_20260907T084318+0800,20,accepted_snapshot,high,SG16-22,4.6341052325260534e-05,ok,4.6341052414841506e-05,0.0001844350130213421,0.0002608304967912404,0.003830230644123234,0.0007789996118493756,0.003830236329274089,0.0007788758618155036,0.011116175944461596,0.0004598117251103869,8.95809712216436e-14,f4ec2b724cccf71b1ad75d2771c6d81300de1a8abeea4fb00cc72c8daf6c992f,722987bad6031a42f983ab7757406af49aadb4740adabfeb7e772eac213e8eee
cga-experiments-v1,pure-p4-d1-k3-window,pure_p_p4_k3_d1_neumann_stratified_breakpoint_lbfgs_seed0201_20260907T084318+0800,21,accepted_snapshot,low,SG8-23,3.971379192080349e-05,ok,3.9713791908099755e-05,0.00018098442967381118,0.0002559506350230634,0.004306388108199678,0.000875841424825795,0.0043063918189125226,0.0008757017455125038,0.010290542976110269,0.00042566007787285114,1.2703732380284216e-14,8a26f7c09233b680047c2e8e3a45ee3a55938aae641d727a2ef76c1d137ddc3d,722987bad6031a42f983ab7757406af49aadb4740adabfeb7e772eac213e8eee
cga-experiments-v1,pure-p4-d1-k3-window,pure_p_p4_k3_d1_neumann_stratified_breakpoint_lbfgs_seed0201_20260907T084318+0800,21,accepted_snapshot,medium,SG12-23,3.971379192080349e-05,ok,3.971379191313159e-05,0.0001809844296737407,0.0002559506350229637,0.004306388107924962,0.0008758414247699227,0.004306391818637916,0.0008757017454566625,0.010290542976107563,0.0004256600778727392,7.671895887670366e-15,8a26f7c09233b680047c2e8e3a45ee3a55938aae641d727a2ef76c1d137ddc3d,722987bad6031a42f983ab7757406af49aadb4740adabfeb7e772eac213e8eee
cga-experiments-v1,pure-p4-d1-k3-window,pure_p_p4_k3_d1_neumann_stratified_breakpoint_lbfgs_seed0201_20260907T084318+0800,21,accepted_snapshot,high,SG16-23,3.971379186396007e-05,ok,3.971379191209669e-05,0.00018098442967375225,0.00025595063502298007,0.004306388107925071,0.0008758414247699449,0.004306391818638026,0.0008757017454566851,0.010290543428520768,0.0004256600965864495,4.813662489444592e-14,8a26f7c09233b680047c2e8e3a45ee3a55938aae641d727a2ef76c1d137ddc3d,722987bad6031a42f983ab7757406af49aadb4740adabfeb7e772eac213e8eee
cga-experiments-v1,pure-p4-d1-k3-window,pure_p_p4_k3_d1_neumann_stratified_breakpoint_lbfgs_seed0201_20260907T084318+0800,22,accepted_snapshot,low,SG8-24,3.919151822628919e-05,ok,3.919151822583272e-05,0.00018173133980550242,0.00025700692546117503,0.003454930859555424,0.0007026704260458921,0.0034549381130683635,0.0007025592336871148,0.010222767610188225,0.0004228566040811171,4.564694434071315e-16,7cf1e756429469c0a1ceed056f5a5526c53670294fb1cd7fa0e935a0e5e0c0d2,722987bad6031a42f983ab7757406af49aadb4740adabfeb7e772eac213e8eee
cga-experiments-v1,pure-p4-d1-k3-window,pure_p_p4_k3_d1_neumann_stratified_breakpoint_lbfgs_seed0201_20260907T084318+0800,22,accepted_snapshot,medium,SG12-24,3.919151822628919e-05,ok,3.919151822589463e-05,0.00018173133980543352,0.00025700692546107756,0.0034549308590141772,0.0007026704259358124,0.0034549381125273293,0.0007025592335770959,0.010222767610186565,0.0004228566040810484,3.9456149935820917e-16,7cf1e756429469c0a1ceed056f5a5526c53670294fb1cd7fa0e935a0e5e0c0d2,722987bad6031a42f983ab7757406af49aadb4740adabfeb7e772eac213e8eee
cga-experiments-v1,pure-p4-d1-k3-window,pure_p_p4_k3_d1_neumann_stratified_breakpoint_lbfgs_seed0201_20260907T084318+0800,22,accepted_snapshot,high,SG16-24,3.919151822628919e-05,ok,3.9191518221449854e-05,0.00018173133980549873,0.00025700692546116983,0.003454930859014039,0.0007026704259357842,0.0034549381125271914,0.0007025592335770677,0.010222767610187287,0.0004228566040810783,4.839336396889049e-15,7cf1e756429469c0a1ceed056f5a5526c53670294fb1cd7fa0e935a0e5e0c0d2,722987bad6031a42f983ab7757406af49aadb4740adabfeb7e772eac213e8eee
cga-experiments-v1,pure-p4-d1-k3-window,pure_p_p4_k3_d1_neumann_stratified_breakpoint_lbfgs_seed0201_20260907T084318+0800,23,accepted_snapshot,low,SG8-25,3.597480537109732e-05,ok,3.597480540445533e-05,0.00017945397144678282,0.0002537862402417544,0.003429803435144173,0.0006975599625563966,0.00342981047836197,0.0006974495468545436,0.009794227916744088,0.00040513040248937274,3.335801415909473e-14,b57918bfa05eaf5f94366ef70acd7c7971269a03bfe6b64abb01f173c5b09d20,722987bad6031a42f983ab7757406af49aadb4740adabfeb7e772eac213e8eee
cga-experiments-v1,pure-p4-d1-k3-window,pure_p_p4_k3_d1_neumann_stratified_breakpoint_lbfgs_seed0201_20260907T084318+0800,23,accepted_snapshot,medium,SG12-25,3.59748053142539e-05,ok,3.597480540919796e-05,0.00017945397144672118,0.0002537862402416672,0.0034298034346227357,0.0006975599624503456,0.003429810477840749,0.0006974495467485536,0.009794227916743902,0.0004051304024893651,9.494405858300609e-14,b57918bfa05eaf5f94366ef70acd7c7971269a03bfe6b64abb01f173c5b09d20,722987bad6031a42f983ab7757406af49aadb4740adabfeb7e772eac213e8eee
cga-experiments-v1,pure-p4-d1-k3-window,pure_p_p4_k3_d1_neumann_stratified_breakpoint_lbfgs_seed0201_20260907T084318+0800,23,accepted_snapshot,high,SG16-25,3.59748053142539e-05,ok,3.5974805407216924e-05,0.00017945397144678103,0.0002537862402417519,0.003429803434622595,0.000697559962450317,0.003429810477840608,0.0006974495467485249,0.009794227916742658,0.00040513040248931365,9.29630247022313e-14,b57918bfa05eaf5f94366ef70acd7c7971269a03bfe6b64abb01f173c5b09d20,722987bad6031a42f983ab7757406af49aadb4740adabfeb7e772eac213e8eee
cga-experiments-v1,pure-p4-d1-k3-window,pure_p_p4_k3_d1_neumann_stratified_breakpoint_lbfgs_seed0201_20260907T084318+0800,24,accepted_snapshot,low,SG8-26,1.9826383265808545e-05,ok,1.9826383341218367e-05,0.0001065784451300775,0.00015072468255959234,0.00291913894174657,0.0005937000441589625,0.0029191404237094622,0.000593605150653481,0.007270824725954701,0.0003007518482002952,7.540982202287709e-14,fca90d95cb5c57c143576ae2cb0cafe060eafd86e937435889929ba97e4b6332,722987bad6031a42f983ab7757406af49aadb4740adabfeb7e772eac213e8eee
cga-experiments-v1,pure-p4-d1-k3-window,pure_p_p4_k3_d1_neumann_stratified_breakpoint_lbfgs_seed0201_20260907T084318+0800,24,accepted_snapshot,medium,SG12-26,1.9826383265808545e-05,ok,1.9826383346740317e-05,0.00010657844513004622,0.0001507246825595481,0.0029191389426734657,0.0005937000443474762,0.00291914042463663,0.0005936051508420198,0.007270824725954233,0.00030075184820027584,8.093177210756301e-14,fca90d95cb5c57c143576ae2cb0cafe060eafd86e937435889929ba97e4b6332,722987bad6031a42f983ab7757406af49aadb4740adabfeb7e772eac213e8eee
cga-experiments-v1,pure-p4-d1-k3-window,pure_p_p4_k3_d1_neumann_stratified_breakpoint_lbfgs_seed0201_20260907T084318+0800,24,accepted_snapshot,high,SG16-26,1.9826383208965126e-05,ok,1.9826383346077304e-05,0.00010657844513008735,0.0001507246825596063,0.002919138942672932,0.0005937000443473676,0.002919140424636096,0.0005936051508419112,0.007270824725954518,0.00030075184820028766,1.3711217762297362e-13,fca90d95cb5c57c143576ae2cb0cafe060eafd86e937435889929ba97e4b6332,722987bad6031a42f983ab7757406af49aadb4740adabfeb7e772eac213e8eee
cga-experiments-v1,pure-p4-d1-k3-window,pure_p_p4_k3_d1_neumann_stratified_breakpoint_lbfgs_seed0201_20260907T084318+0800,25,accepted_snapshot,low,SG8-27,1.775117851821051e-05,ok,1.7751178618314997e-05,0.00010315413593449854,0.00014588197805344568,0.0029057627115179328,0.0005909795609493929,0.0029057640245825217,0.0005908850693054044,0.006879784092975002,0.00028457676524577997,1.001044882295403e-13,255f4f4ad7da575a4d541a9fbfec8402bba9496635c2a07b61e19f4faccb4741,722987bad6031a42f983ab7757406af49aadb4740adabfeb7e772eac213e8eee
cga-experiments-v1,pure-p4-d1-k3-window,pure_p_p4_k3_d1_neumann_stratified_breakpoint_lbfgs_seed0201_20260907T084318+0800,25,accepted_snapshot,medium,SG12-27,1.775117846136709e-05,ok,1.7751178619510926e-05,0.00010315413593446359,0.00014588197805339624,0.0029057627117347806,0.0005909795609934957,0.0029057640247996445,0.0005908850693495561,0.006879784092976073,0.00028457676524582426,1.5814383629670845e-13,255f4f4ad7da575a4d541a9fbfec8402bba9496635c2a07b61e19f4faccb4741,722987bad6031a42f983ab7757406af49aadb4740adabfeb7e772eac213e8eee
cga-experiments-v1,pure-p4-d1-k3-window,pure_p_p4_k3_d1_neumann_stratified_breakpoint_lbfgs_seed0201_20260907T084318+0800,25,accepted_snapshot,high,SG16-27,1.775117846136709e-05,ok,1.775117861764145e-05,0.0001031541359344608,0.00014588197805339228,0.0029057627117346735,0.0005909795609934739,0.0029057640247995373,0.0005908850693495342,0.006879784092975509,0.00028457676524580095,1.5627436004321885e-13,255f4f4ad7da575a4d541a9fbfec8402bba9496635c2a07b61e19f4faccb4741,722987bad6031a42f983ab7757406af49aadb4740adabfeb7e772eac213e8eee
cga-experiments-v1,pure-p4-d1-k3-window,pure_p_p4_k3_d1_neumann_stratified_breakpoint_lbfgs_seed0201_20260907T084318+0800,26,accepted_snapshot,low,SG8-28,1.7697287375995074e-05,ok,1.7697287435708546e-05,0.00010282220983173403,0.00014541256365721046,0.0022240357976660396,0.0004523286412997586,0.0022240386686320345,0.00045225669797510355,0.006869382846530141,0.000284146526007484,5.97134714179666e-14,232011bc1886b99254113689f92b0f6f5fae89fb8a6fc00001635206b46f20f7,722987bad6031a42f983ab7757406af49aadb4740adabfeb7e772eac213e8eee
cga-experiments-v1,pure-p4-d1-k3-window,pure_p_p4_k3_d1_neumann_stratified_breakpoint_lbfgs_seed0201_20260907T084318+0800,26,accepted_snapshot,medium,SG12-28,1.7697287375995074e-05,ok,1.7697287439290587e-05,0.00010282220983169846,0.00014541256365716015,0.002224035796385304,0.0004523286410392801,0.002224038667351657,0.00045225669771473966,0.006869382846530908,0.0002841465260075157,6.329551276553283e-14,232011bc1886b99254113689f92b0f6f5fae89fb8a6fc00001635206b46f20f7,722987bad6031a42f983ab7757406af49aadb4740adabfeb7e772eac213e8eee
cga-experiments-v1,pure-p4-d1-k3-window,pure_p_p4_k3_d1_neumann_stratified_breakpoint_lbfgs_seed0201_20260907T084318+0800,26,accepted_snapshot,high,SG16-28,1.7697287205464818e-05,ok,1.7697287439115505e-05,0.00010282220983176233,0.00014541256365725047,0.0022240357963849468,0.0004523286410392074,0.0022240386673513,0.000452256697714667,0.006869382846530349,0.0002841465260074925,2.336506876377594e-13,232011bc1886b99254113689f92b0f6f5fae89fb8a6fc00001635206b46f20f7,722987bad6031a42f983ab7757406af49aadb4740adabfeb7e772eac213e8eee
cga-experiments-v1,pure-p4-d1-k3-window,pure_p_p4_k3_d1_neumann_stratified_breakpoint_lbfgs_seed0201_20260907T084318+0800,27,accepted_snapshot,low,SG8-29,4.113984914511093e-06,ok,4.113984925700839e-06,5.410468677554302e-05,7.651558182592119e-05,0.001580136341612665,0.000321371142146226,0.001580136926981113,0.00032131973199214195,0.003312316972081487,0.00013701134172889966,1.118974569036188e-14,01b1eb24df56578862dd74d9559a1c2e3f4cd7d82180b48b371f45f0a0d71f94,722987bad6031a42f983ab7757406af49aadb4740adabfeb7e772eac213e8eee
cga-experiments-v1,pure-p4-d1-k3-window,pure_p_p4_k3_d1_neumann_stratified_breakpoint_lbfgs_seed0201_20260907T084318+0800,27,accepted_snapshot,medium,SG12-29,4.1139846871374175e-06,ok,4.113984928772499e-06,5.410468677554122e-05,7.651558182591863e-05,0.0015801363449965914,0.00032137114283445535,0.0015801369303654288,0.00032131973268034015,0.0033123169720797067,0.00013701134172882602,2.416350810847262e-13,01b1eb24df56578862dd74d9559a1c2e3f4cd7d82180b48b371f45f0a0d71f94,722987bad6031a42f983ab7757406af49aadb4740adabfeb7e772eac213e8eee
cga-experiments-v1,pure-p4-d1-k3-window,pure_p_p4_k3_d1_neumann_stratified_breakpoint_lbfgs_seed0201_20260907T084318+0800,27,accepted_snapshot,high,SG16-29,4.1139846871374175e-06,ok,4.113984926230441e-06,5.410468677561576e-05,7.651558182602405e-05,0.0015801363449966066,0.00032137114283445844,0.001580136930365444,0.0003213197326803432,0.0033123169720818773,0.00013701134172891581,2.39093023401667e-13,01b1eb24df56578862dd74d9559a1c2e3f4cd7d82180b48b371f45f0a0d71f94,722987bad6031a42f983ab7757406af49aadb4740adabfeb7e772eac213e8eee
cga-experiments-v1,pure-p4-d1-k3-window,pure_p_p4_k3_d1_neumann_stratified_breakpoint_lbfgs_seed0201_20260907T084318+0800,28,accepted_snapshot,low,SG8-30,3.3839928050838353e-06,ok,3.383992705797516e-06,5.413738156219745e-05,7.656181923662677e-05,0.0015942181772733495,0.0003242351327340072,0.001594218747498497,0.0003241832602834856,0.003004127410669706,0.0001242633270697427,9.92863192005131e-14,82af67288b26d6e2fd43446afff89d9e7abd5bcc56d5b5312b440d4e08c48697,722987bad6031a42f983ab7757406af49aadb4740adabfeb7e772eac213e8eee
cga-experiments-v1,pure-p4-d1-k3-window,pure_p_p4_k3_d1_neumann_stratified_breakpoint_lbfgs_seed0201_20260907T084318+0800,28,accepted_snapshot,medium,SG12-30,3.383992520866741e-06,ok,3.38399270780043e-06,5.413738156224603e-05,7.656181923669546e-05,0.001594218180582711,0.00032423513340707133,0.0015942187508082373,0.00032418326095651895,0.0030041274106709956,0.00012426332706979602,1.8693368911587875e-13,82af67288b26d6e2fd43446afff89d9e7abd5bcc56d5b5312b440d4e08c48697,722987bad6031a42f983ab7757406af49aadb4740adabfeb7e772eac213e8eee
cga-experiments-v1,pure-p4-d1-k3-window,pure_p_p4_k3_d1_neumann_stratified_breakpoint_lbfgs_seed0201_20260907T084318+0800,28,accepted_snapshot,high,SG16-30,3.38399257771016e-06,ok,3.3839927049305207e-06,5.4137381562268306e-05,7.656181923672697e-05,0.0015942181805827875,0.00032423513340708695,0.0015942187508083136,0.0003241832609565345,0.003004127410671031,0.00012426332706979751,1.2722036084648024e-13,82af67288b26d6e2fd43446afff89d9e7abd5bcc56d5b5312b440d4e08c48697,722987bad6031a42f983ab7757406af49aadb4740adabfeb7e772eac213e8eee
cga-experiments-v1,pure-p4-d1-k3-window,pure_p_p4_k3_d1_neumann_stratified_breakpoint_lbfgs_seed0201_20260907T084318+0800,29,accepted_snapshot,low,SG8-31,3.283496312178613e-06,ok,3.283496246902644e-06,5.410102097281691e-05,7.651039759798893e-05,0.0015946876403693292,0.0003243306130336353,0.0015946882088255087,0.00032427872491392387,0.002959186616163455,0.00012240438705718863,6.527596896983758e-14,db496a86f902be239ddf815254f1686a42c8e80503e6aacf46c864311a446419,722987bad6031a42f983ab7757406af49aadb4740adabfeb7e772eac213e8eee
cga-experiments-v1,pure-p4-d1-k3-window,pure_p_p4_k3_d1_neumann_stratified_breakpoint_lbfgs_seed0201_20260907T084318+0800,29,accepted_snapshot,medium,SG12-31,3.2834961984917754e-06,ok,3.2834962509982577e-06,5.410102097283477e-05,7.651039759801419e-05,0.001594687643680422,0.0003243306137070516,0.0015946882121369796,0.00032427872558730915,0.00295918661616221,0.00012240438705713713,5.250648226889096e-14,db496a86f902be239ddf815254f1686a42c8e80503e6aacf46c864311a446419,722987bad6031a42f983ab7757406af49aadb4740adabfeb7e772eac213e8eee
cga-experiments-v1,pure-p4-d1-k3-window,pure_p_p4_k3_d1_neumann_stratified_breakpoint_lbfgs_seed0201_20260907T084318+0800,29,accepted_snapshot,high,SG16-31,3.2834961984917754e-06,ok,3.2834962466064444e-06,5.4101020972890006e-05,7.651039759809229e-05,0.0015946876436804275,0.0003243306137070528,0.0015946882121369852,0.0003242787255873103,0.0029591866161641635,0.00012240438705721793,4.8114668953420144e-14,db496a86f902be239ddf815254f1686a42c8e80503e6aacf46c864311a446419,722987bad6031a42f983ab7757406af49aadb4740adabfeb7e772eac213e8eee
cga-experiments-v1,pure-p4-d1-k3-window,pure_p_p4_k3_d1_neumann_stratified_breakpoint_lbfgs_seed0201_20260907T084318+0800,30,accepted_snapshot,low,SG8-32,3.0267700594777125e-06,ok,3.0267699716673086e-06,5.4102857020392646e-05,7.651299416137169e-05,0.0015985468554217134,0.000325115507549704,0.0015985474192981885,0.00032506349264740876,0.0028411600123389807,0.00011752231101012044,8.781040385243783e-14,10440c8ce5eddf6555433df04894eebab8f0902e71dd8165ebe427bc2936eeaf,722987bad6031a42f983ab7757406af49aadb4740adabfeb7e772eac213e8eee
cga-experiments-v1,pure-p4-d1-k3-window,pure_p_p4_k3_d1_neumann_stratified_breakpoint_lbfgs_seed0201_20260907T084318+0800,30,accepted_snapshot,medium,SG12-32,3.026769832104037e-06,ok,3.0267699743875782e-06,5.4102857020421865e-05,7.651299416141301e-05,0.001598546858708885,0.00032511550821825514,0.0015985474225857354,0.00032506349331592907,0.0028411600123377117,0.00011752231101006794,1.4228354119430746e-13,10440c8ce5eddf6555433df04894eebab8f0902e71dd8165ebe427bc2936eeaf,722987bad6031a42f983ab7757406af49aadb4740adabfeb7e772eac213e8eee
cga-experiments-v1,pure-p4-d1-k3-window,pure_p_p4_k3_d1_neumann_stratified_breakpoint_lbfgs_seed0201_20260907T084318+0800,30,accepted_snapshot,high,SG16-32,3.0267700026342936e-06,ok,3.0267699734982034e-06,5.4102857020468045e-05,7.651299416147832e-05,0.0015985468587090962,0.0003251155082182981,0.0015985474225859463,0.00032506349331597195,0.002841160012338903,0.00011752231101011721,2.9136090241854706e-14,10440c8ce5eddf6555433df04894eebab8f0902e71dd8165ebe427bc2936eeaf,722987bad6031a42f983ab7757406af49aadb4740adabfeb7e772eac213e8eee
cga-experiments-v1,pure-p4-d1-k3-window,pure_p_p4_k3_d1_neumann_stratified_breakpoint_lbfgs_seed0201_20260907T084318+0800,31,accepted_snapshot,low,SG8-33,2.99803491543571e-06,ok,2.9980350605583155e-06,5.412260657644636e-05,7.65409242513937e-05,0.0015943527987211839,0.0003242625123007626,0.0015943533675132236,0.0003242106351687339,0.0028276420513327918,0.0001169631513673363,1.4512260547460722e-13,52d05dc451a0cf0ae2c3f1c50419d6601976816b5e3d6d9c641c3fac561fbb9d,722987bad6031a42f983ab7757406af49aadb4740adabfeb7e772eac213e8eee
cga-experiments-v1,pure-p4-d1-k3-window,pure_p_p4_k3_d1_neumann_stratified_breakpoint_lbfgs_seed0201_20260907T084318+0800,31,accepted_snapshot,medium,SG12-33,2.998034858592291e-06,ok,2.998035059376513e-06,5.412260657650563e-05,7.654092425147753e-05,0.0015943528020343014,0.0003242625129745907,0.0015943533708267196,0.000324210635842531,0.0028276420513324648,0.00011696315136732277,2.007842219445494e-13,52d05dc451a0cf0ae2c3f1c50419d6601976816b5e3d6d9c641c3fac561fbb9d,722987bad6031a42f983ab7757406af49aadb4740adabfeb7e772eac213e8eee
cga-experiments-v1,pure-p4-d1-k3-window,pure_p_p4_k3_d1_neumann_stratified_breakpoint_lbfgs_seed0201_20260907T084318+0800,31,accepted_snapshot,high,SG16-33,2.9980350291225477e-06,ok,2.9980350597952595e-06,5.412260657651565e-05,7.654092425149169e-05,0.0015943528020344992,0.00032426251297463095,0.0015943533708269173,0.0003242106358425712,0.002827642051332964,0.00011696315136734341,3.0672711769710046e-14,52d05dc451a0cf0ae2c3f1c50419d6601976816b5e3d6d9c641c3fac561fbb9d,722987bad6031a42f983ab7757406af49aadb4740adabfeb7e772eac213e8eee
cga-experiments-v1,pure-p4-d1-k3-window,pure_p_p4_k3_d1_neumann_stratified_breakpoint_lbfgs_seed0201_20260907T084318+0800,32,accepted_snapshot,low,SG8-34,1.9850678540933586e-06,ok,1.985067826438966e-06,5.166698347555341e-05,7.306814875803422e-05,0.0015926963013865114,0.00032392561071424347,0.0015926967727157946,0.00032387376778259767,0.0023009609916123837,9.517741067170925e-05,2.7654392447881704e-14,3e825d4a131717f7b5a7db8ad15332cb2fb31dce1d6a3da961fcef8f46a56d32,722987bad6031a42f983ab7757406af49aadb4740adabfeb7e772eac213e8eee
cga-experiments-v1,pure-p4-d1-k3-window,pure_p_p4_k3_d1_neumann_stratified_breakpoint_lbfgs_seed0201_20260907T084318+0800,32,accepted_snapshot,medium,SG12-34,1.985067683563102e-06,ok,1.9850678296156718e-06,5.166698347559406e-05,7.30681487580917e-05,0.001592696304742065,0.0003239256113967023,0.001592696776071728,0.0003238737684650244,0.0023009609916128685,9.517741067172929e-05,1.460525697236613e-13,3e825d4a131717f7b5a7db8ad15332cb2fb31dce1d6a3da961fcef8f46a56d32,722987bad6031a42f983ab7757406af49aadb4740adabfeb7e772eac213e8eee
cga-experiments-v1,pure-p4-d1-k3-window,pure_p_p4_k3_d1_neumann_stratified_breakpoint_lbfgs_seed0201_20260907T084318+0800,32,accepted_snapshot,high,SG16-34,1.9850677972499398e-06,ok,1.985067825952053e-06,5.166698347562434e-05,7.306814875813453e-05,0.001592696304742119,0.0003239256113967133,0.001592696776071782,0.00032387376846503533,0.002300960991613511,9.517741067175585e-05,2.870211333484544e-14,3e825d4a131717f7b5a7db8ad15332cb2fb31dce1d6a3da961fcef8f46a56d32,722987bad6031a42f983ab7757406af49aadb4740adabfeb7e772eac213e8eee
