schema_version,case_id,dof,seed_count,success_count,failure_count,failure_reasons,config_hashes,energy_gap_sample_count,energy_gap_median,energy_gap_q1,energy_gap_q3,natural_error_sample_count,natural_error_median,natural_error_q1,natural_error_q3,v_error_sample_count,v_error_median,v_error_q1,v_error_q3,l2_error_sample_count,l2_error_median,l2_error_q1,l2_error_q3,wall_time_sec_sample_count,wall_time_sec_median,wall_time_sec_q1,wall_time_sec_q3
cga-experiments-v2,C1,8,10,10,0,none,fbe4904d8be5f2979aa48d19d959400a573aec5543407e5edafbbf398eb19a0a,10,11.844216711173384,11.67570961720156,12.116300858818231,10,0.6961062173082029,0.6911337475346961,0.7040544193840437,0,NA,NA,NA,10,0.36016680659819467,0.2017408720620118,0.41140687204839016,10,0.003426811999815982,0.0024863955013643135,0.004821792000257119
cga-experiments-v2,C1,16,10,10,0,none,fbe4904d8be5f2979aa48d19d959400a573aec5543407e5edafbbf398eb19a0a,10,7.021890427092252,6.705173917689493,7.475163611706424,10,0.5359764996117478,0.5237363707927267,0.5529789750197809,0,NA,NA,NA,10,0.10002914835891236,0.09384334602462492,0.1062971496992465,10,0.005964874999335734,0.003545395750734315,0.006899354501001653
cga-experiments-v2,C1,32,10,10,0,none,fbe4904d8be5f2979aa48d19d959400a573aec5543407e5edafbbf398eb19a0a,10,1.7210094809728655,1.4649013630601075,2.465665720805979,10,0.26534211697807264,0.24480780144915637,0.317606630301449,0,NA,NA,NA,10,0.042551566808722394,0.037098983110267575,0.05571504176262152,10,0.00677575000008801,0.006155375499474758,0.007514958250794734
cga-experiments-v2,C1,64,10,10,0,none,fbe4904d8be5f2979aa48d19d959400a573aec5543407e5edafbbf398eb19a0a,10,0.07551045951725399,0.040185481808400425,0.11710604286523285,10,0.05557793929770424,0.0405448002978559,0.06888647978586873,0,NA,NA,NA,10,0.004307849491225018,0.0031311982585673203,0.0065311578802768975,10,0.02148762500110024,0.017390551500284346,0.026790031000018644
cga-experiments-v2,C1,128,10,10,0,none,fbe4904d8be5f2979aa48d19d959400a573aec5543407e5edafbbf398eb19a0a,10,0.000813439421149198,0.0004889410918407222,0.0014136941263647174,10,0.005762936954998417,0.004465484406354221,0.0076044047024740775,0,NA,NA,NA,10,0.00023951594249153256,0.00016584909504580952,0.00037005466615700356,10,0.06474783349949575,0.0482515722487733,0.0861039167502895
cga-experiments-v2,C1,256,10,10,0,none,fbe4904d8be5f2979aa48d19d959400a573aec5543407e5edafbbf398eb19a0a,10,8.398641977436228e-07,7.740900462849254e-07,8.940526541323379e-07,10,0.0001853036957205878,0.00017793308903134186,0.00019128564121472427,0,NA,NA,NA,10,2.297725990406679e-06,2.162097891278954e-06,2.420537262077454e-06,10,0.12961108300078195,0.11764810400200076,0.15946924999934708
cga-experiments-v2,C2,8,10,10,0,none,fbe4904d8be5f2979aa48d19d959400a573aec5543407e5edafbbf398eb19a0a,10,11.857835546698375,11.681743733723719,12.296699314909935,10,0.6961492620877927,0.6911378076827782,0.7047073231228846,0,NA,NA,NA,10,0.3018866702168624,0.20100444271407686,0.3807424703924136,10,0.010198728999966988,0.008038187749662029,0.01188111450028373
cga-experiments-v2,C2,16,10,10,0,none,fbe4904d8be5f2979aa48d19d959400a573aec5543407e5edafbbf398eb19a0a,10,7.023629433471472,6.70595826314802,7.47611704498399,10,0.5359775653076893,0.5237365358073676,0.5529792379782266,0,NA,NA,NA,10,0.09996412401418836,0.09381342558302738,0.10611427753411612,10,0.008447603999229614,0.007795063000230584,0.010201562249676499
cga-experiments-v2,C2,32,10,10,0,none,fbe4904d8be5f2979aa48d19d959400a573aec5543407e5edafbbf398eb19a0a,10,1.7212297492517052,1.4649049973169497,2.466175035513009,10,0.2653421969080664,0.24480786934569895,0.31760672303689763,0,NA,NA,NA,10,0.042615408044267375,0.0371030029067384,0.05572671600386671,10,0.011957062499277527,0.010531937499763444,0.015839614500691823
cga-experiments-v2,C2,64,10,10,0,none,fbe4904d8be5f2979aa48d19d959400a573aec5543407e5edafbbf398eb19a0a,10,0.07550901819559996,0.040184633926431346,0.11711834951966882,10,0.0555779397130815,0.040544800472076786,0.06888648514813568,0,NA,NA,NA,10,0.00430821777924995,0.003131655936981684,0.006535384870524154,10,0.02506452100169554,0.021475624749655253,0.03350273949945404
cga-experiments-v2,C2,128,10,10,0,none,fbe4904d8be5f2979aa48d19d959400a573aec5543407e5edafbbf398eb19a0a,10,0.0008134363593423899,0.0004889465295470075,0.0014137517726950932,10,0.005762936964337431,0.004465484411895639,0.0076044047241840655,0,NA,NA,NA,10,0.00023951836186424823,0.0001658487519632514,0.00037005841498484785,10,0.20447354149837338,0.1769461774993033,0.24407361449812015
cga-experiments-v2,C2,256,10,10,0,none,fbe4904d8be5f2979aa48d19d959400a573aec5543407e5edafbbf398eb19a0a,10,8.398993625036155e-07,7.741054659504698e-07,8.943615226186807e-07,10,0.0001853073999982535,0.00017793507238008378,0.00019132118972481124,0,NA,NA,NA,10,2.2989087851164993e-06,2.1710785899241777e-06,2.4465324575116677e-06,10,1.0319003335007437,0.9933968747509425,1.6484501349978018
cga-experiments-v2,C3,8,10,10,0,none,fbe4904d8be5f2979aa48d19d959400a573aec5543407e5edafbbf398eb19a0a,10,9.188968814659248,8.529766895128004,9.64455982923564,10,0.9579992949684393,0.9229083529402564,0.9814248061153962,0,NA,NA,NA,10,0.9994158777046103,0.9917209384554218,1.0824187394429423,10,0.04039162500157545,0.03366406200166239,0.047982166498513834
cga-experiments-v2,C3,16,10,10,0,none,fbe4904d8be5f2979aa48d19d959400a573aec5543407e5edafbbf398eb19a0a,10,6.076191625387814,4.845214428235755,6.769428880211718,10,0.7788799284167232,0.6956285992951432,0.8218718004100373,0,NA,NA,NA,10,1.074548273383321,0.8922531045508424,1.2616503992421138,10,0.04553495799882512,0.04382149949833547,0.04882680250011617
cga-experiments-v2,C3,32,10,10,0,none,fbe4904d8be5f2979aa48d19d959400a573aec5543407e5edafbbf398eb19a0a,10,1.4138318460419486,0.8490248080848497,1.6411941310331866,10,0.3759598766015874,0.2909087359695566,0.40483911500646846,0,NA,NA,NA,10,0.24605762236519657,0.17582446654222098,0.27146500143506874,10,0.08069214599890984,0.07470599999760452,0.09431375025178568
cga-experiments-v2,C3,64,10,10,0,none,fbe4904d8be5f2979aa48d19d959400a573aec5543407e5edafbbf398eb19a0a,10,0.08256304352779509,0.032559019321828586,0.12220291484652535,10,0.09086570579155857,0.056999264212723104,0.11043802847536886,0,NA,NA,NA,10,0.03696515469195544,0.02298906099163511,0.04877331342800043,10,0.1647647704994597,0.13542683350078732,0.25521387524986494
cga-experiments-v2,C3,128,10,10,0,none,fbe4904d8be5f2979aa48d19d959400a573aec5543407e5edafbbf398eb19a0a,10,0.005361958342816386,0.004951988432254417,0.007408500453292,10,0.023160069193815462,0.022255022081444274,0.027217327560245932,0,NA,NA,NA,10,0.007059835424593758,0.006459458833325954,0.008443763476817655,10,0.6774100625007122,0.5177979062509621,0.818774187750023
cga-experiments-v2,C3,256,10,10,0,none,fbe4904d8be5f2979aa48d19d959400a573aec5543407e5edafbbf398eb19a0a,10,0.0005173726108385068,0.0004187469980609926,0.0007502194237858362,10,0.00719570486734941,0.0064717141023527954,0.008662787005796866,0,NA,NA,NA,10,0.001455573520074328,0.0013670932218224044,0.0018764916469321139,10,2.5993916665011056,2.009418593999726,3.7490898227488287
cga-experiments-v2,C3,512,10,10,0,none,fbe4904d8be5f2979aa48d19d959400a573aec5543407e5edafbbf398eb19a0a,9,5.1263826101433096e-05,4.479179152738766e-05,0.0011678232323735216,9,0.0022649211411678817,0.0021157669810739094,0.010809547058460956,0,NA,NA,NA,10,0.00030646176364939053,0.00027034453993789317,0.0003242969441101494,10,37.84704456249892,21.457173541499287,67.533766562251
cga-experiments-v2,C4,8,10,10,0,none,fbe4904d8be5f2979aa48d19d959400a573aec5543407e5edafbbf398eb19a0a,10,0.3949859809849272,0.13341042922954216,3.9576257300541187,10,0.08290870800688466,0.0718053284540434,0.20702012149477567,10,0.04278719110725687,0.02558115279655221,0.1254992731958131,10,0.019792203034621564,0.012719675139207959,0.04338335366525479,10,0.020601541500582243,0.01684403175022453,0.053746187501928944
cga-experiments-v2,C4,16,10,10,0,none,fbe4904d8be5f2979aa48d19d959400a573aec5543407e5edafbbf398eb19a0a,10,0.004343970585324541,0.001988148443857085,0.005760051739272853,10,0.009297202985401482,0.007917488058287537,0.010255623395506695,10,0.004454727453374024,0.003010426359831104,0.005117066427676643,10,0.002531411456919767,0.0012516796906169734,0.004494652339444088,10,0.0399543330004235,0.030709656001818075,0.04481705250145751
cga-experiments-v2,C4,32,10,10,0,none,fbe4904d8be5f2979aa48d19d959400a573aec5543407e5edafbbf398eb19a0a,10,0.0002794308033458037,0.00015227840668785575,0.000734809710181139,10,0.002511572741954885,0.0016379248129305309,0.00491875462566399,10,0.001104121340887234,0.0008335099108849729,0.0018206558848054954,10,0.00020836252587778877,0.00011297397912522991,0.00032185026627658367,10,0.06842445850270451,0.06189892675138253,0.0895928122499754
cga-experiments-v2,C4,64,10,10,0,none,fbe4904d8be5f2979aa48d19d959400a573aec5543407e5edafbbf398eb19a0a,10,5.892097306059441e-06,3.6415851525362086e-06,1.407965805810818e-05,10,0.000516831408334281,0.00035555676450907934,0.001120554211450785,10,0.00016313478548668782,0.00012841556358449106,0.0002506903616077542,10,3.0648811347481e-05,1.5148608304902836e-05,5.9086153186649444e-05,10,0.09524012499969103,0.0902677602480253,0.14586444750057126
cga-experiments-v2,C4,128,10,10,0,none,fbe4904d8be5f2979aa48d19d959400a573aec5543407e5edafbbf398eb19a0a,10,8.106036375465919e-08,3.668887416097277e-08,8.883566238182539e-08,10,7.817570952812044e-05,6.04600625898948e-05,0.00014004058683206335,10,1.9232038272099724e-05,1.2906007973784788e-05,2.012932184809479e-05,10,1.93796427201377e-06,1.2316315755368913e-06,3.2236254557315553e-06,10,0.19221652099986386,0.12388385400026891,0.3199747600010596
cga-experiments-v2,C4,256,10,10,0,none,fbe4904d8be5f2979aa48d19d959400a573aec5543407e5edafbbf398eb19a0a,1,3.6993696994613856e-10,3.6993696994613856e-10,3.6993696994613856e-10,10,7.869286256174872e-05,5.021403501357096e-05,0.00010279900404096028,10,1.265104524387441e-06,1.0548544082695876e-06,1.3440931823183247e-06,10,5.564446769672161e-07,3.454900498470784e-07,1.24929288202e-06,10,0.23475641700133565,0.20994840599996678,0.3112808544992731
cga-experiments-v2,C5,8,10,10,0,none,fbe4904d8be5f2979aa48d19d959400a573aec5543407e5edafbbf398eb19a0a,10,323.4568223578507,294.7002192804241,342.1566520074025,10,1.0168696036549898,0.9945583753791254,1.029988339946504,10,0.9820988585705817,0.9680684974517371,0.998041833662087,10,1.1541711671753387,1.1210468307270873,1.199111556148669,10,0.3174972710003203,0.1665065519991913,0.4290523754998503
cga-experiments-v2,C5,16,10,10,0,none,fbe4904d8be5f2979aa48d19d959400a573aec5543407e5edafbbf398eb19a0a,10,187.07657810426375,155.03054624909242,214.3204323958676,10,0.7836832132536019,0.7462536439347855,0.8652155084616148,10,0.8490687833112117,0.7726293033953572,0.8734884016153737,10,0.864693709378052,0.7446361780311128,0.9268025314167245,10,0.30665912450058386,0.16350954150038888,0.41979422900112695
cga-experiments-v2,C5,32,10,10,0,none,fbe4904d8be5f2979aa48d19d959400a573aec5543407e5edafbbf398eb19a0a,10,44.211124357056605,27.699241250165286,47.6577810087896,10,0.4314947231717116,0.3392114397485126,0.45000355928247293,10,0.4564537976889833,0.3631041184337742,0.47784368042283054,10,0.28700394532695805,0.24534664965901637,0.3160197347600969,10,0.5232064375013579,0.3183079685004486,0.7950716564992035
cga-experiments-v2,C5,64,10,10,0,none,fbe4904d8be5f2979aa48d19d959400a573aec5543407e5edafbbf398eb19a0a,10,2.501971315875977,0.983941933332872,3.0025590547476497,10,0.11538338967507777,0.06833385768982597,0.12722939303381242,10,0.11146573651629649,0.06909391383224879,0.1209110911381406,10,0.0537564077342827,0.041584914632907664,0.09909745222758347,10,1.6386380215008103,1.1239120107502458,1.9864188025012481
cga-experiments-v2,C5,128,10,9,1,L-BFGS-B: CONVERGENCE: RELATIVE REDUCTION OF F <= FACTR*EPSMCH; Newton-CG: Warning: Desired error not necessarily achieved due to precision loss.,fbe4904d8be5f2979aa48d19d959400a573aec5543407e5edafbbf398eb19a0a,9,0.15962322086687664,0.139330050426679,0.1942230471554467,9,0.030942652157444985,0.030433766817930866,0.03375618191152839,9,0.028082864396945042,0.02609985949227075,0.031100401733135923,9,0.013280262548891825,0.009868608714879578,0.01567137124863265,9,5.490121499999077,4.121591124996485,8.634643417000916
cga-experiments-v2,C5,256,10,7,3,L-BFGS-B: CONVERGENCE: RELATIVE REDUCTION OF F <= FACTR*EPSMCH; Newton-CG: Warning: Desired error not necessarily achieved due to precision loss.; L-BFGS-B: STOP: TOTAL NO. OF ITERATIONS REACHED LIMIT; Newton-CG: Warning: Desired error not necessarily achieved due to precision loss.,fbe4904d8be5f2979aa48d19d959400a573aec5543407e5edafbbf398eb19a0a,6,0.01912451809246818,0.011955192526059477,0.02919374175614564,6,0.01147216936786501,0.009729766999039267,0.013596668344984813,6,0.009616116468350172,0.007644185645556283,0.011949876168944,7,0.0023816968727444652,0.002321661534630347,0.0036105261512474904,7,10.86720979200254,10.179303333001371,25.6200460630007
cga-experiments-v2,C5,512,10,4,6,L-BFGS-B: CONVERGENCE: RELATIVE REDUCTION OF F <= FACTR*EPSMCH; Newton-CG: Warning: CG iterations didn't converge. The Hessian is not positive definite.; L-BFGS-B: CONVERGENCE: RELATIVE REDUCTION OF F <= FACTR*EPSMCH; Newton-CG: Warning: Desired error not necessarily achieved due to precision loss.; L-BFGS-B: STOP: TOTAL NO. OF ITERATIONS REACHED LIMIT; Newton-CG: Warning: Desired error not necessarily achieved due to precision loss.; L-BFGS-B: STOP: TOTAL NO. OF ITERATIONS REACHED LIMIT; Newton-CG: Warning: Maximum number of iterations has been exceeded.,fbe4904d8be5f2979aa48d19d959400a573aec5543407e5edafbbf398eb19a0a,4,0.0012920832883764888,0.0011252548498532633,0.0013748740219767797,2,0.003486551506933364,0.003393331047994136,0.003579771965872592,4,0.002551883801416477,0.0023504999082819937,0.0026386574725425034,4,0.0004472973880127095,0.0003696297516879371,0.0005155681108396747,4,65.83683245800057,52.20494961424993,73.90394613525132
