schema_version,case_id,method,n_total,n_success,terminal_width,success_rate,energy_gap_median,energy_gap_q1,energy_gap_q3,sobolev_error_median,sobolev_error_q1,sobolev_error_q3,v_error_median,v_error_q1,v_error_q3,wall_time_sec_median,wall_time_sec_q1,wall_time_sec_q3
sisc-baseline-summary-v1,C1,CGA-FP,3,3,8,1.0,1.0369057515528564,1.03551175664483,1.0376210838999302,0.32010162149606886,0.3198863076267937,0.32021199802507294,,,,0.245710916002281,0.24102072900132043,0.2599882290014648
sisc-baseline-summary-v1,C1,RD-WOGA,3,3,8,1.0,1.0353474210726024,1.034085627089258,1.035655740240978,0.3198609961175212,0.3196659673943614,0.31990861522444747,,,,0.28405975000350736,0.28262587500648806,0.29202604150486877
sisc-baseline-summary-v1,C1,Random-FC,3,3,8,1.0,0.027579886822911348,0.021090571668584523,1.8749181452763715,0.05220528514366002,0.04509519579277853,0.3293460580921399,,,,0.2336783749924507,0.23160520850069588,0.23390449999715202
sisc-baseline-summary-v1,C2,CGA-FP,3,3,8,1.0,0.3981455232917934,0.39746628778405313,0.4054025064180218,0.1930361807949899,0.1929240316871486,0.19475868685967535,,,,0.2412845409999136,0.24118299950350774,0.24153881199890748
sisc-baseline-summary-v1,C2,RD-WOGA,3,3,8,1.0,0.39492018426969544,0.3941115346600519,0.4000879708813301,0.19227270904635443,0.19208829053414703,0.19349870697023003,,,,0.29484229200170375,0.29429008349688957,0.296763728998485
sisc-baseline-summary-v1,C2,Random-FC,3,3,8,1.0,0.027792360840114938,0.02122324982115842,1.8858629996888299,0.05225584538145098,0.04512862379710935,0.3294299611304604,,,,0.24373399998876266,0.24370747899229173,0.244065895996755
sisc-baseline-summary-v1,C3,CGA-FP,5,5,8,1.0,5.344914153823931,5.2584293435313345,5.378324932204677,0.7303765954952027,0.724590147928676,0.7330009960494441,,,,0.18813754100119695,0.18654350000724662,0.18875620899780188
sisc-baseline-summary-v1,C3,RD-WOGA,5,5,8,1.0,5.102329573091072,5.053988816061395,5.146387932463114,0.7135971018714257,0.7104994990871807,0.7170320497381365,,,,0.2876313750020927,0.28563225000107195,0.28765662500518374
sisc-baseline-summary-v1,C3,Random-FC,5,5,8,1.0,9.544521611718059,9.319625359582746,9.853432246235759,0.9763000660952775,0.9647484590768146,0.9920550937466884,,,,0.19235749999643303,0.19057462499768008,0.1926920409896411
sisc-baseline-summary-v1,C4,CGA-FP,3,3,8,1.0,0.024527700667874797,0.023622234040772128,0.02462487158248905,0.035728028766209376,0.03493594922553788,0.03616702972492947,0.010474169555830002,0.010277199134126525,0.010492887457656475,0.2700183749984717,0.2696352079947246,0.2861259580022306
sisc-baseline-summary-v1,C4,RD-WOGA,3,3,8,1.0,0.02430824526976494,0.023984125451079308,0.024549116052838826,0.036112958614957606,0.03555853098256201,0.03696454100393355,0.010423453755009715,0.010355286705301503,0.010474764593008976,0.5490174579899758,0.44704302049649414,0.6670715829968685
sisc-baseline-summary-v1,C4,Random-FC,3,3,8,1.0,0.1865580073377373,0.10430108370437097,88.63611548809462,0.05392043019765431,0.036231131593795596,0.4170877053339899,0.029262415485324156,0.019634621260965556,0.34174509080146376,0.3223091249965364,0.30793414599611424,0.3654965000023367
sisc-baseline-summary-v1,C5,CGA-FP,5,5,8,1.0,174.95421561194124,169.0445190418901,178.1204176023418,0.7700815818179505,0.7398462776412933,0.800461337691433,0.8614436851444097,0.8292283618481783,0.8622458662085458,0.3407834169920534,0.33789416699437425,0.3472774170077173
sisc-baseline-summary-v1,C5,RD-WOGA,5,5,8,1.0,168.6043059289817,167.00734532999343,170.15538206868598,0.7711196030304256,0.7649985557466041,0.7778396021841205,0.7974755729872454,0.7920739446819548,0.8104397392143522,0.5667770000000019,0.5655998750007711,0.5677515839925036
sisc-baseline-summary-v1,C5,Random-FC,5,5,8,1.0,336.6712438331687,294.41530801181483,338.4646689144911,1.0089813045362777,0.9908748583434304,1.0122799487198089,0.9858507412464584,0.9725540732144986,0.9921978716660259,0.34897945800912566,0.3432910410047043,0.3536984160018619
