schema_version,artifact,kind,input_files_sha256,filters,semantic,command,output_sha256,validation
cga-artifacts-v1,figures/cga/cga_linear_cubic.pdf,figure,data/derived/experiments/cga_metrics_long.csv#c1cd6a722237ca2c9f65c5d18e917cfd492c4862936bbb9e9327dbd90a2ac7c3,"cases=01,03;metrics=energy_gap_raw,natural_rel;full accepted trajectories","dyadic accepted states connected; conditional guide exponent fixed and vertical position set from the last three positive dyadic points; guide exponents=01:energy_gap_raw:6,01:natural_rel:3,03:energy_gap_raw:6,03:natural_rel:3",python3 reproducibility/code/generate_artifacts.py,e67f80eae4f0e839dc312cbdf6b170553fdc274eb332852e459814190c92dd33,source-to-plot checks passed
cga-artifacts-v1,figures/cga/cga_linear_cubic.png,preview,data/derived/experiments/cga_metrics_long.csv#c1cd6a722237ca2c9f65c5d18e917cfd492c4862936bbb9e9327dbd90a2ac7c3,"cases=01,03;metrics=energy_gap_raw,natural_rel;full accepted trajectories","dyadic accepted states connected; conditional guide exponent fixed and vertical position set from the last three positive dyadic points; guide exponents=01:energy_gap_raw:6,01:natural_rel:3,03:energy_gap_raw:6,03:natural_rel:3",python3 reproducibility/code/generate_artifacts.py,2e4b7446a8ea80c8bf3b4dd378ba6bc5d8db1399924b0710b4c70d701bb01538,raster preview generated from same figure
cga-artifacts-v1,figures/cga/cga_p4_representative.pdf,figure,data/derived/experiments/cga_metrics_long.csv#c1cd6a722237ca2c9f65c5d18e917cfd492c4862936bbb9e9327dbd90a2ac7c3,"cases=17,08;metrics=energy_gap_raw,natural_rel,quasi_rel;full accepted trajectories","dyadic accepted states connected; conditional guide exponent fixed and vertical position set from the last three positive dyadic points; guide exponents=17:energy_gap_raw:6,17:natural_rel:1.5,17:quasi_rel:3,08:energy_gap_raw:3.5,08:natural_rel:0.875,08:quasi_rel:1.75",python3 reproducibility/code/generate_artifacts.py,441e957ccb0b684685adbda6cf1b68c6b5656f7685b3a73ee3e0701f4e29e7b6,source-to-plot checks passed
cga-artifacts-v1,figures/cga/cga_p4_representative.png,preview,data/derived/experiments/cga_metrics_long.csv#c1cd6a722237ca2c9f65c5d18e917cfd492c4862936bbb9e9327dbd90a2ac7c3,"cases=17,08;metrics=energy_gap_raw,natural_rel,quasi_rel;full accepted trajectories","dyadic accepted states connected; conditional guide exponent fixed and vertical position set from the last three positive dyadic points; guide exponents=17:energy_gap_raw:6,17:natural_rel:1.5,17:quasi_rel:3,08:energy_gap_raw:3.5,08:natural_rel:0.875,08:quasi_rel:1.75",python3 reproducibility/code/generate_artifacts.py,767539e3c32963637ea21a8a9d2fa7ca5ffd0afde5fd37f37abd06f75e24d891,raster preview generated from same figure
cga-artifacts-v1,figures/supplementary/cga_sinh_supplement.pdf,figure,data/derived/experiments/cga_metrics_long.csv#c1cd6a722237ca2c9f65c5d18e917cfd492c4862936bbb9e9327dbd90a2ac7c3,"cases=06;metrics=energy_gap_raw,natural_rel;full accepted trajectories","dyadic accepted states connected; conditional guide exponent fixed and vertical position set from the last three positive dyadic points; guide exponents=06:energy_gap_raw:3.5,06:natural_rel:1.75",python3 reproducibility/code/generate_artifacts.py,62e8cae8a9ad71ceae57e1e9a9623db9866ffe935bd3e7db3ac6fd3f9ce604a0,source-to-plot checks passed
cga-artifacts-v1,figures/supplementary/cga_sinh_supplement.png,preview,data/derived/experiments/cga_metrics_long.csv#c1cd6a722237ca2c9f65c5d18e917cfd492c4862936bbb9e9327dbd90a2ac7c3,"cases=06;metrics=energy_gap_raw,natural_rel;full accepted trajectories","dyadic accepted states connected; conditional guide exponent fixed and vertical position set from the last three positive dyadic points; guide exponents=06:energy_gap_raw:3.5,06:natural_rel:1.75",python3 reproducibility/code/generate_artifacts.py,c761c104116779a276e200dfce251ded259ff05c44b10e7caa50f8eb35235d1c,raster preview generated from same figure
cga-artifacts-v1,figures/supplementary/cga_p4_variants_supplement.pdf,figure,data/derived/experiments/cga_metrics_long.csv#c1cd6a722237ca2c9f65c5d18e917cfd492c4862936bbb9e9327dbd90a2ac7c3,"cases=10,12;metrics=energy_gap_raw,natural_rel,quasi_rel;full accepted trajectories","dyadic accepted states connected; conditional guide exponent fixed and vertical position set from the last three positive dyadic points; guide exponents=10:energy_gap_raw:3.5,10:natural_rel:0.875,10:quasi_rel:1.75,12:energy_gap_raw:3.5,12:natural_rel:0.875,12:quasi_rel:1.75",python3 reproducibility/code/generate_artifacts.py,37f938dc32178cfaeb218cb5a4d35ab57447fb95c3ed97203badc2c1a27d857d,source-to-plot checks passed
cga-artifacts-v1,figures/supplementary/cga_p4_variants_supplement.png,preview,data/derived/experiments/cga_metrics_long.csv#c1cd6a722237ca2c9f65c5d18e917cfd492c4862936bbb9e9327dbd90a2ac7c3,"cases=10,12;metrics=energy_gap_raw,natural_rel,quasi_rel;full accepted trajectories","dyadic accepted states connected; conditional guide exponent fixed and vertical position set from the last three positive dyadic points; guide exponents=10:energy_gap_raw:3.5,10:natural_rel:0.875,10:quasi_rel:1.75,12:energy_gap_raw:3.5,12:natural_rel:0.875,12:quasi_rel:1.75",python3 reproducibility/code/generate_artifacts.py,9e4f57fc48dd14b5aef7302fe3da6faca09ae125bbbe5f1597c6ce883c553918,raster preview generated from same figure
cga-artifacts-v1,figures/supplementary/cga_p5_boundary.pdf,figure,data/derived/experiments/cga_metrics_long.csv#c1cd6a722237ca2c9f65c5d18e917cfd492c4862936bbb9e9327dbd90a2ac7c3,"cases=15;metrics=energy_gap_raw,natural_rel,quasi_rel;full accepted trajectories","dyadic accepted states connected; conditional guide exponent fixed and vertical position set from the last three positive dyadic points; guide exponents=15:energy_gap_raw:2,15:natural_rel:0.4,15:quasi_rel:1",python3 reproducibility/code/generate_artifacts.py,fa0ad89ef264a4f2e78a0d207ac8d4f04cf2b48591868ea7efad26bb64da4516,source-to-plot checks passed
cga-artifacts-v1,figures/supplementary/cga_p5_boundary.png,preview,data/derived/experiments/cga_metrics_long.csv#c1cd6a722237ca2c9f65c5d18e917cfd492c4862936bbb9e9327dbd90a2ac7c3,"cases=15;metrics=energy_gap_raw,natural_rel,quasi_rel;full accepted trajectories","dyadic accepted states connected; conditional guide exponent fixed and vertical position set from the last three positive dyadic points; guide exponents=15:energy_gap_raw:2,15:natural_rel:0.4,15:quasi_rel:1",python3 reproducibility/code/generate_artifacts.py,9cd03e36253d5bccfb674a60827a057eed0da19718cee37b4338eb1c6a3f0307,raster preview generated from same figure
cga-artifacts-v1,figures/cga/cga_epsilon_scan.pdf,figure,data/derived/experiments/epsilon_scan_long.csv#b23db71821b7a6a5728cb9f1ab54cf58065951936e4d2c21fa41951e652ef08f,"p=4,d=1,k=3;dyadic steps=1:32",pure and three regularization scales; dyadic accepted states connected; no fitted rate,python3 reproducibility/code/generate_artifacts.py,51f694dcce90e5fd2e72594cc29e7d6b731f4279dd3dc221bd34c55064f248e0,source-to-plot checks passed
cga-artifacts-v1,figures/cga/cga_epsilon_scan.png,preview,data/derived/experiments/epsilon_scan_long.csv#b23db71821b7a6a5728cb9f1ab54cf58065951936e4d2c21fa41951e652ef08f,"p=4,d=1,k=3;dyadic steps=1:32",pure and three regularization scales; dyadic accepted states connected; no fitted rate,python3 reproducibility/code/generate_artifacts.py,b97332c00e2ed8b8c9d11c6fe01737a228ca0f334249d713b740c96849ca99dd,raster preview generated from same figure
cga-artifacts-v1,figures/cga/cga_ablation_terminal.pdf,figure,data/derived/experiments/ablation_long.csv#b1d1cea764247a4da292413e54a497b39de976a52a03cd14243079153f61dd78,terminal accepted step N=32 for each run,single-factor terminal comparison; categorical x axes,python3 reproducibility/code/generate_artifacts.py,0b700fac81665f013dee590188eb15631025fbf4b2f3a8a55e3c6c59ebe64bff,source-to-plot checks passed
cga-artifacts-v1,figures/cga/cga_ablation_terminal.png,preview,data/derived/experiments/ablation_long.csv#b1d1cea764247a4da292413e54a497b39de976a52a03cd14243079153f61dd78,terminal accepted step N=32 for each run,single-factor terminal comparison; categorical x axes,python3 reproducibility/code/generate_artifacts.py,3675b06cf6270a03679e974f6f0c76990ce36ba37d72dfb09ffca14f837160e8,raster preview generated from same figure
cga-artifacts-v1,figures/diagnostics/finite_window_diagnostics.pdf,figure,data/derived/window_diagnostics/selection_ratios.csv#5281597aec9b0b069e2235305694f150cd1033204344b534c1e3af1805849448;data/derived/window_diagnostics/hessian_spectra.csv#56b56bf99466ca4d32e5ed4b164eafbfae4a8f630d2a1fdf86ddd1a46000139f;data/derived/window_diagnostics/frozen_projection.csv#afba8e28a701df9da657030bdbf2f87c15ef9bbfbf17164172f98c6fdc390c61;data/derived/window_diagnostics/transfer_budget.csv#c2e2f1ab6529887df9a265b4ff74f892212c255fcdf6eb11cc11a9c938af43f4,"cases=pure,regularized-0.1;steps=8:32",finite-set diagnostics; the recorded margins do not establish a certificate,python3 reproducibility/code/generate_artifacts.py,3381099ce9361fee56e4d85d841806921608ba48f88d0433ee9f3dc3075d16eb,source-to-plot checks passed
cga-artifacts-v1,figures/diagnostics/finite_window_diagnostics.png,preview,data/derived/window_diagnostics/selection_ratios.csv#5281597aec9b0b069e2235305694f150cd1033204344b534c1e3af1805849448;data/derived/window_diagnostics/hessian_spectra.csv#56b56bf99466ca4d32e5ed4b164eafbfae4a8f630d2a1fdf86ddd1a46000139f;data/derived/window_diagnostics/frozen_projection.csv#afba8e28a701df9da657030bdbf2f87c15ef9bbfbf17164172f98c6fdc390c61;data/derived/window_diagnostics/transfer_budget.csv#c2e2f1ab6529887df9a265b4ff74f892212c255fcdf6eb11cc11a9c938af43f4,"cases=pure,regularized-0.1;steps=8:32",finite-set diagnostics; the recorded margins do not establish a certificate,python3 reproducibility/code/generate_artifacts.py,52cd6ebf919f4c36cd03d539ff2960f402cbe5573538624b41cd5f767d42707c,raster preview generated from same figure
cga-artifacts-v1,figures/diagnostics/finite_trajectory_bounds.pdf,figure,data/derived/section85/base_pure_finite_q20.csv#860ee49073bbd09c5b2ca08ebc61061f54a4a530d363e30c0e50bfedf7db9d8d;data/derived/section85/epsilon_01_finite_q20.csv#59e8efb376d0f07a5954e39821789cdf8cda5f0566c2b3979b91ef2aba356a56,N=8:32;quadrature order 20;entry-only source approximation,ordinary floating-point computations with independent quadrature cross-check; not an interval enclosure,python3 reproducibility/code/generate_artifacts.py,5769ff5246816639850d1d6bce5e22dbd5fda34cbfbcafb66b2d860013b8e7bc,source-to-plot checks passed
cga-artifacts-v1,figures/diagnostics/finite_trajectory_bounds.png,preview,data/derived/section85/base_pure_finite_q20.csv#860ee49073bbd09c5b2ca08ebc61061f54a4a530d363e30c0e50bfedf7db9d8d;data/derived/section85/epsilon_01_finite_q20.csv#59e8efb376d0f07a5954e39821789cdf8cda5f0566c2b3979b91ef2aba356a56,N=8:32;quadrature order 20;entry-only source approximation,ordinary floating-point computations with independent quadrature cross-check; not an interval enclosure,python3 reproducibility/code/generate_artifacts.py,6711bcfcd88e3296372dfaa665966857f8f7a539f485b4c587e7f300b93d84af,raster preview generated from same figure
cga-artifacts-v1,data/derived/baselines/baseline_actual_points.csv,derived-data,data/derived/experiments/cga_metrics_long.csv#c1cd6a722237ca2c9f65c5d18e917cfd492c4862936bbb9e9327dbd90a2ac7c3;data/raw/baseline/data/fem_raw.csv#bada55e33777b09c2979668b573eb04b1969bea22be70096f6fc0eaf4dee19c8;data/derived/experiments/rfm_multiseed_summary.csv#3a03680122c933b6407ae7b2a0acd99d79ca1ff4d81ae01280b7265ce7c1e493,CGA accepted states; FEM raw states; RFM groups with exactly 10 seeds,metrics renamed by mathematical definition,python3 reproducibility/code/generate_artifacts.py,6603e6d756679b31ecf2a72c012dc40d7058f098f50d4c4fd8b4c02543316fed,schema and seed-count checks passed
cga-artifacts-v1,figures/baselines/C1_relative_h1_error.pdf,figure,data/derived/baselines/baseline_actual_points.csv#6603e6d756679b31ecf2a72c012dc40d7058f098f50d4c4fd8b4c02543316fed,case=C1;metric=relative_sobolev;actual points only;configured dof cap=256,no theory line and no order plot; RFM median/IQR uses ten seeds,python3 reproducibility/code/generate_artifacts.py,6ab3b2e867e06f6b5708e113d5b6412d4d8ef870c59e7b99cf3309e6bc0d90fc,source-to-plot checks passed
cga-artifacts-v1,figures/baselines/C1_relative_h1_error.png,preview,data/derived/baselines/baseline_actual_points.csv#6603e6d756679b31ecf2a72c012dc40d7058f098f50d4c4fd8b4c02543316fed,case=C1;metric=relative_sobolev;actual points only;configured dof cap=256,no theory line and no order plot; RFM median/IQR uses ten seeds,python3 reproducibility/code/generate_artifacts.py,2149fa40c3bd3a1f49216dfaa8b53d8807199d614ea46119cd9fccefa313e620,raster preview generated from same figure
cga-artifacts-v1,figures/baselines/C1_energy_gap.pdf,figure,data/derived/baselines/baseline_actual_points.csv#6603e6d756679b31ecf2a72c012dc40d7058f098f50d4c4fd8b4c02543316fed,case=C1;metric=energy_gap;actual points only;configured dof cap=256,no theory line and no order plot; RFM median/IQR uses ten seeds,python3 reproducibility/code/generate_artifacts.py,daf5c4007673b9be00395b6fa39bf84c72cd04de0a876619b977d78c146ae866,source-to-plot checks passed
cga-artifacts-v1,figures/baselines/C1_energy_gap.png,preview,data/derived/baselines/baseline_actual_points.csv#6603e6d756679b31ecf2a72c012dc40d7058f098f50d4c4fd8b4c02543316fed,case=C1;metric=energy_gap;actual points only;configured dof cap=256,no theory line and no order plot; RFM median/IQR uses ten seeds,python3 reproducibility/code/generate_artifacts.py,058065bd3b8fca074fd821bd5c92d8ff3bb4fb8fa38ecb819e614c72f7348cbb,raster preview generated from same figure
cga-artifacts-v1,figures/baselines/C2_relative_h1_error.pdf,figure,data/derived/baselines/baseline_actual_points.csv#6603e6d756679b31ecf2a72c012dc40d7058f098f50d4c4fd8b4c02543316fed,case=C2;metric=relative_sobolev;actual points only;configured dof cap=256,no theory line and no order plot; RFM median/IQR uses ten seeds,python3 reproducibility/code/generate_artifacts.py,fb780851d6d0f05a65b1233775f89eda20719eeb12ce3fa13e8155a970c19fb4,source-to-plot checks passed
cga-artifacts-v1,figures/baselines/C2_relative_h1_error.png,preview,data/derived/baselines/baseline_actual_points.csv#6603e6d756679b31ecf2a72c012dc40d7058f098f50d4c4fd8b4c02543316fed,case=C2;metric=relative_sobolev;actual points only;configured dof cap=256,no theory line and no order plot; RFM median/IQR uses ten seeds,python3 reproducibility/code/generate_artifacts.py,42169082b5a76fa4c802c1d5e17b33e10af31da2b97f6ea3703f25fee3db8900,raster preview generated from same figure
cga-artifacts-v1,figures/baselines/C2_energy_gap.pdf,figure,data/derived/baselines/baseline_actual_points.csv#6603e6d756679b31ecf2a72c012dc40d7058f098f50d4c4fd8b4c02543316fed,case=C2;metric=energy_gap;actual points only;configured dof cap=256,no theory line and no order plot; RFM median/IQR uses ten seeds,python3 reproducibility/code/generate_artifacts.py,82be2b17f11a0de1c131e7ae423fe3cc6472c97b9b20d4a7aa8735bfddfd58a8,source-to-plot checks passed
cga-artifacts-v1,figures/baselines/C2_energy_gap.png,preview,data/derived/baselines/baseline_actual_points.csv#6603e6d756679b31ecf2a72c012dc40d7058f098f50d4c4fd8b4c02543316fed,case=C2;metric=energy_gap;actual points only;configured dof cap=256,no theory line and no order plot; RFM median/IQR uses ten seeds,python3 reproducibility/code/generate_artifacts.py,42b10dbf0006023496a23733545a176554dab6fa0bb364510fa2f1d397d31e09,raster preview generated from same figure
cga-artifacts-v1,figures/baselines/C3_relative_h1_error.pdf,figure,data/derived/baselines/baseline_actual_points.csv#6603e6d756679b31ecf2a72c012dc40d7058f098f50d4c4fd8b4c02543316fed,case=C3;metric=relative_sobolev;actual points only;configured dof cap=512,no theory line and no order plot; RFM median/IQR uses ten seeds,python3 reproducibility/code/generate_artifacts.py,191374146812664ff6b96ce21380cdbb5b733ee266c4ac74d862e3455affd206,source-to-plot checks passed
cga-artifacts-v1,figures/baselines/C3_relative_h1_error.png,preview,data/derived/baselines/baseline_actual_points.csv#6603e6d756679b31ecf2a72c012dc40d7058f098f50d4c4fd8b4c02543316fed,case=C3;metric=relative_sobolev;actual points only;configured dof cap=512,no theory line and no order plot; RFM median/IQR uses ten seeds,python3 reproducibility/code/generate_artifacts.py,3e09de4bbee6c49ccb0314bf2005da2d37f00a2e57e57763d572ff875dc957eb,raster preview generated from same figure
cga-artifacts-v1,figures/baselines/C3_energy_gap.pdf,figure,data/derived/baselines/baseline_actual_points.csv#6603e6d756679b31ecf2a72c012dc40d7058f098f50d4c4fd8b4c02543316fed,case=C3;metric=energy_gap;actual points only;configured dof cap=512,no theory line and no order plot; RFM median/IQR uses ten seeds,python3 reproducibility/code/generate_artifacts.py,4a0b85567c2d670daeccb323738ca0a44d02a24bf9fcc637aab8511cf0bd9209,source-to-plot checks passed
cga-artifacts-v1,figures/baselines/C3_energy_gap.png,preview,data/derived/baselines/baseline_actual_points.csv#6603e6d756679b31ecf2a72c012dc40d7058f098f50d4c4fd8b4c02543316fed,case=C3;metric=energy_gap;actual points only;configured dof cap=512,no theory line and no order plot; RFM median/IQR uses ten seeds,python3 reproducibility/code/generate_artifacts.py,f022b12ba2b5bb1d2440c3c88a2fb151df5e69ca6fb08a4defc9b535db60b349,raster preview generated from same figure
cga-artifacts-v1,figures/baselines/C4_relative_w1p_error.pdf,figure,data/derived/baselines/baseline_actual_points.csv#6603e6d756679b31ecf2a72c012dc40d7058f098f50d4c4fd8b4c02543316fed,case=C4;metric=relative_sobolev;actual points only;configured dof cap=141,no theory line and no order plot; RFM median/IQR uses ten seeds,python3 reproducibility/code/generate_artifacts.py,2c19fb17283fc61b5a140d1f992aa7ccfd208ba5dba0fedb542e7cb2dc3be37f,source-to-plot checks passed
cga-artifacts-v1,figures/baselines/C4_relative_w1p_error.png,preview,data/derived/baselines/baseline_actual_points.csv#6603e6d756679b31ecf2a72c012dc40d7058f098f50d4c4fd8b4c02543316fed,case=C4;metric=relative_sobolev;actual points only;configured dof cap=141,no theory line and no order plot; RFM median/IQR uses ten seeds,python3 reproducibility/code/generate_artifacts.py,9ff965264b2010213a39f8eeadd4fb03967fdde843076a51b62dacb7c0b0dde0,raster preview generated from same figure
cga-artifacts-v1,figures/baselines/C4_energy_gap.pdf,figure,data/derived/baselines/baseline_actual_points.csv#6603e6d756679b31ecf2a72c012dc40d7058f098f50d4c4fd8b4c02543316fed,case=C4;metric=energy_gap;actual points only;configured dof cap=141,no theory line and no order plot; RFM median/IQR uses ten seeds,python3 reproducibility/code/generate_artifacts.py,1934da5711f83cd94cb05445dfc593fa12b905f955846b292b770082d9827286,source-to-plot checks passed
cga-artifacts-v1,figures/baselines/C4_energy_gap.png,preview,data/derived/baselines/baseline_actual_points.csv#6603e6d756679b31ecf2a72c012dc40d7058f098f50d4c4fd8b4c02543316fed,case=C4;metric=energy_gap;actual points only;configured dof cap=141,no theory line and no order plot; RFM median/IQR uses ten seeds,python3 reproducibility/code/generate_artifacts.py,31b1ae5200db1c5e14e2c249fd1a7cb68cd8ba6b706da442ff7a1985872c3326,raster preview generated from same figure
cga-artifacts-v1,figures/baselines/C4_v_distance.pdf,figure,data/derived/baselines/baseline_actual_points.csv#6603e6d756679b31ecf2a72c012dc40d7058f098f50d4c4fd8b4c02543316fed,case=C4;metric=v_distance;actual points only;configured dof cap=141,no theory line and no order plot; RFM median/IQR uses ten seeds,python3 reproducibility/code/generate_artifacts.py,9af83161b73ee1068532737f609c93c50369a24ae67d9954cab1577b67f25d67,source-to-plot checks passed
cga-artifacts-v1,figures/baselines/C4_v_distance.png,preview,data/derived/baselines/baseline_actual_points.csv#6603e6d756679b31ecf2a72c012dc40d7058f098f50d4c4fd8b4c02543316fed,case=C4;metric=v_distance;actual points only;configured dof cap=141,no theory line and no order plot; RFM median/IQR uses ten seeds,python3 reproducibility/code/generate_artifacts.py,1ecdbb8ccbbff4d924f87263f497a0b9f6207a50a3e68559ad4eb5adbcfea69a,raster preview generated from same figure
cga-artifacts-v1,figures/baselines/C5_relative_w1p_error.pdf,figure,data/derived/baselines/baseline_actual_points.csv#6603e6d756679b31ecf2a72c012dc40d7058f098f50d4c4fd8b4c02543316fed,case=C5;metric=relative_sobolev;actual points only;configured dof cap=512,no theory line and no order plot; RFM median/IQR uses ten seeds,python3 reproducibility/code/generate_artifacts.py,fe6242481caeacdd46f44df5fd767c788b4f70a3ea86968f8cb2d983ff2e1581,source-to-plot checks passed
cga-artifacts-v1,figures/baselines/C5_relative_w1p_error.png,preview,data/derived/baselines/baseline_actual_points.csv#6603e6d756679b31ecf2a72c012dc40d7058f098f50d4c4fd8b4c02543316fed,case=C5;metric=relative_sobolev;actual points only;configured dof cap=512,no theory line and no order plot; RFM median/IQR uses ten seeds,python3 reproducibility/code/generate_artifacts.py,b799423dbaf592dbeade7004c9af84c26c52d036bda36332b58d673e60a36a48,raster preview generated from same figure
cga-artifacts-v1,figures/baselines/C5_energy_gap.pdf,figure,data/derived/baselines/baseline_actual_points.csv#6603e6d756679b31ecf2a72c012dc40d7058f098f50d4c4fd8b4c02543316fed,case=C5;metric=energy_gap;actual points only;configured dof cap=512,no theory line and no order plot; RFM median/IQR uses ten seeds,python3 reproducibility/code/generate_artifacts.py,1c0234422eb877607752754d661d4c193a0767bf97a7462c247dfe234533f0dc,source-to-plot checks passed
cga-artifacts-v1,figures/baselines/C5_energy_gap.png,preview,data/derived/baselines/baseline_actual_points.csv#6603e6d756679b31ecf2a72c012dc40d7058f098f50d4c4fd8b4c02543316fed,case=C5;metric=energy_gap;actual points only;configured dof cap=512,no theory line and no order plot; RFM median/IQR uses ten seeds,python3 reproducibility/code/generate_artifacts.py,27cacacfca4dd98b7ed38e3b63764380d6b4b4532a4fe27963cc82e2467a61e5,raster preview generated from same figure
cga-artifacts-v1,figures/baselines/C5_v_distance.pdf,figure,data/derived/baselines/baseline_actual_points.csv#6603e6d756679b31ecf2a72c012dc40d7058f098f50d4c4fd8b4c02543316fed,case=C5;metric=v_distance;actual points only;configured dof cap=512,no theory line and no order plot; RFM median/IQR uses ten seeds,python3 reproducibility/code/generate_artifacts.py,18730122d63be1c597daf9128352699beeed7d9f53c3b2338a5bae0100fc20f1,source-to-plot checks passed
cga-artifacts-v1,figures/baselines/C5_v_distance.png,preview,data/derived/baselines/baseline_actual_points.csv#6603e6d756679b31ecf2a72c012dc40d7058f098f50d4c4fd8b4c02543316fed,case=C5;metric=v_distance;actual points only;configured dof cap=512,no theory line and no order plot; RFM median/IQR uses ten seeds,python3 reproducibility/code/generate_artifacts.py,33d581d94f88b93218c75166a9a9bd4258559d61eb6cc43c31d686e6b720ae56,raster preview generated from same figure
cga-artifacts-v1,figures/supplementary/fem_p2_supplement.pdf,figure,data/derived/baselines/baseline_actual_points.csv#6603e6d756679b31ecf2a72c012dc40d7058f098f50d4c4fd8b4c02543316fed,all cases;actual FEM P2 points,P2 is reported as a supplementary polynomial-degree reference,python3 reproducibility/code/generate_artifacts.py,a8602f891f684d748998e6defa27be3a01163cd974b0d9d4d4dd6ddb3e79b207,source-to-plot checks passed
cga-artifacts-v1,figures/supplementary/fem_p2_supplement.png,preview,data/derived/baselines/baseline_actual_points.csv#6603e6d756679b31ecf2a72c012dc40d7058f098f50d4c4fd8b4c02543316fed,all cases;actual FEM P2 points,P2 is reported as a supplementary polynomial-degree reference,python3 reproducibility/code/generate_artifacts.py,bf087a48a1834484e4fca3faecbeee846d0885becca40097efe545a2bed08eaf,raster preview generated from same figure
cga-artifacts-v1,data/derived/baselines/baseline_common_grid.csv,derived-data,data/derived/baselines/baseline_actual_points.csv#6603e6d756679b31ecf2a72c012dc40d7058f098f50d4c4fd8b4c02543316fed,configured common DOFs; no extrapolation,actual and interpolated values carry bracketing endpoints,python3 reproducibility/code/generate_artifacts.py,bc8a2d31b0fd58e2a6c72c2009e8d6ae1904eabfeb8ecc1568bbfa2a382a0733,all interpolants bracketed
cga-artifacts-v1,generated/ch8_semilinear_tables.tex,table,data/derived/experiments/cga_metrics_long.csv#c1cd6a722237ca2c9f65c5d18e917cfd492c4862936bbb9e9327dbd90a2ac7c3,"cases=01,03;dyadic N=32:256",measured local orders; no fitted slope,python3 reproducibility/code/generate_artifacts.py,7f33b1e01a346b6b3113956ceb8807b6ab157c80d2a2a7939832488fda4f3f49,values read from the accepted-state CSV
cga-artifacts-v1,generated/ch8_p4_tables.tex,table,data/derived/experiments/cga_metrics_long.csv#c1cd6a722237ca2c9f65c5d18e917cfd492c4862936bbb9e9327dbd90a2ac7c3,"cases=17,08;dyadic checkpoints",three distinct metrics and measured local orders,python3 reproducibility/code/generate_artifacts.py,557a8aa44c2a70b706e5ef35f622b39e720775ee4e77ce4147fa40faa5260732,values read from the accepted-state CSV
cga-artifacts-v1,generated/ch8_all_dyadic_supplement.tex,table,data/derived/experiments/cga_metrics_long.csv#c1cd6a722237ca2c9f65c5d18e917cfd492c4862936bbb9e9327dbd90a2ac7c3,all eight cases;all available dyadic checkpoints,complete measured record without theoretical footer,python3 reproducibility/code/generate_artifacts.py,71f54e85a7d53191394d31ca84e61e716f7022909dd515f75cf33d16cbe3999c,values read from the accepted-state CSV
cga-artifacts-v1,generated/baseline_terminal.tex,table,data/derived/baselines/baseline_actual_points.csv#6603e6d756679b31ecf2a72c012dc40d7058f098f50d4c4fd8b4c02543316fed;data/derived/baselines/baseline_common_grid.csv#bc8a2d31b0fd58e2a6c72c2009e8d6ae1904eabfeb8ecc1568bbfa2a382a0733,configured ten-seed endpoints,relative H1 for C1-C3 and relative W1p for C4-C5,python3 reproducibility/code/generate_artifacts.py,032a8915dca848aada972ac1db9d979fafaa50723698aa6151fba9d5183062a0,endpoint ratios recomputed
cga-artifacts-v1,data/derived/baselines/baseline_terminal.csv,derived-data,data/derived/baselines/baseline_actual_points.csv#6603e6d756679b31ecf2a72c012dc40d7058f098f50d4c4fd8b4c02543316fed;data/derived/baselines/baseline_common_grid.csv#bc8a2d31b0fd58e2a6c72c2009e8d6ae1904eabfeb8ecc1568bbfa2a382a0733,configured ten-seed endpoints,RFM uncertainty and FEM interpolation metadata,python3 reproducibility/code/generate_artifacts.py,056b3aa35731991cab9714113fe8989966e958dc9d0f0d5f8375b93c11540f4a,all prescribed-run counts equal ten
cga-artifacts-v1,generated/fem_pdegree.tex,table,data/derived/baselines/baseline_common_grid.csv#bc8a2d31b0fd58e2a6c72c2009e8d6ae1904eabfeb8ecc1568bbfa2a382a0733,terminal endpoints;FEM P1/P2/P3,P2 is reported in the supplement,python3 reproducibility/code/generate_artifacts.py,e4556a70aec116d4bc624cd65550eec4cf19fa8284e619d97b08f7fa5beb5f15,bracketing metadata recorded separately
cga-artifacts-v1,data/derived/baselines/common_grid_terminal_brackets.csv,derived-data,data/derived/baselines/baseline_common_grid.csv#bc8a2d31b0fd58e2a6c72c2009e8d6ae1904eabfeb8ecc1568bbfa2a382a0733,terminal FEM rows,explicit interpolation flags and brackets,python3 reproducibility/code/generate_artifacts.py,c1989c1cd59657f7707d8c82c5186a037263e91fd99408fe8e76047d7ac865a2,no extrapolated row
cga-artifacts-v1,generated/window_diagnostics.tex,table,data/derived/window_diagnostics/hessian_spectra.csv#56b56bf99466ca4d32e5ed4b164eafbfae4a8f630d2a1fdf86ddd1a46000139f;data/derived/window_diagnostics/selection_ratios.csv#5281597aec9b0b069e2235305694f150cd1033204344b534c1e3af1805849448;data/derived/window_diagnostics/frozen_projection.csv#afba8e28a701df9da657030bdbf2f87c15ef9bbfbf17164172f98c6fdc390c61;data/derived/window_diagnostics/transfer_budget.csv#c2e2f1ab6529887df9a265b4ff74f892212c255fcdf6eb11cc11a9c938af43f4,"cases=pure,regularized-0.1;steps=8:32",finite-set diagnostics with failed sufficient margins shown,python3 reproducibility/code/generate_artifacts.py,f2097457bbec13e6f743d79eecb59453c8b2e65c8bfb5774a73aa30ad44c0863,aggregates recomputed from stepwise CSV
cga-artifacts-v1,generated/finite_trajectory_conditions.tex,table,data/derived/section85/finite_trajectory_summary.csv#ecdbb93a2abb844df6a9b3e90a70ff526fd712b1435ab37271f4c840f70806cb;data/derived/section85/base_pure_finite_q20.csv#860ee49073bbd09c5b2ca08ebc61061f54a4a530d363e30c0e50bfedf7db9d8d;data/derived/section85/epsilon_01_finite_q20.csv#59e8efb376d0f07a5954e39821789cdf8cda5f0566c2b3979b91ef2aba356a56,N=8:32;order=20;entry-only source,computed conditions and conservative bounds,python3 reproducibility/code/generate_artifacts.py,1fcf52546692396651496e1fa7efc3f642cc52c35c6dcab50d8379070e797ee4,all values read from the finite-trajectory CSV
cga-artifacts-v1,generated/finite_trajectory_values.tex,table,data/derived/section85/finite_trajectory_summary.csv#ecdbb93a2abb844df6a9b3e90a70ff526fd712b1435ab37271f4c840f70806cb;data/derived/section85/base_pure_finite_q20.csv#860ee49073bbd09c5b2ca08ebc61061f54a4a530d363e30c0e50bfedf7db9d8d;data/derived/section85/epsilon_01_finite_q20.csv#59e8efb376d0f07a5954e39821789cdf8cda5f0566c2b3979b91ef2aba356a56,"N=8,16,32;order=20",representative computed quantities and bounds,python3 reproducibility/code/generate_artifacts.py,f399c85343a7bdf588930e73f0f3d0e4c26f1f39fffbc0dcf13dc8c51e4950f3,all values read from the finite-trajectory CSV
cga-artifacts-v1,reports/fem_curve_identity_audit.md,audit-report,data/raw/baseline/data/fem_raw.csv#bada55e33777b09c2979668b573eb04b1969bea22be70096f6fc0eaf4dee19c8,C1 versus C2;FEM P1/P2/P3,unrounded H1-error identity check,python3 reproducibility/code/generate_artifacts.py,47643b9d39e8177820c0d2e94174513f04ab3228636af539acbf038df5a82b08,separate models and nonzero differences confirmed
cga-artifacts-v1,reports/artifact_crosswalk.md,audit-report,reproducibility/configs/plots.json#a4097d5a5f4453f031a51a625a3150b61966a5fc477dfc74a1e09126f1ebfff0,paper artifact source map,one data source and rule per artifact class,python3 reproducibility/code/generate_artifacts.py,4c359ef90929bec432831e659396def7861e87b8f658c945ae0c475c8be4a244,all cited objects listed
cga-artifacts-v1,data/derived/baselines/artifact_validation.json,validation,data/derived/baselines/baseline_actual_points.csv#6603e6d756679b31ecf2a72c012dc40d7058f098f50d4c4fd8b4c02543316fed;data/derived/baselines/baseline_common_grid.csv#bc8a2d31b0fd58e2a6c72c2009e8d6ae1904eabfeb8ecc1568bbfa2a382a0733;data/derived/experiments/experiment_validation.json#97a1b27d372497883c229a3587e9ccb1884980e7b15eb842eeff67a41285d50b;data/derived/window_diagnostics/window_certificate_validation.json#3fd5f71d30601fde8586e7778a0639a361f977e328e9325e0dbece61eb57899f,all generated artifacts,numeric and semantic validation,python3 reproducibility/code/generate_artifacts.py,4afe0105078abaab536e9b76fee46932e0b93bf8ff3149165e7c1aebb57d3442,pass iff problem list is empty
cga-artifacts-v1,reports/figure_table_numeric_validation.md,audit-report,data/derived/baselines/artifact_validation.json#4afe0105078abaab536e9b76fee46932e0b93bf8ff3149165e7c1aebb57d3442,validation summary,human-readable numeric audit,python3 reproducibility/code/generate_artifacts.py,6d3e6c3fa61cfc04b97bb7132c154b4a63da720bf23720b1890eb0d7e07464fe,mirrors validation JSON
