model,order,N,r2,D2,remainder,energy_gap,B,sigma,W,source_bound,source_bound_ratio,sigma2_over_r2,q_corr,rho,q_prefix_pass,rho_prefix_pass,prefix_power_bound,prefix_power_bound_ratio,prefix_energy_bound,quartic_defect,condition,theta,ell2,c_observed,c_ratio,power_condition_pass,projection_drop_defect
base_pure,20,8,0.04796437857352953,0.00010745320300827461,-0.0009641004983787177,0.023071815389890206,43.61017430129175,0.0017262775370706876,0.0,0.04796437857352954,1.0000000000000002,6.21301520758043e-05,0.047331500401972496,0.020055414215550273,True,True,0.04796437857352955,1.0000000000000004,0.025000016386647634,1.929879867024198e-17,76.78747123204305,0.765936755792169,0.24603973173244137,0.6365168401070337,37.65396577201749,True,-3.365363543395006e-16
base_pure,20,9,0.029561665397978974,7.65819952949697e-06,-0.000363290702592907,0.01442137109616138,43.61017430129175,0.0017262775370706876,2.384408037444138,0.04796365759540261,1.622495111479129,0.00010080738330793006,0.016095293118077857,0.012286067396669096,True,True,0.04747853802556466,1.606084683876119,0.024746786343402098,5.106592232406726e-17,80.5718380409397,0.24158783332914144,0.00013037685913643688,0.562772379638211,33.29151812663859,True,8.240803872627822e-14
base_pure,20,10,0.020310783120797246,4.02161278189538e-06,-6.283358587571791e-05,0.010094568780913873,43.61017430129175,0.0017262775370706876,450.0457614344569,0.047828680333164744,2.3548417630529728,0.00014672177420591085,0.01407138325590805,0.0030929948232215985,True,True,0.046998429163885615,2.313964404246015,0.024496543772429335,2.1006417091906648e-17,268.07278944183787,0.4212327102332497,0.0012750993771885356,1.177248851882747,69.64165781770336,True,-5.165312622068541e-14
base_pure,20,11,0.007821158401918734,1.8490907920143534e-07,-4.206345863546617e-06,0.003906465309635428,43.61017430129175,0.0017262775370706876,589.2011867642688,0.047786877336720525,6.109948792879218,0.00038102209185071086,0.004862320445245297,0.0005378035071842312,True,True,0.046523974839336624,5.94847622929144,0.024249248462009394,6.898236322439022e-18,375.9866291741833,0.635812264766508,0.001700113317732925,1.539187421593078,91.0525956856694,True,3.5475095083725705e-16
base_pure,20,12,0.0024577471227895478,7.559485966417391e-08,-1.1771827340038154e-06,0.0012277341760905999,43.61017430129175,0.0017262775370706876,826.9837109118866,0.0477156151298378,19.41437127009246,0.0012125064077432403,0.0055459702347831746,0.00047895347599754206,True,True,0.04605509906903944,18.738746001161754,0.024004860808310057,-2.271954122772847e-18,418.49062165846686,0.2522394088893289,0.007229493160247298,0.14807581235283318,8.759613601204473,True,-4.454715676199816e-16
base_pure,20,13,0.002324053450394507,1.2298556146785974e-07,-2.0150914090458406e-06,0.001160073126568939,43.61017430129175,0.0017262775370706876,835.7844273641396,0.047712981678930184,20.530070713662344,0.001282257141929752,0.007274514402291083,0.0008670130967131151,True,True,0.045591727016836184,19.617331524409224,0.02376334180519325,-2.4182790644110275e-18,421.7598022454014,0.8180989418875199,0.24879828777748653,0.13087796377665348,7.742252926927704,True,-3.008661028647275e-17
base_pure,20,14,0.0022133519109578262,6.645648397242888e-08,-1.0397146297107962e-06,0.0011056694690911857,43.61017430129175,0.0017262775370706876,838.474501659651,0.0477121767821787,21.556525442685384,0.0013463896636776715,0.00547953171811462,0.0004697325390465909,True,True,0.045133784974092685,20.391599162629802,0.023524653034209347,-2.8866882842426556e-18,421.8608050835017,0.23349553511088847,0.004679571399476714,0.0954898418850141,5.648823426744009,True,3.785939118629289e-15
base_pure,20,15,0.0021370534011534645,8.385173481221955e-08,-1.4723925068186995e-06,0.0010670962339373175,43.61017430129175,0.0017262775370706876,850.1251765318875,0.04770869109888647,22.324519861382935,0.0013944593679251908,0.006263950813023194,0.0006889555197396917,True,True,0.044681200340854536,20.907853924819133,0.02328875665477532,-2.15781643313033e-18,427.8165080053213,0.8090941300003783,0.4529585815702979,0.032603027625532945,1.928673695529446,True,9.385802681935451e-17
base_pure,20,16,0.0021120474985319732,6.970073119422316e-08,-1.0367048203003088e-06,0.0010550218948112832,43.61017430129175,0.0017262775370706876,851.5704153193537,0.04770825874359017,22.58862964812623,0.0014109692784211433,0.005744693024916925,0.0004908367872114167,True,True,0.044233901607349205,20.94361118208515,0.02305561539453326,-1.708888971085551e-19,428.0295391438953,0.43138895326572535,6.143387515733024e-05,1.8017596231606963,106.58538927027878,True,-4.205620227071272e-14
base_pure,20,17,0.0007489785909099024,1.253499725843374e-08,6.431843415785878e-07,0.000375138747295157,43.61017430129175,0.0017262775370706876,3880.785624731279,0.04681894519019371,62.51039183017949,0.003978797486553684,0.004090980597335331,0.000858734261770562,True,True,0.04379181833582671,58.468718421745386,0.022825192539885363,-1.9837511624695714e-18,742.144664515544,0.19714844517626492,9.449920558083842e-05,0.8129757955641522,48.09262041598734,True,-1.8851294223548587e-15
base_pure,20,18,0.00056548316049157,2.6906012462867507e-08,1.4283095367874647e-06,0.00028418334278880464,43.61017430129175,0.0017262775370706876,4292.085478486873,0.04670074640634118,82.58556517535304,0.0052698901456310725,0.006897867236130415,0.0025257013471346916,True,True,0.043354881142732817,76.66873953425026,0.022597451926702237,7.589415207398531e-19,799.4865464582498,0.4028678759457073,0.009652474023613312,0.06099596057822778,3.6082938692677917,True,-7.050532846355345e-17
base_pure,20,19,0.0005555644008914846,2.688495872080138e-08,1.4280073822486063e-06,0.0002792236503073515,43.61017430129175,0.0017262775370706876,4308.900082190748,0.04669592694620792,84.0513302711215,0.005363976039884731,0.0069564470253627225,0.0025702479837554824,True,True,0.04292302168120763,77.26020891967042,0.022372357931200817,2.185345003916095e-19,799.621864827685,0.10391733552913712,4.259763433395175e-06,2.905835058124305,171.8983802523467,True,-3.550079067521361e-14
base_pure,20,20,9.269219496286619e-05,6.960643148065858e-11,-5.079870808404589e-09,4.63410524138418e-05,43.61017430129175,0.0017262775370706876,6843.973400773664,0.04598052202701284,496.0560276454052,0.032149784954263766,0.0008665689054163752,5.480361098100939e-05,True,True,0.04249617262390323,458.46549044315765,0.022149875460988552,1.3632490705884307e-18,1936.9461431975635,0.1758085856037013,0.00027099655657378816,0.6720666283467983,39.7569588512854,True,6.389853923760569e-15
base_pure,20,21,7.943974951132679e-05,8.984572545330887e-11,-6.127766566474708e-09,3.971379191195969e-05,43.61017430129175,0.0017262775370706876,6958.0289414150375,0.04594885020981955,578.4113179167063,0.03751313609781631,0.001063481101760492,7.713719735676577e-05,True,True,0.04207426764611429,529.6374661921008,0.021929969946270746,4.433522647161718e-20,1939.0960264515572,0.39369071061744654,0.030583252211675925,0.06363808922861555,3.764592360522538,True,-1.1922751062256806e-16
base_pure,20,22,7.839158856321794e-05,5.4366187751776694e-11,-4.303240161179768e-09,3.919151822454162e-05,43.61017430129175,0.0017262775370706876,6963.096825450186,0.04594744393337639,586.1272207326508,0.03801471802796325,0.0008327788898021478,5.489411881640215e-05,True,True,0.04165724140921479,531.3993780802238,0.021712607331217434,-4.787721385456924e-20,1939.796499107391,0.17298382990330324,0.00027485830296190914,0.39668272801341226,23.466272880472207,True,-4.3700970847691117e-16
base_pure,20,23,7.19584288430633e-05,5.286695969568503e-11,-4.435448727133563e-09,3.597480540628411e-05,43.61017430129175,0.0017262775370706876,7071.965304537615,0.04591725502294835,638.1080821413002,0.04141327406542049,0.0008571391490974532,6.163899823522478e-05,True,True,0.04124502954439564,573.1785727888583,0.02149775406548709,-2.5784377746135447e-19,1954.6185999541788,0.052126355758785194,4.972246303819489e-06,2.2007645946492955,130.1890374263435,True,-5.0312876152640296e-15
base_pure,20,24,3.966093122412864e-05,3.054621100093567e-11,-4.097541227339898e-09,1.9826383343942723e-05,43.61017430129175,0.0017262775370706876,7618.429980393319,0.04576631934991458,1153.939605988666,0.07513777521143696,0.0008776012237312184,0.00010331421741779936,True,True,0.04083756863669658,1029.6674176891768,0.021285377095903737,2.419304768370593e-19,2783.8795736448,0.057228284316371114,4.691946263525727e-05,0.5667599343597474,33.527407013684424,True,-6.455567586841505e-15
base_pure,20,25,3.55099012865465e-05,2.6678909785027284e-11,-3.785363664458045e-09,1.7751178619063435e-05,43.61017430129175,0.0017262775370706876,7688.232069800336,0.04574711118496036,1288.2917025255824,0.08392121709794426,0.000866780847896631,0.00010660015047454925,True,True,0.04043479620932706,1138.6907522788983,0.021075443858284665,-2.512958157323847e-19,2790.448467891838,0.8847697902151449,0.4459114504386522,0.016904377189547015,0.99999999997713,False,2.488887201498554e-18
base_pure,20,26,3.540107339449808e-05,2.0189280923245813e-11,-3.2593548774602227e-09,1.769728743701206e-05,43.61017430129175,0.0017262775370706876,7689.987614720538,0.045746628301320126,1292.238452533191,0.08417920275428671,0.0007551830093024617,9.206932745585234e-05,True,True,0.040036650708269755,1130.9445412039997,0.020867922269415466,1.5215987367912944e-20,2790.4486897755082,0.1579098894499266,2.6999537730450278e-06,4.236166947003805,250.59586043349756,True,-1.3382229487957434e-14
base_pure,20,27,8.226739796288097e-06,4.1777119391965885e-12,6.129395509554476e-10,4.1139849265509175e-06,43.61017430129175,0.0017262775370706876,16925.52839880054,0.0433399605339175,5268.181759373559,0.3622375581077002,0.0007126156651346047,7.450572825562504e-05,True,True,0.039643071487161986,4818.807020619387,0.02066278071916992,-5.615336267831542e-20,3221.1566662325126,0.3499481557044333,0.0002789761539393719,1.2490367851792865,73.88836460198456,True,-2.421144153355115e-16
base_pure,20,28,6.766779819478671e-06,4.1764870472179396e-12,6.007095632110334e-10,3.383992707545723e-06,43.61017430129175,0.0017262775370706876,17364.503952630665,0.04323185764316412,6388.8376445644135,0.4403917689794772,0.0007856236462928851,8.877327303031541e-05,True,True,0.03925399879244888,5800.986560764601,0.020459988062771516,-3.470820898951065e-19,3226.6724328150267,0.41300368230604434,0.0013474414229182473,0.2159652400160037,12.775699310863033,True,3.0263007544716416e-16
base_pure,20,29,6.565795160173946e-06,4.181580691638708e-12,5.965767347742532e-10,3.283496247611833e-06,43.61017430129175,0.0017262775370706876,17491.093530995364,0.043200783587318284,6579.672763683017,0.45387254129869775,0.0007980435211020263,9.0861249898451e-05,True,True,0.0388693737488035,5919.979652209214,0.02025951361319413,-2.599855548624074e-19,3227.1071977394417,0.9813889666683068,0.0029783018380910185,0.5714902612185087,33.80723553416834,True,2.1839505759266775e-16
base_pure,20,30,6.0523303103315275e-06,4.204922608947202e-12,6.027155091803296e-10,3.0267699731361887e-06,43.61017430129175,0.0017262775370706876,17814.473885390744,0.04312160557951287,7124.793817994841,0.49237797380420933,0.0008335232004469515,9.958397171558546e-05,True,True,0.038489138344808084,6359.391568418838,0.020061327133698802,-5.990648791262165e-20,3227.1561687578005,0.8880447811538362,0.02355622316234434,0.07033131566541248,4.160538709896633,True,1.2876138260461744e-17
base_pure,20,31,5.994866846565866e-06,4.1579250861789e-12,5.995577851583701e-10,2.9980350600306584e-06,43.61017430129175,0.0017262775370706876,17847.952237497513,0.043113425154795944,7191.7235625497315,0.4970976355716623,0.0008328150398206759,0.000100011790864094,True,True,0.038113235418892,6357.6450310526925,0.01986539883050429,2.4257588451000382e-20,3227.1585035007456,0.05603071333224951,2.4602036934022766e-06,2.5075559439254143,148.33767111033453,True,-1.2302641103935624e-14
base_pure,20,32,3.9687705010536016e-06,4.221331003157319e-12,6.804637689306074e-10,1.9850678249612833e-06,43.61017430129175,0.0017262775370706876,19124.042036460098,0.04280391042822476,10785.18156110601,0.7508708639624591,0.0010313277670771287,0.00017145436980654737,True,True,0.03774160864552093,9509.64754336426,0.019671699345588604,5.0174914801088414e-20,4044.4619566473925,0.08012341735044651,6.78043477290346e-05,0.29907619781516726,17.692234055997286,True,1.3638462354336898e-15
base_pure,20,33,3.819417539602886e-06,4.221026257048059e-12,6.796048596226886e-10,1.9103904851740903e-06,43.61017430129175,0.0017262775370706876,19218.722720264755,0.04278112270773383,11200.95466498326,0.7802326150768738,0.0010512607692163758,0.00017793396545731118,True,True,0.03737420252163251,9785.314680603995,0.019480199749618975,-1.040823787187458e-19,4054.3487742505,0.7870595103871795,0.7756063266008077,0.0026383752203426947,0.1560764523116427,False,-1.0853643612461414e-20
base_pure,20,34,3.818157647886315e-06,4.2097612176328915e-12,6.855100904568621e-10,1.9097664389141255e-06,43.61017430129175,0.0017262775370706876,19219.521402085218,0.04278093058442324,11204.600367432768,0.780490071342274,0.0010500302324003698,0.00017953929561258106,True,True,0.03701096235331383,9693.408645345653,0.019290871535007907,-9.792215790191026e-20,4054.349885543734,0.9240629131742647,0.13189181858108137,0.008346724688976117,0.4937611480857458,False,8.63890888138131e-20
base_pure,20,35,3.814173407003443e-06,4.207648901754556e-12,6.861891077960026e-10,1.9077749964339876e-06,43.61017430129175,0.0017262775370706876,19225.99558885958,0.04277937327925215,11215.896267511662,0.781305362132464,0.001050314908434653,0.0001799048647236496,True,True,0.03665183424271561,9609.378056964291,0.01910368660909257,1.9255420491739086e-20,4054.3540631687965,0.20074668954245548,0.0002437100784905209,0.08808516615255654,5.210790386587584,True,-3.628322539589939e-17
base_pure,20,36,3.7721778560133456e-06,4.207824791289722e-12,6.861676203003127e-10,1.8867771995394387e-06,43.61017430129175,0.0017262775370706876,19391.352859317405,0.042739636527404465,11330.228361123505,0.7900036129643978,0.0010561673637285297,0.00018190204202449015,True,True,0.03629676507519913,9622.230568300838,0.018918617287435515,6.996024787274428e-20,4054.8073147172386,0.2054943011073774,0.00012112387000874078,0.1881304077124767,11.129094293074955,True,-6.114439678653175e-16
base_pure,20,37,3.683635749822999e-06,4.207184958149872e-12,6.882028409326337e-10,1.8425081813449597e-06,43.61017430129175,0.0017262775370706876,19739.986929419047,0.0426560982495038,11579.890398108297,0.808992619625334,0.0010687040690699956,0.0001868268476193932,True,True,0.03594570250671085,9758.21306665244,0.01873563628724407,4.8505457529803266e-20,4056.402019674777,0.06015205117632838,3.0116374782045507e-06,0.5013988734631086,29.660890065898815,True,-1.6451955345233758e-16
base_pure,20,38,3.454105737904857e-06,4.0798164399238806e-12,6.576307224796799e-10,1.7277125395831143e-06,43.61017430129175,0.0017262775370706876,20941.416147545504,0.042370701875011324,12266.764566597185,0.8627512766306994,0.0010868071770436896,0.000190390797393212,True,True,0.0355985949513807,10306.16826830947,0.018554716720906313,-1.3846796658984545e-20,4146.61405229688,0.13547854659837374,2.8227435920524645e-05,0.29251376954283914,17.30402523892025,True,2.213877838139948e-16
base_pure,20,39,3.329882012853531e-06,4.0634903354225285e-12,6.534894993958972e-10,1.665596527671293e-06,43.61017430129175,0.0017262775370706876,21591.650077403152,0.042217827628584295,12678.475533253466,0.8949368546668443,0.0011046766972839276,0.00019624980687429783,True,True,0.035255391569339364,10587.579810110863,0.018375832089641195,-3.6093819233598224e-20,4324.698986385527,0.2662000036529133,0.000572759335134084,0.05808683645167125,3.4362009199760024,True,-9.166322548667571e-18
base_pure,20,40,3.3062457917460806e-06,4.06352300272533e-12,6.535629454934872e-10,1.6537784905799354e-06,43.61017430129175,0.0017262775370706876,21715.371224485323,0.04218886481896274,12760.353426924781,0.9013347230367396,0.001108622766553121,0.00019767500161910667,True,True,0.03491604225475074,10560.63113695822,0.018198956277260814,-9.973916351495956e-20,4325.299701034518,0.7102922063226912,0.005934638825811459,0.040246018451830116,2.3808045691145723,True,-7.30347872197365e-18
base_pure,20,41,3.290004748810383e-06,4.064303725308665e-12,6.535505311179219e-10,1.6456579570881145e-06,43.61017430129175,0.0017262775370706876,21800.383140655937,0.042168986767756586,12817.302705415324,0.9057841439506662,0.0011114625019648051,0.0001986470457200124,True,True,0.03458049762405514,10510.774380054905,0.01802406354404252,-5.737159292545289e-20,4325.368212707565,0.03652029455382344,2.1828750384077372e-07,2.9092284564064217,172.0991210571684,True,-5.0949772719416776e-14
base_pure,20,42,2.122728218305957e-06,2.7548617984570595e-13,2.446500075806552e-10,1.0616088969036243e-06,43.61017430129175,0.0017262775370706876,27910.36145288628,0.04078776109643292,19214.782535365546,1.4038698450869302,0.00036024894012572225,0.00011525261393349534,True,True,0.03424870900441943,16134.288275374043,0.017851128520708897,-2.4710211342431742e-20,8958.148665012717,0.5403114989463762,0.014766358258402869,0.015675376485275488,0.9272968953041353,False,-1.1831735055968616e-18
base_pure,20,43,2.11895601777136e-06,2.744932781739915e-13,2.4455251559527565e-10,1.0597226986478925e-06,43.61017430129175,0.0017262775370706876,27930.131833015555,0.04078343864995648,19246.949114522446,1.4063690373947118,0.0003599190930196159,0.00011541177913297577,True,True,0.03392062842238974,16008.179564796354,0.017680126202513333,-2.1723417246867613e-20,8958.15563664887,0.05082949986832792,1.2309983101058612e-05,0.16675481264124775,9.86459369473538,True,7.836449918010635e-15
base_pure,20,44,2.0789104863646094e-06,2.745153667527894e-13,2.445523016180986e-10,1.0396999327416215e-06,43.61017430129175,0.0017262775370706876,28140.013360524896,0.04073760816618261,19595.652835163895,1.4334595715114336,0.0003633836937861913,0.0001176348240722862,True,True,0.03359620859274342,16160.488300529527,0.017511031943429418,1.54716895747684e-20,8958.597623473617,0.017234430912840708,1.326046848602649e-07,1.8141168474708727,107.31639664022407,True,-2.950423775990662e-14
base_pure,20,45,1.652847656030324e-06,3.3996689335809303e-13,3.567088914685749e-10,8.267807068900336e-07,43.61017430129175,0.0017262775370706876,30379.94635536951,0.04025482849368744,24354.832913257254,1.8029696349341986,0.00045352569780312364,0.00021581469822538687,True,True,0.033275402907536,20132.165711783855,0.017343821450441995,-4.357644335596463e-20,15305.386543697383,0.01880678911440979,1.1124441224127511e-07,3.3642946037332813,199.01913959519808,True,-1.6422749585684958e-13
base_pure,20,46,1.0482048849352077e-06,7.288931535914112e-13,3.0594047005805e-10,5.244087473842159e-07,43.61017430129175,0.0017262775370706876,33559.389795879244,0.03958887822303227,37768.263430177925,2.842988215208559,0.0008338901536427302,0.0002918706654705498,True,True,0.03295816542533964,31442.4840973498,0.017178470777938035,-2.2768146360522087e-20,22436.541879414195,0.7979839187051659,0.2468783104432702,0.004632897679229892,0.2740649730644164,False,4.590220640476466e-19
base_pure,20,47,1.0477154369051593e-06,7.267869253290616e-13,3.0638388960105094e-10,5.241644657355869e-07,43.61017430129175,0.0017262775370706876,33561.96911657116,0.03958834691683252,37785.40004504688,2.8443163382201804,0.0008328789415294503,0.00029243024038244647,True,True,0.032644450860669444,31157.74542474787,0.017014956322195386,-5.64836662366655e-20,22436.541902343084,0.408677755646958,7.96286702009215e-05,0.16987444749245287,10.049139674522367,True,1.2008088572901493e-15
base_pure,20,48,1.0297786222890864e-06,7.265195926714671e-13,3.0625153991587525e-10,5.151959259442574e-07,43.61017430129175,0.0017262775370706876,35659.423557781985,0.03916096912046306,38028.53183474761,2.893859000850635,0.0008399467025178959,0.0002973953014984894,True,True,0.032334214573593756,31399.18995571912,0.016853254815967486,1.917559756262772e-21,22436.605177628946,0.14562565924187706,1.2974563053809428e-05,0.1350734913489152,7.990444713298876,True,-2.595774950857064e-16
base_pure,20,49,1.015800849780048e-06,7.265330975592561e-13,3.0624980108633944e-10,5.082070379576436e-07,43.61017430129175,0.0017262775370706876,37293.91656858167,0.038834268757750014,38230.19912432523,2.933679505820563,0.0008457137972768505,0.00030148584942924964,True,True,0.03202741255952549,31529.224026993485,0.01669334332316236,-1.559075188418775e-20,22523.6538021827,0.06110374978627497,1.6258385948128363e-07,1.9348386420020962,114.45784841776202,True,-1.3014624785675813e-14
base_pure,20,50,8.187455782085874e-07,7.589779948331277e-13,3.207139321614101e-10,4.096938825254503e-07,43.61017430129175,0.0017262775370706876,60258.48543695394,0.03476002247086022,42455.21856364102,3.639756005174579,0.0009628089273797934,0.0003917134252636337,True,True,0.03172400143919059,38747.08124665858,0.016535199233614004,-2.249362579473105e-21,24305.59871047449,0.10296195913486854,5.236989390561396e-06,0.2192218232471952,12.968346646792732,True,7.873464652309439e-15
base_pure,20,51,8.013852561450712e-07,7.591342647444318e-13,3.2080183416936836e-10,4.0101380947382384e-07,43.61017430129175,0.0017262775370706876,62282.771575092156,0.03444151200350945,42977.47149627452,3.7186036455546883,0.0009732818468283891,0.00040030875015649946,True,True,0.03142393844877045,39212.024688262936,0.016378800257944384,-1.3506205041765836e-20,24306.360033450084,0.10411354043433771,5.544782632609408e-06,0.21707115394813417,12.84112106049064,True,-3.862528307558611e-16
base_pure,20,52,7.846197368039269e-07,7.591549994190404e-13,3.208111974601375e-10,3.9263105917686976e-07,43.61017430129175,0.0017262775370706876,64237.69569385266,0.03413940766026712,43510.768412901154,3.7980616535772116,0.0009836387154707057,0.00040887435277618786,True,True,0.031127181430215152,39671.67784614842,0.016224124422514516,-5.352799481164868e-20,24466.024907773502,0.06606146754695723,1.0648306982948883e-06,0.4667541393574323,27.61143661863979,True,-2.184353310314595e-14
base_pure,20,53,7.49448281263856e-07,7.577407056563422e-13,3.2007709977047517e-10,3.750445966020543e-07,43.61017430129175,0.0017262775370706876,68336.11011921242,0.03352295184998777,44730.17376656768,3.9763039151539097,0.0010055171332853073,0.0004270832079464805,True,True,0.030833688821723864,41141.85006832825,0.016071150064462653,2.9719565433264593e-21,24469.018350120667,0.03926286028211773,1.6883596835024215e-07,1.0969722596169138,64.89279358189839,True,-5.1253549518655845e-15
base_pure,20,54,6.710943310897898e-07,7.612520723708798e-13,3.2164548893402836e-10,3.358691916599156e-07,43.61017430129175,0.0017262775370706876,77466.701263957,0.03222654737243027,48020.890476153465,4.44055924322228,0.0010650560380930157,0.00047928451959261103,True,True,0.030543419648389813,45512.85599267448,0.015919855826828252,5.049906620363263e-20,25384.378975166877,0.05377066637425825,2.1772127592691404e-06,0.18147156834520556,10.735182154671158,True,-3.289043624916127e-16
base_pure,20,55,6.596991102743054e-07,7.612720874272453e-13,3.216411953585711e-10,3.3017157696859297e-07,43.61017430129175,0.0017262775370706876,78794.67646988145,0.03204630143955827,48577.14818841167,4.517262625616896,0.0010742293253952723,0.0004875568561270395,True,True,0.030256333513006304,45863.8385921509,0.015770220653759878,3.7969554670138784e-20,25642.389211147703,0.09640912429971354,1.9431774638271298e-05,0.06668999884939016,3.9451319678966557,True,1.6781642124631895e-15
base_pure,20,56,6.555942557639787e-07,7.613113006981892e-13,3.2163866311480677e-10,3.2811914720070327e-07,43.61017430129175,0.0017262775370706876,79273.0022749745,0.031981871295393746,48783.02549817883,4.54554643942409,0.0010776148520658029,0.0004906057165438679,True,True,0.029972390587031068,45717.89689051435,0.015622223785805644,-5.121685218017552e-20,25642.438154728487,0.09002139012182725,1.768071715958429e-05,0.06437105572241744,3.80795192861348,True,-9.12634077375982e-17
base_pure,20,57,6.516608844023407e-07,7.61310910296716e-13,3.216393108152745e-10,3.2615246216740376e-07,43.61017430129175,0.0017262775370706876,79731.34627801021,0.03192037531047886,48983.10773977798,4.572982982902104,0.0010808618793813752,0.0004935679626552774,True,True,0.029691551601705578,45562.88755759318,0.015475844755284409,-3.702475931423837e-20,25668.787711511304,0.06834022639415446,5.339826454934533e-06,0.12504366063996827,7.397117281222906,True,-2.630564695039554e-16
base_pure,20,58,6.440735901647797e-07,7.613103517535995e-13,3.2163864663721455e-10,3.2235881438418717e-07,43.61017430129175,0.0017262775370706876,80605.97892441174,0.03180367979517175,49378.953400394974,4.626853484603254,0.001087209207514877,0.0004993812374309917,True,True,0.02941377783932694,45668.34953099338,0.015331063381736516,-1.5751741910905883e-20,25720.294021437305,0.02439746858413557,7.267737389859858e-08,1.1900628406788027,70.39968567357056,True,-8.175188347578248e-14
base_pure,20,59,5.728439413629427e-07,7.072613796810365e-13,2.911493440299034e-10,2.867134736561819e-07,43.61017430129175,0.0017262775370706876,88796.09974721928,0.030750971369527924,53681.23698116362,5.202174483864791,0.0011111477466036873,0.0005082518353433066,True,True,0.029139031124669087,50867.31135767947,0.015187859767452341,-9.168986897420604e-21,27432.593507296282,0.027541171296179386,1.0064719049632511e-07,1.2538175945007235,74.17117947695576,True,-7.523383294186977e-14
base_pure,20,60,5.07388929549189e-07,6.967064883776614e-13,2.8605916877846487e-10,2.5398087229662415e-07,43.61017430129175,0.0017262775370706876,96332.48613440999,0.029842043421986743,58814.92812328633,5.873273856492248,0.0011718025368436338,0.0005637860018728833,True,True,0.028867273816550798,56893.77937788106,0.015046214293077367,6.993656982770995e-21,28837.96227166557,0.03186755639656785,2.5914647231295873e-06,0.07509364497895558,4.4422603764232775,True,-4.6924073334030676e-15
base_pure,20,61,5.039861505946276e-07,6.966912461425862e-13,2.8604946473098696e-10,2.52279473107669e-07,43.61017430129175,0.0017262775370706876,96724.3653452765,0.029796248226034865,59121.16472026025,5.912928622103699,0.001175738868528936,0.0005675732735317449,True,True,0.028598468799547437,56744.55293226919,0.014906107613292176,1.1296185240177284e-21,28844.27327433997,0.09575530072968916,4.3984468970561865e-06,0.40261186510957464,23.817018550043112,True,-5.934848590037656e-15
base_pure,20,62,4.858849187957964e-07,6.964691405699638e-13,2.8602344003426387e-10,2.432288310725414e-07,43.61017430129175,0.0017262775370706876,98808.98244591034,0.02955498245077476,60827.12450516679,6.133209778110571,0.0011972483011426461,0.0005886641444989167,True,True,0.02833257947584419,58311.29631696095,0.014767520652566195,3.867053854048919e-20,28844.477603350366,0.20960569131906162,0.0010420326597385431,0.008498080130476524,0.5027147723334665,False,2.6341349626936736e-17
base_pure,20,63,4.855188102702837e-07,6.964690700983193e-13,2.8602297145706304e-10,2.430457763412039e-07,43.61017430129175,0.0017262775370706876,98851.14479602744,0.02955014304681091,60863.02409243553,6.137834563682265,0.0011976995518077978,0.0005891070646737405,True,True,0.02806956975722784,57813.55771077495,0.014630434600983634,6.996159204123968e-20,28844.48377648378,0.026120918121953805,6.994922269885976e-07,0.19677590344777968,11.640529623591084,True,1.320232303838774e-16
base_pure,20,64,4.770488964377612e-07,6.965049200104133e-13,2.8603545980959566e-10,2.3881083193114554e-07,43.61017430129175,0.0017262775370706876,99826.57002193911,0.029438624351115942,61709.86783732491,6.246810667098217,0.0012083163345795102,0.000599592713296715,True,True,0.027809404057214618,58294.66175244115,0.01449483091014037,-4.667573401483597e-21,29250.039747621675,,,,,,
