case_id,numerical_id,method,variant,seed,dof,mesh_level,accepted_atoms,feature_count,energy_gap,energy_gap_signed,natural_error,v_error,l2_error,numerical_energy,exact_energy,solver_iterations,solver_residual,solver_success,solver_message,wall_time_sec,evaluation_rule,evaluation_hash,evaluation_audit_rel_delta,audit_energy_gap_rel_delta,audit_natural_rel_delta,audit_v_rel_delta,plateau_flag,source,source_path,problem_hash,config_hash,archived_energy_gap,archived_natural_error,archived_v_error,model_path
C1,01,fem,p1,,5,4,,,14.518287010222378,14.518287010222378,0.7706907765507897,,0.25974595381941307,-9.924743772446535,-24.443030782668913,2,4.089159153660582e-16,True,converged,0.004732332992716692,CG256x6-d1,e245eafefef3d98c74fc28c6028b39f24805def7e8787d452a782a8612ace783,,,,,False,newly_computed,,54a0c8e776ed61a7799e7cc74a80fc39bfab52aa7318daa0a31fbb23bc4dbe8f,a766aaf6495c7d329b3311ec1fafd65eb7afdfbd094cb2069ba45baf4ecc5f16,,,,
C1,01,fem,p1,,9,8,,,7.722667970762082,7.722667970762082,0.5620903821644476,,0.106029847932373,-16.72036281190683,-24.443030782668913,2,3.493117471604435e-16,True,converged,0.0008146670006681234,CG256x6-d1,e245eafefef3d98c74fc28c6028b39f24805def7e8787d452a782a8612ace783,,,,,False,newly_computed,,54a0c8e776ed61a7799e7cc74a80fc39bfab52aa7318daa0a31fbb23bc4dbe8f,a766aaf6495c7d329b3311ec1fafd65eb7afdfbd094cb2069ba45baf4ecc5f16,,,,
C1,01,fem,p1,,17,16,,,6.856904811340939,6.856904811340939,0.5296470197713127,,0.09478379266331415,-17.586125971327974,-24.443030782668913,2,9.71216154392594e-16,True,converged,0.0007932919979793951,CG256x6-d1,e245eafefef3d98c74fc28c6028b39f24805def7e8787d452a782a8612ace783,5.181220647725067e-16,5.181220647725067e-16,0.0,,False,newly_computed,,54a0c8e776ed61a7799e7cc74a80fc39bfab52aa7318daa0a31fbb23bc4dbe8f,a766aaf6495c7d329b3311ec1fafd65eb7afdfbd094cb2069ba45baf4ecc5f16,,,,source_archive/revision_cost_campaign/code/compare_fem_rfm/data/models/C1_fem_p1_n16.npz
C1,01,fem,p3,,4,1,,,708.2025166984769,708.2025166984769,5.382712766593221,,51.09493557176965,683.759485915808,-24.443030782668913,2,5.427255357642691e-16,True,converged,0.0013059170014457777,CG256x6-d1,e245eafefef3d98c74fc28c6028b39f24805def7e8787d452a782a8612ace783,,,,,False,newly_computed,,54a0c8e776ed61a7799e7cc74a80fc39bfab52aa7318daa0a31fbb23bc4dbe8f,a766aaf6495c7d329b3311ec1fafd65eb7afdfbd094cb2069ba45baf4ecc5f16,,,,
C1,01,fem,p3,,7,2,,,13.021587406310493,13.021587406310493,0.7298849989864564,,0.23512258182875498,-11.42144337635842,-24.443030782668913,2,4.003717363204593e-16,True,converged,0.001281791992369108,CG256x6-d1,e245eafefef3d98c74fc28c6028b39f24805def7e8787d452a782a8612ace783,,,,,False,newly_computed,,54a0c8e776ed61a7799e7cc74a80fc39bfab52aa7318daa0a31fbb23bc4dbe8f,a766aaf6495c7d329b3311ec1fafd65eb7afdfbd094cb2069ba45baf4ecc5f16,,,,
C1,01,fem,p3,,13,4,,,9.478116442304188,9.478116442304188,0.6227066341214212,,0.12850584481000396,-14.964914340364725,-24.443030782668913,2,4.10523493675269e-16,True,converged,0.0010409579990664497,CG256x6-d1,e245eafefef3d98c74fc28c6028b39f24805def7e8787d452a782a8612ace783,,,,,False,newly_computed,,54a0c8e776ed61a7799e7cc74a80fc39bfab52aa7318daa0a31fbb23bc4dbe8f,a766aaf6495c7d329b3311ec1fafd65eb7afdfbd094cb2069ba45baf4ecc5f16,,,,
C1,01,fem,p3,,25,8,,,2.915268792832407,2.915268792832407,0.3453518401944387,,0.04370409894652593,-21.527761989836506,-24.443030782668913,2,3.2906302803733597e-16,True,converged,0.0010089590068673715,CG256x6-d1,e245eafefef3d98c74fc28c6028b39f24805def7e8787d452a782a8612ace783,3.2147592553729626e-16,0.0,3.2147592553729626e-16,,False,newly_computed,,54a0c8e776ed61a7799e7cc74a80fc39bfab52aa7318daa0a31fbb23bc4dbe8f,a766aaf6495c7d329b3311ec1fafd65eb7afdfbd094cb2069ba45baf4ecc5f16,,,,source_archive/revision_cost_campaign/code/compare_fem_rfm/data/models/C1_fem_p3_n8.npz
C2,03,fem,p1,,5,4,,,14.53262002285894,14.53262002285894,0.7706931781078659,,0.2590398304843431,-9.990838884809975,-24.523458907668914,15,3.457526340516961e-16,True,converged,0.004225249998853542,CG256x6-d1,e245eafefef3d98c74fc28c6028b39f24805def7e8787d452a782a8612ace783,,,,,False,newly_computed,,235b044d9c1788c1e3ccd228097884ecf1a038fe447d19f6248c43b90ba673ea,a766aaf6495c7d329b3311ec1fafd65eb7afdfbd094cb2069ba45baf4ecc5f16,,,,
C2,03,fem,p1,,9,8,,,7.723527952576244,7.723527952576244,0.5620905301169359,,0.10581553120912976,-16.79993095509267,-24.523458907668914,13,4.414571924200674e-16,True,converged,0.0034311659983359277,CG256x6-d1,e245eafefef3d98c74fc28c6028b39f24805def7e8787d452a782a8612ace783,,,,,False,newly_computed,,235b044d9c1788c1e3ccd228097884ecf1a038fe447d19f6248c43b90ba673ea,a766aaf6495c7d329b3311ec1fafd65eb7afdfbd094cb2069ba45baf4ecc5f16,,,,
C2,03,fem,p1,,17,16,,,6.857283051479175,6.857283051479175,0.5296474924501898,,0.09464456261224354,-17.66617585618974,-24.523458907668914,12,8.720263956686702e-10,True,converged,0.0034528329997556284,CG256x6-d1,e245eafefef3d98c74fc28c6028b39f24805def7e8787d452a782a8612ace783,1.0361869714665354e-15,1.0361869714665354e-15,0.0,,False,newly_computed,,235b044d9c1788c1e3ccd228097884ecf1a038fe447d19f6248c43b90ba673ea,a766aaf6495c7d329b3311ec1fafd65eb7afdfbd094cb2069ba45baf4ecc5f16,,,,source_archive/revision_cost_campaign/code/compare_fem_rfm/data/models/C2_fem_p1_n16.npz
C2,03,fem,p3,,4,1,,,48.62362811805066,48.62362811805066,0.9134711712933457,,4.368475610691606,24.100169210381743,-24.523458907668914,17,2.0022781984228254e-14,True,converged,0.006457666997448541,CG256x6-d1,e245eafefef3d98c74fc28c6028b39f24805def7e8787d452a782a8612ace783,,,,,False,newly_computed,,235b044d9c1788c1e3ccd228097884ecf1a038fe447d19f6248c43b90ba673ea,a766aaf6495c7d329b3311ec1fafd65eb7afdfbd094cb2069ba45baf4ecc5f16,,,,
C2,03,fem,p3,,7,2,,,13.019867459070763,13.019867459070763,0.7299429064469701,,0.2581034036240659,-11.50359144859815,-24.523458907668914,15,7.124235235721343e-15,True,converged,0.006222416996024549,CG256x6-d1,e245eafefef3d98c74fc28c6028b39f24805def7e8787d452a782a8612ace783,,,,,False,newly_computed,,235b044d9c1788c1e3ccd228097884ecf1a038fe447d19f6248c43b90ba673ea,a766aaf6495c7d329b3311ec1fafd65eb7afdfbd094cb2069ba45baf4ecc5f16,,,,
C2,03,fem,p3,,13,4,,,9.481189678769109,9.481189678769109,0.6227080115445208,,0.1287575324166294,-15.042269228899805,-24.523458907668914,13,3.723257839524342e-16,True,converged,0.005671749997418374,CG256x6-d1,e245eafefef3d98c74fc28c6028b39f24805def7e8787d452a782a8612ace783,,,,,False,newly_computed,,235b044d9c1788c1e3ccd228097884ecf1a038fe447d19f6248c43b90ba673ea,a766aaf6495c7d329b3311ec1fafd65eb7afdfbd094cb2069ba45baf4ecc5f16,,,,
C2,03,fem,p3,,25,8,,,2.9157973021985164,2.9157973021985164,0.3453518979555816,,0.04370130866616499,-21.607661605470398,-24.523458907668914,13,3.1968100762415425e-16,True,converged,0.005502082989551127,CG256x6-d1,e245eafefef3d98c74fc28c6028b39f24805def7e8787d452a782a8612ace783,1.21843643799305e-15,1.21843643799305e-15,1.6073793588474079e-16,,False,newly_computed,,235b044d9c1788c1e3ccd228097884ecf1a038fe447d19f6248c43b90ba673ea,a766aaf6495c7d329b3311ec1fafd65eb7afdfbd094cb2069ba45baf4ecc5f16,,,,source_archive/revision_cost_campaign/code/compare_fem_rfm/data/models/C2_fem_p3_n8.npz
C3,06,fem,p1,,4,1,,,9.031072259268685,9.031072259268685,0.9498685997700727,,1.0811082213299148,-0.9818015671694466,-10.012873826438131,4,3.2321273954916933e-13,True,converged,0.0015783749986439943,CG24x3-d2,32d1a4442835275cb2c07cc966639ef90ffefffc6c956716ef2d601a73a95a1b,,,,,False,newly_computed,,81c87de48137dedc13f2fa6e3c3295210c7791fc9b74889812acb12af85c3c35,a766aaf6495c7d329b3311ec1fafd65eb7afdfbd094cb2069ba45baf4ecc5f16,,,,
C3,06,fem,p1,,9,2,,,5.936691033470198,5.936691033470198,0.7709417239624287,,0.7203146414087547,-4.076182792967933,-10.012873826438131,3,1.4333567806362176e-10,True,converged,0.0013099999923724681,CG24x3-d2,32d1a4442835275cb2c07cc966639ef90ffefffc6c956716ef2d601a73a95a1b,,,,,False,newly_computed,,81c87de48137dedc13f2fa6e3c3295210c7791fc9b74889812acb12af85c3c35,a766aaf6495c7d329b3311ec1fafd65eb7afdfbd094cb2069ba45baf4ecc5f16,,,,
C3,06,fem,p1,,16,3,,,5.87528629095983,5.87528629095983,0.7676353853230078,,0.654828046840318,-4.137587535478302,-10.012873826438131,4,1.8926217017980238e-16,True,converged,0.0019581670057959855,CG24x3-d2,32d1a4442835275cb2c07cc966639ef90ffefffc6c956716ef2d601a73a95a1b,,,,,False,newly_computed,,81c87de48137dedc13f2fa6e3c3295210c7791fc9b74889812acb12af85c3c35,a766aaf6495c7d329b3311ec1fafd65eb7afdfbd094cb2069ba45baf4ecc5f16,,,,
C3,06,fem,p1,,25,4,,,4.131118619718669,4.131118619718669,0.6490992329888772,,0.47577928882739867,-5.881755206719462,-10.012873826438131,3,6.863694847436307e-10,True,converged,0.0019242499984102324,CG24x3-d2,32d1a4442835275cb2c07cc966639ef90ffefffc6c956716ef2d601a73a95a1b,0.001499840505709972,0.001499840505709972,0.0005700825260627851,,False,newly_computed,,81c87de48137dedc13f2fa6e3c3295210c7791fc9b74889812acb12af85c3c35,a766aaf6495c7d329b3311ec1fafd65eb7afdfbd094cb2069ba45baf4ecc5f16,,,,source_archive/revision_cost_campaign/code/compare_fem_rfm/data/models/C3_fem_p1_n4.npz
C3,06,fem,p3,,16,1,,,5.704783548331664,5.704783548331664,0.7552145492692445,,0.7594318234853237,-4.308090278106468,-10.012873826438131,4,9.162567373642924e-13,True,converged,0.004822417002287693,CG24x3-d2,32d1a4442835275cb2c07cc966639ef90ffefffc6c956716ef2d601a73a95a1b,,,,,False,newly_computed,,81c87de48137dedc13f2fa6e3c3295210c7791fc9b74889812acb12af85c3c35,a766aaf6495c7d329b3311ec1fafd65eb7afdfbd094cb2069ba45baf4ecc5f16,,,,
C3,06,fem,p3,,49,2,,,0.9668596399158407,0.9668596399158407,0.31081731702437115,,0.1577600894754502,-9.04601418652229,-10.012873826438131,7,1.6761584859320619e-16,True,converged,0.01047441700939089,CG24x3-d2,32d1a4442835275cb2c07cc966639ef90ffefffc6c956716ef2d601a73a95a1b,,,,,False,newly_computed,,81c87de48137dedc13f2fa6e3c3295210c7791fc9b74889812acb12af85c3c35,a766aaf6495c7d329b3311ec1fafd65eb7afdfbd094cb2069ba45baf4ecc5f16,,,,
C3,06,fem,p3,,100,3,,,0.09431524936707447,0.09431524936707447,0.09580590922838517,,0.03084212427876215,-9.918558577071057,-10.012873826438131,4,5.719988825433613e-16,True,converged,0.006277916996623389,CG24x3-d2,32d1a4442835275cb2c07cc966639ef90ffefffc6c956716ef2d601a73a95a1b,0.0932688215436053,0.0932688215436053,0.006334163326187029,,False,newly_computed,,81c87de48137dedc13f2fa6e3c3295210c7791fc9b74889812acb12af85c3c35,a766aaf6495c7d329b3311ec1fafd65eb7afdfbd094cb2069ba45baf4ecc5f16,,,,source_archive/revision_cost_campaign/code/compare_fem_rfm/data/models/C3_fem_p3_n3.npz
C4,17,fem,p1,,4,4,,,65.5208925552688,65.5208925552688,0.5390470432082083,0.5869549346531177,0.12369688725795878,-372.82001709774215,-438.34090965301095,23,5.296353259983675e-14,True,converged,0.010807084006955847,CG256x6-d1,e245eafefef3d98c74fc28c6028b39f24805def7e8787d452a782a8612ace783,,,,,False,newly_computed,,fa0a3e14c37bb38157d73088a3589d725f9b3228022a5797a0f25e79b611b0e0,a766aaf6495c7d329b3311ec1fafd65eb7afdfbd094cb2069ba45baf4ecc5f16,,,,
C4,17,fem,p1,,8,8,,,13.285751430534845,13.285751430534845,0.2969170190411219,0.25407548238470384,0.03432446250669254,-425.0551582224761,-438.34090965301095,22,7.396486526244275e-14,True,converged,0.010118250007508323,CG256x6-d1,e245eafefef3d98c74fc28c6028b39f24805def7e8787d452a782a8612ace783,,,,,False,newly_computed,,fa0a3e14c37bb38157d73088a3589d725f9b3228022a5797a0f25e79b611b0e0,a766aaf6495c7d329b3311ec1fafd65eb7afdfbd094cb2069ba45baf4ecc5f16,,,,
C4,17,fem,p1,,16,16,,,3.6333064145753724,3.6333064145753724,0.14433576199527262,0.13000855211630052,0.0099755982607585,-434.7076032384356,-438.34090965301095,31,1.7416335196160983e-13,True,converged,0.016331416001776233,CG256x6-d1,e245eafefef3d98c74fc28c6028b39f24805def7e8787d452a782a8612ace783,1.5645093579989308e-14,1.5645093579989308e-14,1.9229867381403355e-16,0.0,False,newly_computed,,fa0a3e14c37bb38157d73088a3589d725f9b3228022a5797a0f25e79b611b0e0,a766aaf6495c7d329b3311ec1fafd65eb7afdfbd094cb2069ba45baf4ecc5f16,,,,source_archive/revision_cost_campaign/code/compare_fem_rfm/data/models/C4_fem_p1_n16.npz
C4,17,fem,p3,,3,1,,,264.999438563142,264.999438563142,0.7206391296879567,0.9073112279597181,0.6606577636700615,-173.34147108986895,-438.34090965301095,21,3.302020618421477e-14,True,converged,0.012266874997294508,CG256x6-d1,e245eafefef3d98c74fc28c6028b39f24805def7e8787d452a782a8612ace783,,,,,False,newly_computed,,fa0a3e14c37bb38157d73088a3589d725f9b3228022a5797a0f25e79b611b0e0,a766aaf6495c7d329b3311ec1fafd65eb7afdfbd094cb2069ba45baf4ecc5f16,,,,
C4,17,fem,p3,,6,2,,,0.239127846166582,0.239127846166582,0.027395717085875248,0.03305962414859045,0.006288118553698309,-438.1017818068444,-438.34090965301095,56,4.994427491058441e-14,True,roundoff-limited at epsilon=1.0,0.09992287500062957,CG256x6-d1,e245eafefef3d98c74fc28c6028b39f24805def7e8787d452a782a8612ace783,,,,,False,newly_computed,,fa0a3e14c37bb38157d73088a3589d725f9b3228022a5797a0f25e79b611b0e0,a766aaf6495c7d329b3311ec1fafd65eb7afdfbd094cb2069ba45baf4ecc5f16,,,,
C4,17,fem,p3,,12,4,,,0.020057284731024083,0.020057284731024083,0.041205770897067326,0.009416030370575432,0.003199922294278071,-438.32085236827993,-438.34090965301095,25,4.59529469822064e-14,True,converged,0.016149417002452537,CG256x6-d1,e245eafefef3d98c74fc28c6028b39f24805def7e8787d452a782a8612ace783,,,,,False,newly_computed,,fa0a3e14c37bb38157d73088a3589d725f9b3228022a5797a0f25e79b611b0e0,a766aaf6495c7d329b3311ec1fafd65eb7afdfbd094cb2069ba45baf4ecc5f16,,,,
C4,17,fem,p3,,24,8,,,0.00041412659146544684,0.00041412659146544684,0.006155806381371533,0.0013725044957914293,0.00022001880924918784,-438.3404955264195,-438.34090965301095,27,1.059405117167564e-13,True,converged,0.017778124994947575,CG256x6-d1,e245eafefef3d98c74fc28c6028b39f24805def7e8787d452a782a8612ace783,1.9089089400678394e-07,2.7452194578500544e-10,4.2270420035294493e-16,1.9089089400678394e-07,False,newly_computed,,fa0a3e14c37bb38157d73088a3589d725f9b3228022a5797a0f25e79b611b0e0,a766aaf6495c7d329b3311ec1fafd65eb7afdfbd094cb2069ba45baf4ecc5f16,,,,source_archive/revision_cost_campaign/code/compare_fem_rfm/data/models/C4_fem_p3_n8.npz
C5,08,fem,p1,,3,1,,,298.021492713336,298.021492713336,1.1761271296105515,1.0399623011185017,1.4771864502196084,-67.26259866417305,-365.28409137750907,21,9.130142936803317e-14,True,converged,0.011755041006836109,CG24x3-d2,32d1a4442835275cb2c07cc966639ef90ffefffc6c956716ef2d601a73a95a1b,,,,,False,newly_computed,,4788b09e54970c37054ead04b1ea3a8572bc3879b5309ada573515d303f3876f,a766aaf6495c7d329b3311ec1fafd65eb7afdfbd094cb2069ba45baf4ecc5f16,,,,
C5,08,fem,p1,,8,2,,,169.8660714834371,169.8660714834371,0.8212317207566251,0.8222237315068814,0.7648354392686062,-195.41801989407196,-365.28409137750907,22,9.052348109600166e-14,True,converged,0.013293416996020824,CG24x3-d2,32d1a4442835275cb2c07cc966639ef90ffefffc6c956716ef2d601a73a95a1b,,,,,False,newly_computed,,4788b09e54970c37054ead04b1ea3a8572bc3879b5309ada573515d303f3876f,a766aaf6495c7d329b3311ec1fafd65eb7afdfbd094cb2069ba45baf4ecc5f16,,,,
C5,08,fem,p1,,15,3,,,178.5937739236071,178.5937739236071,0.8574150006583559,0.8309309585798231,0.6544321517853982,-186.69031745390197,-365.28409137750907,23,1.038588169613625e-13,True,converged,0.01588866599195171,CG24x3-d2,32d1a4442835275cb2c07cc966639ef90ffefffc6c956716ef2d601a73a95a1b,,,,,False,newly_computed,,4788b09e54970c37054ead04b1ea3a8572bc3879b5309ada573515d303f3876f,a766aaf6495c7d329b3311ec1fafd65eb7afdfbd094cb2069ba45baf4ecc5f16,,,,
C5,08,fem,p1,,24,4,,,137.67756512643996,137.67756512643996,0.6744621352186291,0.7622609217201666,0.4652705864018435,-227.6065262510691,-365.28409137750907,23,9.246324640337419e-14,True,converged,0.01830229099141434,CG24x3-d2,32d1a4442835275cb2c07cc966639ef90ffefffc6c956716ef2d601a73a95a1b,0.0008279600577447781,0.0005408995083229376,0.0008279600577447781,0.0004900777742530447,False,newly_computed,,4788b09e54970c37054ead04b1ea3a8572bc3879b5309ada573515d303f3876f,a766aaf6495c7d329b3311ec1fafd65eb7afdfbd094cb2069ba45baf4ecc5f16,,,,source_archive/revision_cost_campaign/code/compare_fem_rfm/data/models/C5_fem_p1_n4.npz
C5,08,fem,p3,,15,1,,,249.02931573890965,249.02931573890965,1.0216834799324979,0.937146981546076,1.5950978098179356,-116.25477563859944,-365.28409137750907,23,6.439278777025016e-14,True,converged,0.033099540989496745,CG24x3-d2,32d1a4442835275cb2c07cc966639ef90ffefffc6c956716ef2d601a73a95a1b,,,,,False,newly_computed,,4788b09e54970c37054ead04b1ea3a8572bc3879b5309ada573515d303f3876f,a766aaf6495c7d329b3311ec1fafd65eb7afdfbd094cb2069ba45baf4ecc5f16,,,,
C5,08,fem,p3,,48,2,,,32.81206086418342,32.81206086418342,0.3883905246916855,0.39166262829471055,0.3250861614899695,-332.47203051332565,-365.28409137750907,23,5.1763430677610836e-14,True,converged,0.03768387499439996,CG24x3-d2,32d1a4442835275cb2c07cc966639ef90ffefffc6c956716ef2d601a73a95a1b,,,,,False,newly_computed,,4788b09e54970c37054ead04b1ea3a8572bc3879b5309ada573515d303f3876f,a766aaf6495c7d329b3311ec1fafd65eb7afdfbd094cb2069ba45baf4ecc5f16,,,,
C5,08,fem,p3,,99,3,,,3.661523526575536,3.661523526575536,0.13447535190140603,0.13546336910583875,0.037890395399025334,-361.62256785093354,-365.28409137750907,24,4.4489171983237046e-14,True,converged,0.046667542002978735,CG24x3-d2,32d1a4442835275cb2c07cc966639ef90ffefffc6c956716ef2d601a73a95a1b,0.03993126838129995,0.03993126838129995,0.024227152921680328,0.019390442415129792,False,newly_computed,,4788b09e54970c37054ead04b1ea3a8572bc3879b5309ada573515d303f3876f,a766aaf6495c7d329b3311ec1fafd65eb7afdfbd094cb2069ba45baf4ecc5f16,,,,source_archive/revision_cost_campaign/code/compare_fem_rfm/data/models/C5_fem_p3_n3.npz
