attempted_iteration,accepted_atom_count,energy_gap_raw,energy_order,natural_rel,natural_order,quasi_rel,quasi_order,effective_rank,raw_oracle_ratio,admissible_oracle_ratio,coverage_warning,quadrature_warning,trusted
1,1,19.587026184567492,nan,0.8951724846375603,nan,,nan,1,0.999999784496522,0.9999997844965257,False,False,True
2,2,14.533811707117763,0.43048525522692077,0.7711027240440437,0.21524262761346044,,nan,2,0.9999993479407357,0.9999993479407316,False,False,True
4,4,14.156605638759988,0.03793773206830385,0.7610304601169554,0.01896886603415237,,nan,4,0.9999982413076131,0.9999982413076136,False,False,True
8,8,12.402160108433417,0.1908839691349844,0.7123134412286959,0.09544198456749318,,nan,8,1.0000036675610857,1.000003667561079,False,False,True
16,16,6.968037186922658,0.8317671910840895,0.5339218603360937,0.415883595542042,,nan,16,0.9998652679831538,0.9998652679831668,False,False,True
32,32,0.4276896451080603,4.0261161399821805,0.13227776259042842,2.013058069991157,,nan,32,1.0018045394720019,1.0018045394719781,False,False,True
64,64,0.0039830723900564635,6.746538767896414,0.012765316069298326,3.3732693839743004,,nan,64,0.9994299843939662,0.9994299864650646,False,False,True
128,128,2.5770213468945258e-05,7.272033401981332,0.0010267896450288035,3.6360167024078396,,nan,128,1.0014257146777463,1.0014258246547256,False,False,True
256,256,3.8007409486340293e-07,6.083279980497599,0.00012469717669209528,3.0416399456652985,,nan,256,0.0626036160022326,0.06260378351873933,True,False,True
