schema_version,case_id,step,medium_evaluator,high_evaluator,medium_energy_gap,high_energy_gap,energy_minus_bregman_high,medium_natural_rel,high_natural_rel,natural_relative_delta,medium_quasi_rel,high_quasi_rel,source_history_sha256,config_sha256
window-certificate-v1,pure,8,SG12-589,SG16-589,0.023071815389926087,0.023071815389926087,3.577693696854567e-14,0.03506528772726908,0.03506528772726904,1.1873099045203777e-15,0.01015846217342855,0.01015846217044691,3da8885406067e143bc145fdad5d1cf191fbf7fe7f8161fb14e7abbe3f235f94,722987bad6031a42f983ab7757406af49aadb4740adabfeb7e772eac213e8eee
window-certificate-v1,pure,9,SG12-589,SG16-589,0.01442137109614805,0.01442137109614805,-1.3178694246995803e-14,0.0154176698038626,0.015417669803862605,3.3754584798713324e-16,0.008060464684997017,0.008060464685803778,3da8885406067e143bc145fdad5d1cf191fbf7fe7f8161fb14e7abbe3f235f94,722987bad6031a42f983ab7757406af49aadb4740adabfeb7e772eac213e8eee
window-certificate-v1,pure,10,SG12-589,SG16-589,0.010094568780914415,0.010094568781028102,1.1416215195403367e-13,0.009902795899615206,0.009902795899615206,0.0,0.006776042199217422,0.0067760422001599645,3da8885406067e143bc145fdad5d1cf191fbf7fe7f8161fb14e7abbe3f235f94,722987bad6031a42f983ab7757406af49aadb4740adabfeb7e772eac213e8eee
window-certificate-v1,pure,11,SG12-589,SG16-589,0.003906465309626128,0.0039064653096829716,4.7781223422305175e-14,0.004263866223537916,0.004263866223537929,3.051321356660832e-15,0.004220696121611236,0.0042206961199397425,3da8885406067e143bc145fdad5d1cf191fbf7fe7f8161fb14e7abbe3f235f94,722987bad6031a42f983ab7757406af49aadb4740adabfeb7e772eac213e8eee
window-certificate-v1,pure,12,SG12-589,SG16-589,0.00122773417604094,0.0012277341760977833,7.14445863581048e-15,0.005315859741663263,0.00531585974166325,2.4474735418348893e-15,0.0023662321209824825,0.0023662321211516523,3da8885406067e143bc145fdad5d1cf191fbf7fe7f8161fb14e7abbe3f235f94,722987bad6031a42f983ab7757406af49aadb4740adabfeb7e772eac213e8eee
window-certificate-v1,pure,13,SG12-589,SG16-589,0.0011600731265843933,0.0011600731266412367,7.259882799093287e-14,0.005784167480577284,0.0057841674805772575,4.648588404109813e-15,0.0022996614267745932,0.002299661429986321,3da8885406067e143bc145fdad5d1cf191fbf7fe7f8161fb14e7abbe3f235f94,722987bad6031a42f983ab7757406af49aadb4740adabfeb7e772eac213e8eee
window-certificate-v1,pure,14,SG12-589,SG16-589,0.0011056694690978475,0.0011056694690978475,7.03972470594838e-15,0.00506978897793722,0.005069788977937215,1.026506320199521e-15,0.0022455344727084496,0.0022455344698994717,3da8885406067e143bc145fdad5d1cf191fbf7fe7f8161fb14e7abbe3f235f94,722987bad6031a42f983ab7757406af49aadb4740adabfeb7e772eac213e8eee
window-certificate-v1,pure,15,SG12-589,SG16-589,0.0010670962339531798,0.0010670962340100232,7.289871831184236e-14,0.005414856479254842,0.005414856479254837,9.610911107004245e-16,0.002205776228224631,0.002205776228743973,3da8885406067e143bc145fdad5d1cf191fbf7fe7f8161fb14e7abbe3f235f94,722987bad6031a42f983ab7757406af49aadb4740adabfeb7e772eac213e8eee
window-certificate-v1,pure,16,SG12-589,SG16-589,0.0010550218947855683,0.0010550218948424117,3.1168427214178784e-14,0.004995721592224147,0.0049957215922241316,3.125176412571154e-15,0.0021934770286982015,0.0021934770273824723,3da8885406067e143bc145fdad5d1cf191fbf7fe7f8161fb14e7abbe3f235f94,722987bad6031a42f983ab7757406af49aadb4740adabfeb7e772eac213e8eee
window-certificate-v1,pure,17,SG12-589,SG16-589,0.00037513874724481866,0.0003751387473585055,6.376008662017929e-14,0.0031145715794218113,0.0031145715794217987,4.03803376487711e-15,0.0013088535174801688,0.001308853517338662,3da8885406067e143bc145fdad5d1cf191fbf7fe7f8161fb14e7abbe3f235f94,722987bad6031a42f983ab7757406af49aadb4740adabfeb7e772eac213e8eee
window-certificate-v1,pure,18,SG12-589,SG16-589,0.000284183342785127,0.000284183342785127,-3.768578331342365e-15,0.0036044270642211157,0.0036044270642211023,3.729887357763877e-15,0.0011401273083592798,0.0011401273084469244,3da8885406067e143bc145fdad5d1cf191fbf7fe7f8161fb14e7abbe3f235f94,722987bad6031a42f983ab7757406af49aadb4740adabfeb7e772eac213e8eee
window-certificate-v1,pure,19,SG12-589,SG16-589,0.0002792236504092216,0.0002792236504092216,1.0178836939989111e-13,0.003604856262760671,0.0036048562627606505,5.6543172201595326e-15,0.001130159371918481,0.0011301593720038994,3da8885406067e143bc145fdad5d1cf191fbf7fe7f8161fb14e7abbe3f235f94,722987bad6031a42f983ab7757406af49aadb4740adabfeb7e772eac213e8eee
window-certificate-v1,pure,20,SG12-589,SG16-589,4.634105243894737e-05,4.634105249579079e-05,8.146022241082782e-14,0.000778999611849395,0.0007789996118494155,2.6304789820533476e-14,0.0004598117270353271,0.00045981172689600044,3da8885406067e143bc145fdad5d1cf191fbf7fe7f8161fb14e7abbe3f235f94,722987bad6031a42f983ab7757406af49aadb4740adabfeb7e772eac213e8eee
window-certificate-v1,pure,21,SG12-589,SG16-589,3.971379192080349e-05,3.9713792034490325e-05,1.2305644513359998e-13,0.0008758414247699111,0.0008758414247699303,2.1910791052198104e-14,0.0004256600873515997,0.00042566008705797293,3da8885406067e143bc145fdad5d1cf191fbf7fe7f8161fb14e7abbe3f235f94,722987bad6031a42f983ab7757406af49aadb4740adabfeb7e772eac213e8eee
window-certificate-v1,pure,22,SG12-589,SG16-589,3.919151822628919e-05,3.919151828313261e-05,5.87793499312074e-14,0.0007026704259358229,0.0007026704259358043,2.6539152180647454e-14,0.00042285660534429123,0.00042285660538448646,3da8885406067e143bc145fdad5d1cf191fbf7fe7f8161fb14e7abbe3f235f94,722987bad6031a42f983ab7757406af49aadb4740adabfeb7e772eac213e8eee
window-certificate-v1,pure,23,SG12-589,SG16-589,3.597480542794074e-05,3.597480542794074e-05,2.2137463574507105e-14,0.0006975599624503084,0.0006975599624502968,1.663077566098341e-14,0.0004051304038043669,0.0004051304038462227,3da8885406067e143bc145fdad5d1cf191fbf7fe7f8161fb14e7abbe3f235f94,722987bad6031a42f983ab7757406af49aadb4740adabfeb7e772eac213e8eee
window-certificate-v1,pure,24,SG12-589,SG16-589,1.9826383322651964e-05,1.98263834363388e-05,9.240657826599386e-14,0.0005937000443474306,0.0005937000443474371,1.095707015158337e-14,0.0003007518499802684,0.00030075185003407084,3da8885406067e143bc145fdad5d1cf191fbf7fe7f8161fb14e7abbe3f235f94,722987bad6031a42f983ab7757406af49aadb4740adabfeb7e772eac213e8eee
window-certificate-v1,pure,25,SG12-589,SG16-589,1.7751178688740765e-05,1.7751178688740765e-05,6.971553461474281e-14,0.0005909795609934414,0.0005909795609934693,4.714883165508558e-14,0.0002845767672761592,0.00028457676731880375,3da8885406067e143bc145fdad5d1cf191fbf7fe7f8161fb14e7abbe3f235f94,722987bad6031a42f983ab7757406af49aadb4740adabfeb7e772eac213e8eee
window-certificate-v1,pure,26,SG12-589,SG16-589,1.7697287375995074e-05,1.7697287375995074e-05,-6.149864756441366e-14,0.0004523286410392348,0.0004523286410392275,1.6179308582943526e-14,0.00028414652600903894,0.00028414652600897616,3da8885406067e143bc145fdad5d1cf191fbf7fe7f8161fb14e7abbe3f235f94,722987bad6031a42f983ab7757406af49aadb4740adabfeb7e772eac213e8eee
window-certificate-v1,pure,27,SG12-589,SG16-589,4.113984914511093e-06,4.113984914511093e-06,-1.1511677502624822e-14,0.00032137114283443713,0.00032137114283441355,7.337745711571257e-14,0.00013701134173140902,0.0001370113417313321,3da8885406067e143bc145fdad5d1cf191fbf7fe7f8161fb14e7abbe3f235f94,722987bad6031a42f983ab7757406af49aadb4740adabfeb7e772eac213e8eee
window-certificate-v1,pure,28,SG12-589,SG16-589,3.3839927482404164e-06,3.3839927482404164e-06,4.070731839583624e-14,0.00032423513340703306,0.00032423513340701203,6.487119987646566e-14,0.00012426332708403534,0.00012426332708404957,3da8885406067e143bc145fdad5d1cf191fbf7fe7f8161fb14e7abbe3f235f94,722987bad6031a42f983ab7757406af49aadb4740adabfeb7e772eac213e8eee
window-certificate-v1,pure,29,SG12-589,SG16-589,3.2834961984917754e-06,3.2834961984917754e-06,-4.8675539442741105e-14,0.00032433061370703485,0.00032433061370701463,6.234493341760458e-14,0.00012240438707259032,0.00012240438707196238,3da8885406067e143bc145fdad5d1cf191fbf7fe7f8161fb14e7abbe3f235f94,722987bad6031a42f983ab7757406af49aadb4740adabfeb7e772eac213e8eee
window-certificate-v1,pure,30,SG12-589,SG16-589,3.0267699457908748e-06,3.0267699457908748e-06,-2.7366280120103784e-14,0.00032511550821826387,0.0003251155082182395,7.486674168726732e-14,0.0001175223110251803,0.0001175223110251677,3da8885406067e143bc145fdad5d1cf191fbf7fe7f8161fb14e7abbe3f235f94,722987bad6031a42f983ab7757406af49aadb4740adabfeb7e772eac213e8eee
window-certificate-v1,pure,31,SG12-589,SG16-589,2.9980350291225477e-06,2.9980350859659666e-06,2.575924770795851e-14,0.0003242625129745635,0.0003242625129745512,3.7949791188709663e-14,0.00011696315138350836,0.0001169631513828072,3da8885406067e143bc145fdad5d1cf191fbf7fe7f8161fb14e7abbe3f235f94,722987bad6031a42f983ab7757406af49aadb4740adabfeb7e772eac213e8eee
window-certificate-v1,pure,32,SG12-589,SG16-589,1.985067683563102e-06,1.9850677972499398e-06,-2.7757400971630247e-14,0.0003239256113966939,0.00032392561139666667,8.401149391074731e-14,9.517741069147219e-05,9.517741069061708e-05,3da8885406067e143bc145fdad5d1cf191fbf7fe7f8161fb14e7abbe3f235f94,722987bad6031a42f983ab7757406af49aadb4740adabfeb7e772eac213e8eee
window-certificate-v1,regularized-0.1,8,SG12-589,SG16-589,0.02310757754497672,0.023107577545033564,3.5128150388530344e-14,0.03502885371004661,0.035028853710046555,1.584726456959018e-15,0.010159762081015822,0.010159762081015834,327ec1f128a50a5d77ead82df41f105b5ecc6f7e24779e867fd8f93e72f56f42,a833aa8251d4985c781cb0cd787c7c1ebca8706c7acf628746c9085baf64f232
window-certificate-v1,regularized-0.1,9,SG12-589,SG16-589,0.014571927328972833,0.014571927329029677,8.759659664292485e-14,0.015348248350474429,0.01534824835047443,1.1302419900725577e-16,0.008099343219560184,0.008099343219560198,327ec1f128a50a5d77ead82df41f105b5ecc6f7e24779e867fd8f93e72f56f42,a833aa8251d4985c781cb0cd787c7c1ebca8706c7acf628746c9085baf64f232
window-certificate-v1,regularized-0.1,10,SG12-589,SG16-589,0.013909275215723937,0.013909275215837624,1.1621259510263826e-13,0.015876204827218292,0.015876204827218295,2.1853125414491794e-16,0.007906409025058935,0.00790640902505895,327ec1f128a50a5d77ead82df41f105b5ecc6f7e24779e867fd8f93e72f56f42,a833aa8251d4985c781cb0cd787c7c1ebca8706c7acf628746c9085baf64f232
window-certificate-v1,regularized-0.1,11,SG12-589,SG16-589,0.008971179045715871,0.008971179045715871,4.210173876195711e-14,0.010349881667290691,0.010349881667290678,1.3408643938097594e-15,0.006383594526868538,0.006383594526868549,327ec1f128a50a5d77ead82df41f105b5ecc6f7e24779e867fd8f93e72f56f42,a833aa8251d4985c781cb0cd787c7c1ebca8706c7acf628746c9085baf64f232
window-certificate-v1,regularized-0.1,12,SG12-589,SG16-589,0.002643555814870524,0.002643555814870524,1.4814538484841933e-15,0.005745199908597365,0.005745199908597327,6.64274822088956e-15,0.0034700127615183963,0.003470012761518394,327ec1f128a50a5d77ead82df41f105b5ecc6f7e24779e867fd8f93e72f56f42,a833aa8251d4985c781cb0cd787c7c1ebca8706c7acf628746c9085baf64f232
window-certificate-v1,regularized-0.1,13,SG12-589,SG16-589,0.0010958833903487175,0.0010958833903487175,7.147667874241037e-14,0.005604784784249155,0.0056047847842491585,6.190151960345783e-16,0.002233737324805964,0.0022337373248059534,327ec1f128a50a5d77ead82df41f105b5ecc6f7e24779e867fd8f93e72f56f42,a833aa8251d4985c781cb0cd787c7c1ebca8706c7acf628746c9085baf64f232
window-certificate-v1,regularized-0.1,14,SG12-589,SG16-589,0.0010595004082460946,0.0010595004082460946,8.342285195972465e-15,0.005202848991280379,0.005202848991280367,2.3339259609857266e-15,0.0021967898776839296,0.0021967898776839192,327ec1f128a50a5d77ead82df41f105b5ecc6f7e24779e867fd8f93e72f56f42,a833aa8251d4985c781cb0cd787c7c1ebca8706c7acf628746c9085baf64f232
window-certificate-v1,regularized-0.1,15,SG12-589,SG16-589,0.001021355619741371,0.001021355619741371,3.9039951826858044e-14,0.0055229927047528386,0.005522992704752824,2.6697753073463033e-15,0.002156503622339086,0.0021565036223390667,327ec1f128a50a5d77ead82df41f105b5ecc6f7e24779e867fd8f93e72f56f42,a833aa8251d4985c781cb0cd787c7c1ebca8706c7acf628746c9085baf64f232
window-certificate-v1,regularized-0.1,16,SG12-589,SG16-589,0.0010092193001014493,0.0010092193001582928,1.8628328046776943e-14,0.005141177645025016,0.005141177645024999,3.3741753266500327e-15,0.002144015860057696,0.002144015860057673,327ec1f128a50a5d77ead82df41f105b5ecc6f7e24779e867fd8f93e72f56f42,a833aa8251d4985c781cb0cd787c7c1ebca8706c7acf628746c9085baf64f232
window-certificate-v1,regularized-0.1,17,SG12-589,SG16-589,0.00031329491946507915,0.00031329491946507915,-2.0637246252175334e-14,0.003289208272132056,0.003289208272132041,4.614736787390558e-15,0.0011955199976779816,0.0011955199976779762,327ec1f128a50a5d77ead82df41f105b5ecc6f7e24779e867fd8f93e72f56f42,a833aa8251d4985c781cb0cd787c7c1ebca8706c7acf628746c9085baf64f232
window-certificate-v1,regularized-0.1,18,SG12-589,SG16-589,0.00028284283388302356,0.00028284283382618014,-6.104340123658236e-14,0.0035839477725305253,0.0035839477725305067,5.203278214510293e-15,0.0011363180766027039,0.0011363180766026885,327ec1f128a50a5d77ead82df41f105b5ecc6f7e24779e867fd8f93e72f56f42,a833aa8251d4985c781cb0cd787c7c1ebca8706c7acf628746c9085baf64f232
window-certificate-v1,regularized-0.1,19,SG12-589,SG16-589,4.352339033175667e-05,4.352339033175667e-05,-6.369762302251697e-15,0.0008115652746907405,0.0008115652746907627,2.738676139688437e-14,0.0004454097130632969,0.0004454097130633063,327ec1f128a50a5d77ead82df41f105b5ecc6f7e24779e867fd8f93e72f56f42,a833aa8251d4985c781cb0cd787c7c1ebca8706c7acf628746c9085baf64f232
window-certificate-v1,regularized-0.1,20,SG12-589,SG16-589,4.099674561075517e-05,4.099674561075517e-05,3.716773118661934e-14,0.0007472085340968123,0.0007472085340968625,6.718146045635433e-14,0.0004323027834075079,0.00043230278340750897,327ec1f128a50a5d77ead82df41f105b5ecc6f7e24779e867fd8f93e72f56f42,a833aa8251d4985c781cb0cd787c7c1ebca8706c7acf628746c9085baf64f232
window-certificate-v1,regularized-0.1,21,SG12-589,SG16-589,3.4384242439955415e-05,3.438424255364225e-05,5.852282092093375e-14,0.0008499752087443626,0.0008499752087443998,4.375202256920864e-14,0.0003958786944366476,0.0003958786944366623,327ec1f128a50a5d77ead82df41f105b5ecc6f7e24779e867fd8f93e72f56f42,a833aa8251d4985c781cb0cd787c7c1ebca8706c7acf628746c9085baf64f232
window-certificate-v1,regularized-0.1,22,SG12-589,SG16-589,3.38680412710346e-05,3.386804132787802e-05,6.286595864105765e-14,0.0006647758569742983,0.0006647758569743121,2.0712797322749305e-14,0.00039291636082636796,0.00039291636082638943,327ec1f128a50a5d77ead82df41f105b5ecc6f7e24779e867fd8f93e72f56f42,a833aa8251d4985c781cb0cd787c7c1ebca8706c7acf628746c9085baf64f232
window-certificate-v1,regularized-0.1,23,SG12-589,SG16-589,3.099453465438273e-05,3.099453465438273e-05,3.7799177308138476e-14,0.0006552493556519634,0.000655249355651991,4.219333473570636e-14,0.0003758730017128514,0.0003758730017128513,327ec1f128a50a5d77ead82df41f105b5ecc6f7e24779e867fd8f93e72f56f42,a833aa8251d4985c781cb0cd787c7c1ebca8706c7acf628746c9085baf64f232
window-certificate-v1,regularized-0.1,24,SG12-589,SG16-589,2.913600241072345e-05,2.913600241072345e-05,9.580040889268018e-15,0.0006550268919997108,0.0006550268919997046,9.434654452584157e-15,0.0003644237586608489,0.00036442375866084346,327ec1f128a50a5d77ead82df41f105b5ecc6f7e24779e867fd8f93e72f56f42,a833aa8251d4985c781cb0cd787c7c1ebca8706c7acf628746c9085baf64f232
window-certificate-v1,regularized-0.1,25,SG12-589,SG16-589,2.696493629628094e-05,2.6964936353124358e-05,-3.325678355750247e-14,0.0006494202263542276,0.0006494202263542169,1.6527975372531754e-14,0.00035058078046496985,0.0003505807804649744,327ec1f128a50a5d77ead82df41f105b5ecc6f7e24779e867fd8f93e72f56f42,a833aa8251d4985c781cb0cd787c7c1ebca8706c7acf628746c9085baf64f232
window-certificate-v1,regularized-0.1,26,SG12-589,SG16-589,2.6908231347988476e-05,2.6908231404831895e-05,2.212385683724241e-15,0.0005641741293700725,0.0005641741293700592,2.3445361663591954e-14,0.00035022555635859067,0.00035022555635858807,327ec1f128a50a5d77ead82df41f105b5ecc6f7e24779e867fd8f93e72f56f42,a833aa8251d4985c781cb0cd787c7c1ebca8706c7acf628746c9085baf64f232
window-certificate-v1,regularized-0.1,27,SG12-589,SG16-589,1.2004406869436934e-05,1.2004406926280353e-05,1.2080360854444666e-13,0.0004639019974389854,0.00046390199743896884,3.5758184553216076e-14,0.00023393899521388306,0.00023393899521389848,327ec1f128a50a5d77ead82df41f105b5ecc6f7e24779e867fd8f93e72f56f42,a833aa8251d4985c781cb0cd787c7c1ebca8706c7acf628746c9085baf64f232
window-certificate-v1,regularized-0.1,28,SG12-589,SG16-589,4.28015994202724e-06,4.28015994202724e-06,2.086671510088305e-14,0.00032531934815411157,0.0003253193481540874,7.431992158970817e-14,0.00013967360323479804,0.00013967360323480492,327ec1f128a50a5d77ead82df41f105b5ecc6f7e24779e867fd8f93e72f56f42,a833aa8251d4985c781cb0cd787c7c1ebca8706c7acf628746c9085baf64f232
window-certificate-v1,regularized-0.1,29,SG12-589,SG16-589,3.399312049623404e-06,3.399312049623404e-06,3.855618166452796e-14,0.00032571622718290073,0.0003257162271828788,6.740558854780181e-14,0.00012446433752727403,0.00012446433752727416,327ec1f128a50a5d77ead82df41f105b5ecc6f7e24779e867fd8f93e72f56f42,a833aa8251d4985c781cb0cd787c7c1ebca8706c7acf628746c9085baf64f232
window-certificate-v1,regularized-0.1,30,SG12-589,SG16-589,3.2988599514283123e-06,3.29886006511515e-06,1.745999856197014e-14,0.00032577997700917875,0.0003257799770091528,7.970607116317127e-14,0.00012260953582170353,0.0001226095358216937,327ec1f128a50a5d77ead82df41f105b5ecc6f7e24779e867fd8f93e72f56f42,a833aa8251d4985c781cb0cd787c7c1ebca8706c7acf628746c9085baf64f232
window-certificate-v1,regularized-0.1,31,SG12-589,SG16-589,3.042132732389291e-06,3.04213278923271e-06,5.031007924984846e-14,0.0003263854591419866,0.00032638545914197243,4.335008792404969e-14,0.0001177380741746034,0.000117738074174586,327ec1f128a50a5d77ead82df41f105b5ecc6f7e24779e867fd8f93e72f56f42,a833aa8251d4985c781cb0cd787c7c1ebca8706c7acf628746c9085baf64f232
window-certificate-v1,regularized-0.1,32,SG12-589,SG16-589,3.0132767960822093e-06,3.013276852925628e-06,1.5016881950446776e-14,0.0003257088505792973,0.0003257088505792764,6.407836871250773e-14,0.00011717960277398598,0.00011717960277397648,327ec1f128a50a5d77ead82df41f105b5ecc6f7e24779e867fd8f93e72f56f42,a833aa8251d4985c781cb0cd787c7c1ebca8706c7acf628746c9085baf64f232
