case_id,metric,method,last_raw_local_order,last_valid_local_order,window_fit_order,plateau_onset_dof
C1,natural_error,CGA,0.415883595542042,0.415883595542042,,
C1,natural_error,FEM P1,0.16883979557547923,0.16883979557547923,,
C1,natural_error,FEM P2,0.21933933178914056,0.21933933178914056,,
C1,natural_error,FEM P3,0.4497466287368654,0.4497466287368654,,
C1,natural_error,RFM median,0.4165744346919998,0.4165744346919998,,
C1,energy_gap,CGA,0.8317671910840895,0.8317671910840895,,
C1,energy_gap,FEM P1,0.33767959115095914,0.33767959115095914,,
C1,energy_gap,FEM P2,0.4386786635782814,0.4386786635782814,,
C1,energy_gap,FEM P3,0.89949325747373,0.89949325747373,,
C1,energy_gap,RFM median,0.8332700023751366,0.8332700023751366,,
C2,natural_error,CGA,0.23447281011949334,0.23447281011949334,,
C2,natural_error,FEM P1,0.16883979908098967,0.16883979908098967,,
C2,natural_error,FEM P2,0.21937320237683353,0.21937320237683353,,
C2,natural_error,FEM P3,0.4498348293056704,0.4498348293056704,,
C2,natural_error,RFM median,0.41658527101274206,0.41658527101274206,,
C2,energy_gap,CGA,0.5024781283208207,0.5024781283208207,,
C2,energy_gap,FEM P1,0.3380060026515762,0.3380060026515762,,
C2,energy_gap,FEM P2,0.4389898985024477,0.4389898985024477,,
C2,energy_gap,FEM P3,0.8990424428020793,0.8990424428020793,,
C2,energy_gap,RFM median,0.8339188377409362,0.8339188377409362,,
C3,natural_error,CGA,0.4195319265751386,0.4195319265751386,,
C3,natural_error,FEM P1,0.049934560777112114,,,16
C3,natural_error,FEM P2,,,,
C3,natural_error,FEM P3,,,,
C3,natural_error,RFM median,0.27618236954390935,0.27618236954390935,,
C3,energy_gap,CGA,0.8375026873987877,0.8375026873987877,,
C3,energy_gap,FEM P1,0.10290731888821472,,,16
C3,energy_gap,FEM P2,,,,
C3,energy_gap,FEM P3,,,,
C3,energy_gap,RFM median,0.4960131483576476,0.4960131483576476,,
C4,natural_error,CGA,2.999498546976022,2.999498546976022,,
C4,natural_error,FEM P1,1.0406309898909292,1.0406309898909292,,
C4,natural_error,FEM P2,2.4011153227439874,2.4011153227439874,,
C4,natural_error,FEM P3,0.793893812892949,0.793893812892949,,
C4,natural_error,RFM median,2.4519651880853797,2.4519651880853797,,
C4,energy_gap,CGA,6.131035890409683,6.131035890409683,,
C4,energy_gap,FEM P1,1.8705248821560163,1.8705248821560163,,
C4,energy_gap,FEM P2,2.8101739835223136,2.8101739835223136,,
C4,energy_gap,FEM P3,4.414925354072749,4.414925354072749,,
C4,energy_gap,RFM median,6.749021289777249,6.749021289777249,,
C4,v_error,CGA,3.0507516772067556,3.0507516772067556,,
C4,v_error,FEM P1,0.9666506372726081,0.9666506372726081,,
C4,v_error,FEM P2,1.4431228621055812,1.4431228621055812,,
C4,v_error,FEM P3,2.212983576141599,2.212983576141599,,
C4,v_error,RFM median,3.3928372158651765,3.3928372158651765,,
C5,natural_error,CGA,1.0983223315720738,1.0983223315720738,,
C5,natural_error,FEM P1,-0.014658152923498742,,,16
C5,natural_error,FEM P2,0.78299401887009,0.78299401887009,,
C5,natural_error,FEM P3,,,,
C5,natural_error,RFM median,0.3582722835557023,0.3582722835557023,,
C5,energy_gap,CGA,2.4803349455328823,2.4803349455328823,,
C5,energy_gap,FEM P1,-0.020737642210204427,,,16
C5,energy_gap,FEM P2,1.3053733024799308,1.3053733024799308,,
C5,energy_gap,FEM P3,,,,
C5,energy_gap,RFM median,0.7417020603866057,0.7417020603866057,,
C5,v_error,CGA,1.0503371765855716,1.0503371765855716,,
C5,v_error,FEM P1,0.0018903813936306632,,,16
C5,v_error,FEM P2,0.4726074200023355,0.4726074200023355,,
C5,v_error,FEM P3,,,,
C5,v_error,RFM median,0.23335567469711477,0.23335567469711477,,
