case_id,method,seed,target,status,stop_reason,final_width,final_rank,final_energy_gap,final_h1_or_w1p_error,final_v_error,wall_end_to_end_sec,wall_solver_sec,wall_score_sec,wall_setup_atom_sec,wall_total_internal_sec,attempted_atoms,accepted_atoms,rejected_attempts,score_evaluations,objective_evaluations,active_solver_iterations,run_dir,config_hash
C3,CGA-FP,201,8,success,target_reached,8,8,5.344914153823931,0.7303765954952027,,0.27141858398681507,0.014294668013462797,0.08356583601562306,0.17329299596894998,0.27115349999803584,8,8,0,12288,40,28,source_archive/revision_baseline_campaign/report_runs_c3c5/report/sinh_p4_k3_d2_neumann_hybrid_qmc_iid_lbfgs_seed0201_20260908T165019+0800,bd9da58d1d832dd199bd85503fdc56679ced1a8ac0e251b3d67169dabb9f1273
C3,CGA-FP,202,8,success,target_reached,8,8,5.071190714052735,0.7118128039724798,,0.18588600000657607,0.012219292999361642,0.08323687499796506,0.08990379099850543,0.18535995899583213,8,8,0,12288,37,25,source_archive/revision_baseline_campaign/report_runs_c3c5/report/sinh_p4_k3_d2_neumann_hybrid_qmc_iid_lbfgs_seed0202_20260908T165019+0800,e0b359b9b7dabd5e62504c913fe30701b3d98ff157a591f38a6532d643eca712
C3,CGA-FP,203,8,success,target_reached,8,8,5.532941279524619,0.7434865896509195,,0.18875620899780188,0.013313790972460993,0.08456370800558943,0.09059920902654994,0.18847670800460037,8,8,0,12288,46,26,source_archive/revision_baseline_campaign/report_runs_c3c5/report/sinh_p4_k3_d2_neumann_hybrid_qmc_iid_lbfgs_seed0203_20260908T165020+0800,c28567db254f4168b9b5c17d6e6e8e7e033c08f6a83ea230ab7418f8141d33d5
C3,CGA-FP,204,8,success,target_reached,8,8,5.2584293435313345,0.724590147928676,,0.18813754100119695,0.01278808299684897,0.08443549797812011,0.09066904403152876,0.18789262500649784,8,8,0,12288,39,27,source_archive/revision_baseline_campaign/report_runs_c3c5/report/sinh_p4_k3_d2_neumann_hybrid_qmc_iid_lbfgs_seed0204_20260908T165020+0800,267695ab0c1e8ec6abf375613f4c55b8fd6c844847aa164ba753ac959d9ca62e
C3,CGA-FP,205,8,success,target_reached,8,8,5.378324932204677,0.7330009960494441,,0.18654350000724662,0.01266508201661054,0.08317570897634141,0.09042904201487545,0.1862698330078274,8,8,0,12288,40,28,source_archive/revision_baseline_campaign/report_runs_c3c5/report/sinh_p4_k3_d2_neumann_hybrid_qmc_iid_lbfgs_seed0205_20260908T165020+0800,14b7004535f63cd015461fc33f2e7e841f4ebdce1e673ba81e948a8c95f74b94
C3,RD-WOGA,201,8,success,target_reached,8,8,5.102329573091072,0.7135971018714257,,0.2885705840017181,0.01253624698438216,0.0843209989980096,0.19142271201417316,0.2882799579965649,8,8,0,12288,37,25,source_archive/revision_baseline_campaign/report_runs_c3c5/report/sinh_p4_k3_d2_neumann_hybrid_qmc_iid_lbfgs_seed0201_20260908T165020+0800,bd9da58d1d832dd199bd85503fdc56679ced1a8ac0e251b3d67169dabb9f1273
C3,RD-WOGA,202,8,success,target_reached,8,8,5.146387932463114,0.7170320497381365,,0.28563225000107195,0.012545250996481627,0.08216558396816254,0.1906624570256099,0.2853732919902541,8,8,0,12288,39,27,source_archive/revision_baseline_campaign/report_runs_c3c5/report/sinh_p4_k3_d2_neumann_hybrid_qmc_iid_lbfgs_seed0202_20260908T165020+0800,e0b359b9b7dabd5e62504c913fe30701b3d98ff157a591f38a6532d643eca712
C3,RD-WOGA,203,8,success,target_reached,8,8,5.181217151886667,0.7193620009759498,,0.2839328340050997,0.012638498999876902,0.08243879202927928,0.1885595419589663,0.2836368329881225,8,8,0,12288,39,27,source_archive/revision_baseline_campaign/report_runs_c3c5/report/sinh_p4_k3_d2_neumann_hybrid_qmc_iid_lbfgs_seed0203_20260908T165021+0800,c28567db254f4168b9b5c17d6e6e8e7e033c08f6a83ea230ab7418f8141d33d5
C3,RD-WOGA,204,8,success,target_reached,8,8,4.712609906043592,0.6859912446427268,,0.28765662500518374,0.01355954101018142,0.08286250100354664,0.19095616697450168,0.28737820898822974,8,8,0,12288,45,25,source_archive/revision_baseline_campaign/report_runs_c3c5/report/sinh_p4_k3_d2_neumann_hybrid_qmc_iid_lbfgs_seed0204_20260908T165021+0800,267695ab0c1e8ec6abf375613f4c55b8fd6c844847aa164ba753ac959d9ca62e
C3,RD-WOGA,205,8,success,target_reached,8,8,5.053988816061395,0.7104994990871807,,0.2876313750020927,0.012922418987727724,0.08350366698869038,0.19089608002104796,0.2873221659974661,8,8,0,12288,39,27,source_archive/revision_baseline_campaign/report_runs_c3c5/report/sinh_p4_k3_d2_neumann_hybrid_qmc_iid_lbfgs_seed0205_20260908T165021+0800,14b7004535f63cd015461fc33f2e7e841f4ebdce1e673ba81e948a8c95f74b94
C3,Random-FC,201,8,success,target_reached_with_quadrature_warning,8,8,9.544521611718059,0.9763000660952775,,0.18804458300292026,0.015500915003940463,0.08286083098209929,0.08940879601868801,0.18777054200472776,8,8,0,12288,35,19,source_archive/revision_baseline_campaign/report_runs_c3c5/report/sinh_p4_k3_d2_neumann_hybrid_qmc_iid_lbfgs_seed0201_20260908T165022+0800,bd9da58d1d832dd199bd85503fdc56679ced1a8ac0e251b3d67169dabb9f1273
C3,Random-FC,202,8,success,target_reached,8,8,9.853432246235759,0.9920550937466884,,0.19235749999643303,0.015330793015891686,0.08362958300858736,0.09313487396866549,0.19209524999314453,8,8,0,12288,32,16,source_archive/revision_baseline_campaign/report_runs_c3c5/report/sinh_p4_k3_d2_neumann_hybrid_qmc_iid_lbfgs_seed0202_20260908T165022+0800,e0b359b9b7dabd5e62504c913fe30701b3d98ff157a591f38a6532d643eca712
C3,Random-FC,203,8,success,target_reached,8,8,9.319625359582746,0.9647484590768146,,0.20647129099234007,0.018481541017536074,0.09299833302793559,0.09472045996517409,0.20620033401064575,9,8,1,13824,38,22,source_archive/revision_baseline_campaign/report_runs_c3c5/report/sinh_p4_k3_d2_neumann_hybrid_qmc_iid_lbfgs_seed0203_20260908T165022+0800,c28567db254f4168b9b5c17d6e6e8e7e033c08f6a83ea230ab7418f8141d33d5
C3,Random-FC,204,8,success,target_reached,8,8,9.985072268498925,0.9985772350899592,,0.1926920409896411,0.01617254101438448,0.08367424899188336,0.09257441900263075,0.19242120900889859,8,8,0,12288,32,16,source_archive/revision_baseline_campaign/report_runs_c3c5/report/sinh_p4_k3_d2_neumann_hybrid_qmc_iid_lbfgs_seed0204_20260908T165022+0800,267695ab0c1e8ec6abf375613f4c55b8fd6c844847aa164ba753ac959d9ca62e
C3,Random-FC,205,8,success,target_reached,8,8,9.007865488017286,0.948304394047573,,0.19057462499768008,0.015568374001304619,0.0840218729863409,0.09069842001190409,0.1902886669995496,8,8,0,12288,42,29,source_archive/revision_baseline_campaign/report_runs_c3c5/report/sinh_p4_k3_d2_neumann_hybrid_qmc_iid_lbfgs_seed0205_20260908T165022+0800,14b7004535f63cd015461fc33f2e7e841f4ebdce1e673ba81e948a8c95f74b94
C5,CGA-FP,201,8,success,target_reached,8,8,194.1090762685343,0.8468329133792101,0.8614436851444097,0.3650529589940561,0.025970291972043924,0.15394816700427327,0.18483233303413726,0.36475079201045446,8,8,0,12288,85,70,source_archive/revision_baseline_campaign/report_runs_c3c5/report/pure_p_p4_k3_d2_neumann_hybrid_qmc_iid_lbfgs_seed0201_20260908T165023+0800,f1e0862c988ebedd9b3482428d9bafbcf80949ee68eda92ab7d421208c66c260
C5,CGA-FP,202,8,success,target_reached,8,8,178.1204176023418,0.7398462776412933,0.8766067011607285,0.3407834169920534,0.024967874996946193,0.15502662399376277,0.16051087601226754,0.3405053750029765,8,8,0,12288,84,71,source_archive/revision_baseline_campaign/report_runs_c3c5/report/pure_p_p4_k3_d2_neumann_hybrid_qmc_iid_lbfgs_seed0202_20260908T165023+0800,aa249714a87a4df52e5d56167588ff5a17fbeb425b7b3246ca6fd307b2366cb0
C5,CGA-FP,203,8,success,target_reached,8,8,169.0445190418901,0.7206522495409386,0.8622458662085458,0.3472774170077173,0.02581620801356621,0.15965291498287115,0.16151079299743287,0.34697991599387024,8,8,0,12288,83,69,source_archive/revision_baseline_campaign/report_runs_c3c5/report/pure_p_p4_k3_d2_neumann_hybrid_qmc_iid_lbfgs_seed0203_20260908T165023+0800,191c04b7b0f113aaf29f03922ecf49d72463a9e8cbe14c88cb570913061f4b8e
C5,CGA-FP,204,8,success,target_reached,8,8,174.95421561194124,0.800461337691433,0.8292283618481783,0.33789416699437425,0.024763250999967568,0.15380996000021696,0.15903357999923173,0.33760679099941626,8,8,0,12288,80,65,source_archive/revision_baseline_campaign/report_runs_c3c5/report/pure_p_p4_k3_d2_neumann_hybrid_qmc_iid_lbfgs_seed0204_20260908T165024+0800,3c12375530855400510d5208e7e40eae78ebf0f3a7d98a256898e217914a045e
C5,CGA-FP,205,8,success,target_reached,8,8,162.97469222367775,0.7700815818179505,0.8046874366683046,0.337716707988875,0.025025291019119322,0.1540477089874912,0.15835679200245067,0.3374297920090612,8,8,0,12288,80,66,source_archive/revision_baseline_campaign/report_runs_c3c5/report/pure_p_p4_k3_d2_neumann_hybrid_qmc_iid_lbfgs_seed0205_20260908T165024+0800,8d67feea0a00fc3f77c891beda5626e3fbc20a86e13ff9a5cf9ade216df9f0f5
C5,RD-WOGA,201,8,success,target_reached,8,8,167.00734532999343,0.7649985557466041,0.7920739446819548,0.5767669170018053,0.02412191597977653,0.15329912399465684,0.3990589180320967,0.5764799580065301,8,8,0,12288,76,62,source_archive/revision_baseline_campaign/report_runs_c3c5/report/pure_p_p4_k3_d2_neumann_hybrid_qmc_iid_lbfgs_seed0201_20260908T165024+0800,f1e0862c988ebedd9b3482428d9bafbcf80949ee68eda92ab7d421208c66c260
C5,RD-WOGA,202,8,success,target_reached,8,8,168.6043059289817,0.7711196030304256,0.7974755729872454,0.5613588750129566,0.024035168025875464,0.1537380009831395,0.38322903898369987,0.5610022079927148,8,8,0,12288,78,65,source_archive/revision_baseline_campaign/report_runs_c3c5/report/pure_p_p4_k3_d2_neumann_hybrid_qmc_iid_lbfgs_seed0202_20260908T165025+0800,aa249714a87a4df52e5d56167588ff5a17fbeb425b7b3246ca6fd307b2366cb0
C5,RD-WOGA,203,8,success,target_reached,8,8,173.90510647045238,0.7790560211652034,0.8104397392143522,0.5677515839925036,0.023845624004025012,0.15540429099928588,0.3881943769956706,0.5674442919989815,8,8,0,12288,75,63,source_archive/revision_baseline_campaign/report_runs_c3c5/report/pure_p_p4_k3_d2_neumann_hybrid_qmc_iid_lbfgs_seed0203_20260908T165025+0800,191c04b7b0f113aaf29f03922ecf49d72463a9e8cbe14c88cb570913061f4b8e
C5,RD-WOGA,204,8,success,target_reached,8,8,165.78663767752482,0.7610367947848136,0.7882367493760868,0.5655998750007711,0.024058167022303678,0.15414508299727459,0.3870330419886159,0.5652362920081941,8,8,0,12288,76,63,source_archive/revision_baseline_campaign/report_runs_c3c5/report/pure_p_p4_k3_d2_neumann_hybrid_qmc_iid_lbfgs_seed0204_20260908T165026+0800,3c12375530855400510d5208e7e40eae78ebf0f3a7d98a256898e217914a045e
C5,RD-WOGA,205,8,success,target_reached,8,8,170.15538206868598,0.7778396021841205,0.8228645179470453,0.5667770000000019,0.024398166991886683,0.15348133600491565,0.3885872050013859,0.5664667079981882,8,8,0,12288,79,65,source_archive/revision_baseline_campaign/report_runs_c3c5/report/pure_p_p4_k3_d2_neumann_hybrid_qmc_iid_lbfgs_seed0205_20260908T165027+0800,8d67feea0a00fc3f77c891beda5626e3fbc20a86e13ff9a5cf9ade216df9f0f5
C5,Random-FC,201,8,success,target_reached,8,8,294.41530801181483,1.0122799487198089,0.9858507412464584,0.3432910410047043,0.03138241599663161,0.15307499897608068,0.15847691902308725,0.34293433399579953,8,8,0,12288,110,92,source_archive/revision_baseline_campaign/report_runs_c3c5/report/pure_p_p4_k3_d2_neumann_hybrid_qmc_iid_lbfgs_seed0201_20260908T165027+0800,f1e0862c988ebedd9b3482428d9bafbcf80949ee68eda92ab7d421208c66c260
C5,Random-FC,202,8,success,target_reached_with_quadrature_warning,8,8,290.7983032595321,1.0089813045362777,0.9698998515028668,0.3670378749957308,0.03275474898691755,0.1732760419981787,0.16070791702077258,0.36673870800586883,9,8,1,13824,111,86,source_archive/revision_baseline_campaign/report_runs_c3c5/report/pure_p_p4_k3_d2_neumann_hybrid_qmc_iid_lbfgs_seed0202_20260908T165027+0800,aa249714a87a4df52e5d56167588ff5a17fbeb425b7b3246ca6fd307b2366cb0
C5,Random-FC,203,8,success,target_reached,8,8,336.6712438331687,0.988769575755451,0.9921978716660259,0.34897945800912566,0.03772849902452435,0.15310129403951578,0.15785024894285016,0.3486800420068903,8,8,0,12288,126,99,source_archive/revision_baseline_campaign/report_runs_c3c5/report/pure_p_p4_k3_d2_neumann_hybrid_qmc_iid_lbfgs_seed0203_20260908T165028+0800,191c04b7b0f113aaf29f03922ecf49d72463a9e8cbe14c88cb570913061f4b8e
C5,Random-FC,204,8,success,target_reached,8,8,338.4646689144911,0.9908748583434304,0.9725540732144986,0.3417529580037808,0.029053250997094437,0.15531379198364448,0.15710945702448953,0.34147650000522844,8,8,0,12288,95,73,source_archive/revision_baseline_campaign/report_runs_c3c5/report/pure_p_p4_k3_d2_neumann_hybrid_qmc_iid_lbfgs_seed0204_20260908T165028+0800,3c12375530855400510d5208e7e40eae78ebf0f3a7d98a256898e217914a045e
C5,Random-FC,205,8,success,target_reached,8,8,354.3988381339635,1.044835564572416,1.0023725408937418,0.3536984160018619,0.040766624981188215,0.15231945700361393,0.16030658401723485,0.353392666002037,8,8,0,12288,117,94,source_archive/revision_baseline_campaign/report_runs_c3c5/report/pure_p_p4_k3_d2_neumann_hybrid_qmc_iid_lbfgs_seed0205_20260908T165029+0800,8d67feea0a00fc3f77c891beda5626e3fbc20a86e13ff9a5cf9ade216df9f0f5
