schema_version,case_id,step,active_rank,frozen_projection_error_squared,frozen_projection_error,nonlinear_to_frozen_hessian_error,computed_to_strict_hessian_error,computed_energy_gap,computed_bregman_gap,evaluator,source_history_sha256,config_sha256
window-certificate-v1,pure,8,8,0.047964378573529504,0.21900771350235476,0.010365669404456828,3.4148699641632255e-07,0.023071815389926087,0.02307181538989031,SG16-589,3da8885406067e143bc145fdad5d1cf191fbf7fe7f8161fb14e7abbe3f235f94,722987bad6031a42f983ab7757406af49aadb4740adabfeb7e772eac213e8eee
window-certificate-v1,pure,9,9,0.02956166539797893,0.17193506157261504,0.0027673452095093583,9.433441985163542e-15,0.01442137109614805,0.014421371096161229,SG16-589,3da8885406067e143bc145fdad5d1cf191fbf7fe7f8161fb14e7abbe3f235f94,722987bad6031a42f983ab7757406af49aadb4740adabfeb7e772eac213e8eee
window-certificate-v1,pure,10,10,0.020310783120797225,0.14251590479941958,0.0020054134192706657,6.05600561044237e-08,0.010094568781028102,0.01009456878091394,SG16-589,3da8885406067e143bc145fdad5d1cf191fbf7fe7f8161fb14e7abbe3f235f94,722987bad6031a42f983ab7757406af49aadb4740adabfeb7e772eac213e8eee
window-certificate-v1,pure,11,11,0.007821158401918656,0.08843731340287682,0.0004300054422326928,1.0436739958999302e-07,0.0039064653096829716,0.00390646530963519,SG16-589,3da8885406067e143bc145fdad5d1cf191fbf7fe7f8161fb14e7abbe3f235f94,722987bad6031a42f983ab7757406af49aadb4740adabfeb7e772eac213e8eee
window-certificate-v1,pure,12,12,0.0024577471227895343,0.04957567067412739,0.00027494524492600945,1.5533846793640335e-14,0.0012277341760977833,0.0012277341760906389,SG16-589,3da8885406067e143bc145fdad5d1cf191fbf7fe7f8161fb14e7abbe3f235f94,722987bad6031a42f983ab7757406af49aadb4740adabfeb7e772eac213e8eee
window-certificate-v1,pure,13,13,0.002324053450394473,0.04820843754359264,0.0003506930036770077,1.6027168517160662e-15,0.0011600731266412367,0.001160073126568638,SG16-589,3da8885406067e143bc145fdad5d1cf191fbf7fe7f8161fb14e7abbe3f235f94,722987bad6031a42f983ab7757406af49aadb4740adabfeb7e772eac213e8eee
window-certificate-v1,pure,14,14,0.002213351910957801,0.04704627414533271,0.00025779159317910425,1.7474024769215478e-14,0.0011056694690978475,0.0011056694690908077,SG16-589,3da8885406067e143bc145fdad5d1cf191fbf7fe7f8161fb14e7abbe3f235f94,722987bad6031a42f983ab7757406af49aadb4740adabfeb7e772eac213e8eee
window-certificate-v1,pure,15,15,0.002137053401153437,0.04622827490998812,0.0002895716537856957,3.980455758737681e-15,0.0010670962340100232,0.0010670962339371245,SG16-589,3da8885406067e143bc145fdad5d1cf191fbf7fe7f8161fb14e7abbe3f235f94,722987bad6031a42f983ab7757406af49aadb4740adabfeb7e772eac213e8eee
window-certificate-v1,pure,16,16,0.002112047498531964,0.04595701794646781,0.00026400900121671976,1.5979442090582482e-14,0.0010550218948424117,0.0010550218948112433,SG16-589,3da8885406067e143bc145fdad5d1cf191fbf7fe7f8161fb14e7abbe3f235f94,722987bad6031a42f983ab7757406af49aadb4740adabfeb7e772eac213e8eee
window-certificate-v1,pure,17,17,0.0007489785909099119,0.027367473228449717,0.00011195984825502239,1.1717247267249826e-14,0.0003751387473585055,0.0003751387472947454,SG16-589,3da8885406067e143bc145fdad5d1cf191fbf7fe7f8161fb14e7abbe3f235f94,722987bad6031a42f983ab7757406af49aadb4740adabfeb7e772eac213e8eee
window-certificate-v1,pure,18,18,0.0005654831604915694,0.02377988983346158,0.000164030551065181,1.3937877395980032e-14,0.000284183342785127,0.0002841833427888956,SG16-589,3da8885406067e143bc145fdad5d1cf191fbf7fe7f8161fb14e7abbe3f235f94,722987bad6031a42f983ab7757406af49aadb4740adabfeb7e772eac213e8eee
window-certificate-v1,pure,19,19,0.0005555644008914881,0.02357041367671531,0.00016396637393587354,1.025023061245429e-14,0.0002792236504092216,0.0002792236503074332,SG16-589,3da8885406067e143bc145fdad5d1cf191fbf7fe7f8161fb14e7abbe3f235f94,722987bad6031a42f983ab7757406af49aadb4740adabfeb7e772eac213e8eee
window-certificate-v1,pure,20,20,9.269219496288373e-05,0.009627678586392657,8.342784875222973e-06,2.4804737146384937e-14,4.634105249579079e-05,4.634105241433057e-05,SG16-589,3da8885406067e143bc145fdad5d1cf191fbf7fe7f8161fb14e7abbe3f235f94,722987bad6031a42f983ab7757406af49aadb4740adabfeb7e772eac213e8eee
window-certificate-v1,pure,21,21,7.943974951133777e-05,0.008912897930041484,9.47847826253125e-06,1.539583402834022e-12,3.9713792034490325e-05,3.971379191143388e-05,SG16-589,3da8885406067e143bc145fdad5d1cf191fbf7fe7f8161fb14e7abbe3f235f94,722987bad6031a42f983ab7757406af49aadb4740adabfeb7e772eac213e8eee
window-certificate-v1,pure,22,22,7.839158856323861e-05,0.008853902448256283,7.3732922929814196e-06,1.1961665709080053e-12,3.919151828313261e-05,3.919151822435326e-05,SG16-589,3da8885406067e143bc145fdad5d1cf191fbf7fe7f8161fb14e7abbe3f235f94,722987bad6031a42f983ab7757406af49aadb4740adabfeb7e772eac213e8eee
window-certificate-v1,pure,23,23,7.195842884306942e-05,0.00848283141663616,7.2709390815455035e-06,1.9632733400457474e-14,3.597480542794074e-05,3.5974805405803273e-05,SG16-589,3da8885406067e143bc145fdad5d1cf191fbf7fe7f8161fb14e7abbe3f235f94,722987bad6031a42f983ab7757406af49aadb4740adabfeb7e772eac213e8eee
window-certificate-v1,pure,24,24,3.9660931224143854e-05,0.006297692531724922,5.527204742028392e-06,1.1694773274070947e-14,1.98263834363388e-05,1.9826383343932223e-05,SG16-589,3da8885406067e143bc145fdad5d1cf191fbf7fe7f8161fb14e7abbe3f235f94,722987bad6031a42f983ab7757406af49aadb4740adabfeb7e772eac213e8eee
window-certificate-v1,pure,25,25,3.550990128662365e-05,0.005959018483494043,5.1652277111471385e-06,2.240122726637649e-14,1.7751178688740765e-05,1.775117861902523e-05,SG16-589,3da8885406067e143bc145fdad5d1cf191fbf7fe7f8161fb14e7abbe3f235f94,722987bad6031a42f983ab7757406af49aadb4740adabfeb7e772eac213e8eee
window-certificate-v1,pure,26,26,3.540107339450691e-05,0.005949880115977709,4.493404697535475e-06,5.240083517918909e-15,1.7697287375995074e-05,1.7697287437493722e-05,SG16-589,3da8885406067e143bc145fdad5d1cf191fbf7fe7f8161fb14e7abbe3f235f94,722987bad6031a42f983ab7757406af49aadb4740adabfeb7e772eac213e8eee
window-certificate-v1,pure,27,27,8.226739796325988e-06,0.002868229383491841,2.0436915425158338e-06,7.701548648075267e-13,4.113984914511093e-06,4.1139849260227704e-06,SG16-589,3da8885406067e143bc145fdad5d1cf191fbf7fe7f8161fb14e7abbe3f235f94,722987bad6031a42f983ab7757406af49aadb4740adabfeb7e772eac213e8eee
window-certificate-v1,pure,28,28,6.766779819497779e-06,0.002601303484697197,2.0441433490850807e-06,2.252352823352577e-14,3.3839927482404164e-06,3.383992707533098e-06,SG16-589,3da8885406067e143bc145fdad5d1cf191fbf7fe7f8161fb14e7abbe3f235f94,722987bad6031a42f983ab7757406af49aadb4740adabfeb7e772eac213e8eee
window-certificate-v1,pure,29,29,6.5657951603649375e-06,0.0025623807602237684,2.0459395156621227e-06,1.4817868880444263e-14,3.2834961984917754e-06,3.283496247167315e-06,SG16-589,3da8885406067e143bc145fdad5d1cf191fbf7fe7f8161fb14e7abbe3f235f94,722987bad6031a42f983ab7757406af49aadb4740adabfeb7e772eac213e8eee
window-certificate-v1,pure,30,30,6.052330310336302e-06,0.002460148432582128,2.050832687416138e-06,1.4013930549060503e-12,3.0267699457908748e-06,3.026769973157155e-06,SG16-589,3da8885406067e143bc145fdad5d1cf191fbf7fe7f8161fb14e7abbe3f235f94,722987bad6031a42f983ab7757406af49aadb4740adabfeb7e772eac213e8eee
window-certificate-v1,pure,31,31,5.994866846612624e-06,0.002448441718034682,2.0392521359534663e-06,7.304199707667515e-13,2.9980350859659666e-06,2.998035060206719e-06,SG16-589,3da8885406067e143bc145fdad5d1cf191fbf7fe7f8161fb14e7abbe3f235f94,722987bad6031a42f983ab7757406af49aadb4740adabfeb7e772eac213e8eee
window-certificate-v1,pure,32,32,3.968770501095196e-06,0.0019921773267194856,2.0546772250373544e-06,5.977651135458291e-13,1.9850677972499398e-06,1.9850678250073407e-06,SG16-589,3da8885406067e143bc145fdad5d1cf191fbf7fe7f8161fb14e7abbe3f235f94,722987bad6031a42f983ab7757406af49aadb4740adabfeb7e772eac213e8eee
window-certificate-v1,regularized-0.1,8,8,0.048031061769660814,0.21915990000376623,0.010334096912315101,3.5867849203710604e-07,0.023107577545033564,0.023107577544998436,SG16-589,327ec1f128a50a5d77ead82df41f105b5ecc6f7e24779e867fd8f93e72f56f42,a833aa8251d4985c781cb0cd787c7c1ebca8706c7acf628746c9085baf64f232
window-certificate-v1,regularized-0.1,9,9,0.02985581462970565,0.172788352123937,0.002728232635569403,5.8262057029613805e-08,0.014571927329029677,0.01457192732894208,SG16-589,327ec1f128a50a5d77ead82df41f105b5ecc6f7e24779e867fd8f93e72f56f42,a833aa8251d4985c781cb0cd787c7c1ebca8706c7acf628746c9085baf64f232
window-certificate-v1,regularized-0.1,10,10,0.028583403330726995,0.1690662690507098,0.003081310381182152,9.439474938013404e-15,0.013909275215837624,0.013909275215721412,SG16-589,327ec1f128a50a5d77ead82df41f105b5ecc6f7e24779e867fd8f93e72f56f42,a833aa8251d4985c781cb0cd787c7c1ebca8706c7acf628746c9085baf64f232
window-certificate-v1,regularized-0.1,11,11,0.018065904382404734,0.13440946537504245,0.002029051679492776,2.896221512975157e-14,0.008971179045715871,0.00897117904567377,SG16-589,327ec1f128a50a5d77ead82df41f105b5ecc6f7e24779e867fd8f93e72f56f42,a833aa8251d4985c781cb0cd787c7c1ebca8706c7acf628746c9085baf64f232
window-certificate-v1,regularized-0.1,12,12,0.005296380924301979,0.07277623873423233,0.0004574804563845166,1.2130423834415846e-07,0.002643555814870524,0.0026435558148690426,SG16-589,327ec1f128a50a5d77ead82df41f105b5ecc6f7e24779e867fd8f93e72f56f42,a833aa8251d4985c781cb0cd787c7c1ebca8706c7acf628746c9085baf64f232
window-certificate-v1,regularized-0.1,13,13,0.0021942925647039967,0.04684327662220051,0.0003162835374875821,1.2431744254487125e-14,0.0010958833903487175,0.0010958833902772408,SG16-589,327ec1f128a50a5d77ead82df41f105b5ecc6f7e24779e867fd8f93e72f56f42,a833aa8251d4985c781cb0cd787c7c1ebca8706c7acf628746c9085baf64f232
window-certificate-v1,regularized-0.1,14,14,0.002120367733163403,0.046047450886703846,0.0002633235413099729,2.0564785160238406e-14,0.0010595004082460946,0.0010595004082377523,SG16-589,327ec1f128a50a5d77ead82df41f105b5ecc6f7e24779e867fd8f93e72f56f42,a833aa8251d4985c781cb0cd787c7c1ebca8706c7acf628746c9085baf64f232
window-certificate-v1,regularized-0.1,15,15,0.002044906596565154,0.04522064347800851,0.0002938111194100511,2.4575506637619327e-14,0.001021355619741371,0.001021355619702331,SG16-589,327ec1f128a50a5d77ead82df41f105b5ecc6f7e24779e867fd8f93e72f56f42,a833aa8251d4985c781cb0cd787c7c1ebca8706c7acf628746c9085baf64f232
window-certificate-v1,regularized-0.1,16,16,0.002019795002421383,0.04494212948249541,0.00026931617822293985,2.6117162078965633e-14,0.0010092193001582928,0.0010092193001396644,SG16-589,327ec1f128a50a5d77ead82df41f105b5ecc6f7e24779e867fd8f93e72f56f42,a833aa8251d4985c781cb0cd787c7c1ebca8706c7acf628746c9085baf64f232
window-certificate-v1,regularized-0.1,17,17,0.0006247666732095223,0.024995333028578003,0.0001231952931733189,5.570037910581669e-15,0.00031329491946507915,0.0003132949194857164,SG16-589,327ec1f128a50a5d77ead82df41f105b5ecc6f7e24779e867fd8f93e72f56f42,a833aa8251d4985c781cb0cd787c7c1ebca8706c7acf628746c9085baf64f232
window-certificate-v1,regularized-0.1,18,18,0.0005628744259181153,0.02372497472955694,0.00016425258937421275,2.2757763481580165e-14,0.00028284283382618014,0.00028284283388722354,SG16-589,327ec1f128a50a5d77ead82df41f105b5ecc6f7e24779e867fd8f93e72f56f42,a833aa8251d4985c781cb0cd787c7c1ebca8706c7acf628746c9085baf64f232
window-certificate-v1,regularized-0.1,19,19,8.705334833431679e-05,0.009330238385717527,1.0084879720661491e-05,1.9597053648872612e-14,4.352339033175667e-05,4.3523390338126435e-05,SG16-589,327ec1f128a50a5d77ead82df41f105b5ecc6f7e24779e867fd8f93e72f56f42,a833aa8251d4985c781cb0cd787c7c1ebca8706c7acf628746c9085baf64f232
window-certificate-v1,regularized-0.1,20,20,8.200385557099901e-05,0.009055598023929674,7.66565445806596e-06,1.0993507208796939e-14,4.099674561075517e-05,4.099674557358744e-05,SG16-589,327ec1f128a50a5d77ead82df41f105b5ecc6f7e24779e867fd8f93e72f56f42,a833aa8251d4985c781cb0cd787c7c1ebca8706c7acf628746c9085baf64f232
window-certificate-v1,regularized-0.1,21,21,6.878094404723218e-05,0.008293427762224265,8.801820162061104e-06,9.916903704647155e-15,3.438424255364225e-05,3.438424249511943e-05,SG16-589,327ec1f128a50a5d77ead82df41f105b5ecc6f7e24779e867fd8f93e72f56f42,a833aa8251d4985c781cb0cd787c7c1ebca8706c7acf628746c9085baf64f232
window-certificate-v1,regularized-0.1,22,22,6.774512098721086e-05,0.008230742432321088,6.684901504499783e-06,1.3660240780433596e-12,3.386804132787802e-05,3.386804126501206e-05,SG16-589,327ec1f128a50a5d77ead82df41f105b5ecc6f7e24779e867fd8f93e72f56f42,a833aa8251d4985c781cb0cd787c7c1ebca8706c7acf628746c9085baf64f232
window-certificate-v1,regularized-0.1,23,23,6.199830193768059e-05,0.007873900046208396,6.519413802631967e-06,1.4182043497202173e-14,3.099453465438273e-05,3.0994534616583555e-05,SG16-589,327ec1f128a50a5d77ead82df41f105b5ecc6f7e24779e867fd8f93e72f56f42,a833aa8251d4985c781cb0cd787c7c1ebca8706c7acf628746c9085baf64f232
window-certificate-v1,regularized-0.1,24,24,5.828131093901647e-05,0.007634219733477447,6.498015880692671e-06,1.016455369683757e-14,2.913600241072345e-05,2.913600240114341e-05,SG16-589,327ec1f128a50a5d77ead82df41f105b5ecc6f7e24779e867fd8f93e72f56f42,a833aa8251d4985c781cb0cd787c7c1ebca8706c7acf628746c9085baf64f232
window-certificate-v1,regularized-0.1,25,25,5.393806898280529e-05,0.0073442541474819135,6.099329700080983e-06,2.2313562160481875e-14,2.6964936353124358e-05,2.696493638638114e-05,SG16-589,327ec1f128a50a5d77ead82df41f105b5ecc6f7e24779e867fd8f93e72f56f42,a833aa8251d4985c781cb0cd787c7c1ebca8706c7acf628746c9085baf64f232
window-certificate-v1,regularized-0.1,26,26,5.3823658434330255e-05,0.00733646089298718,5.583703711179668e-06,3.67824149678123e-14,2.6908231404831895e-05,2.690823140261951e-05,SG16-589,327ec1f128a50a5d77ead82df41f105b5ecc6f7e24779e867fd8f93e72f56f42,a833aa8251d4985c781cb0cd787c7c1ebca8706c7acf628746c9085baf64f232
window-certificate-v1,regularized-0.1,27,27,2.4003037210365323e-05,0.00489928945974468,3.8535264423181714e-06,1.8358846095007807e-12,1.2004406926280353e-05,1.2004406805476745e-05,SG16-589,327ec1f128a50a5d77ead82df41f105b5ecc6f7e24779e867fd8f93e72f56f42,a833aa8251d4985c781cb0cd787c7c1ebca8706c7acf628746c9085baf64f232
window-certificate-v1,regularized-0.1,28,28,8.559084654726799e-06,0.002925591334196695,2.055962266639338e-06,1.4452768152033937e-12,4.28015994202724e-06,4.2801599211605245e-06,SG16-589,327ec1f128a50a5d77ead82df41f105b5ecc6f7e24779e867fd8f93e72f56f42,a833aa8251d4985c781cb0cd787c7c1ebca8706c7acf628746c9085baf64f232
window-certificate-v1,regularized-0.1,29,29,6.797416507851447e-06,0.0026071855530152522,2.0505114340744477e-06,3.7620291588763106e-12,3.399312049623404e-06,3.3993120110672225e-06,SG16-589,327ec1f128a50a5d77ead82df41f105b5ecc6f7e24779e867fd8f93e72f56f42,a833aa8251d4985c781cb0cd787c7c1ebca8706c7acf628746c9085baf64f232
window-certificate-v1,regularized-0.1,30,30,6.596520652590171e-06,0.0025683692593920704,2.050422945658877e-06,5.763922567791553e-13,3.29886006511515e-06,3.2988600476551515e-06,SG16-589,327ec1f128a50a5d77ead82df41f105b5ecc6f7e24779e867fd8f93e72f56f42,a833aa8251d4985c781cb0cd787c7c1ebca8706c7acf628746c9085baf64f232
window-certificate-v1,regularized-0.1,31,31,6.083055280007269e-06,0.0024663850632063253,2.0535039027502644e-06,1.2048518245548257e-14,3.04213278923271e-06,3.0421327389226307e-06,SG16-589,327ec1f128a50a5d77ead82df41f105b5ecc6f7e24779e867fd8f93e72f56f42,a833aa8251d4985c781cb0cd787c7c1ebca8706c7acf628746c9085baf64f232
window-certificate-v1,regularized-0.1,32,32,6.025348290531623e-06,0.002454658487556186,2.0449374668604523e-06,3.3129147971387485e-12,3.013276852925628e-06,3.0132768379087462e-06,SG16-589,327ec1f128a50a5d77ead82df41f105b5ecc6f7e24779e867fd8f93e72f56f42,a833aa8251d4985c781cb0cd787c7c1ebca8706c7acf628746c9085baf64f232
