attempted_iteration,nominal_selected_count,accepted_atom_count,effective_rank,raw_winner_pool_index,nominal_pool_index,accepted_pool_index,candidate_score_rank,signed_score,dual_score_abs,atom_scale,innovation_abs,innovation_rel,rejected_candidate_count,oracle_pool_index,oracle_score,oracle_ratio,raw_oracle_pool_index,raw_oracle_score,raw_oracle_ratio,admissible_oracle_pool_index,admissible_oracle_score,admissible_oracle_ratio,coverage_warning,coverage_warning_streak,remaining_candidate_count,train_energy,validation_energy,accepted,rollback,acceptance_reason,method_chain,optimizer_success,optimizer_iterations,objective_evaluations,projected_residual_abs,projected_residual_rel,projected_residual_target,energy_decrease,condition_estimate,zero_mean_residual,compatibility_residual,train_validation_gap,train_energy_drop,validation_energy_drop,train_validation_drop_gap,energy_drop_scale,energy_drop_gap_limit,quadrature_warning,quadrature_warning_streak,quadrature_warning_reason,trusted,elapsed_selection_s,elapsed_projection_s,energy_gap_raw,energy_gap_status,bregman_gap,l2_abs,l2_rel,natural_abs,natural_rel,w1p_full_abs,w1p_full_rel,quasi_abs,quasi_rel,elapsed_total_s
1,1,1,1,344,344,344,1,46.22670799320592,46.22670799320592,1.3670036165436517,0.7690568097455082,1.0,0,206,46.22678215404326,0.9999983957170738,206,46.22678215404326,0.9999983957170715,206,46.22678215404326,0.9999983957170738,False,0,462,-124.42812364569008,-124.42812364569006,True,False,accepted,L-BFGS-B,True,7,9,7.01945168657403e-10,1.1678004674338399e-11,6.010841372587806e-07,124.42812364569008,1.0,-1.3660947373317356e-17,-1.3322676295501878e-14,1.4210854715202004e-14,124.42812364569008,124.42812364569006,1.4210854715202004e-14,124.42812364569008,2.488562473013802,False,0,none,True,0.1521872920000078,0.0029407920001176535,313.9127860073209,ok,313.91278600732085,0.6829109522128145,0.9657819305124868,4.472850052732821,0.9096967725130083,4.4743553710740525,0.9098570156308357,22.54289843680122,0.9324689597395408,0.42950937499995234
2,2,2,2,355,355,355,1,46.92230125060809,46.92230125060809,1.571010639141038,0.7753683512188358,0.9911702995301345,0,90,46.92230351756156,0.9999999516870807,90,46.92230351756156,0.9999999516870804,90,46.92230351756156,0.9999999516870807,False,0,461,-252.26855632485024,-252.2685563248503,True,False,accepted,L-BFGS-B,True,9,11,2.2441628730403737e-07,3.7083706901749397e-09,6.051624200775886e-07,127.84043267916019,1.0082068598747813,-7.861549952692393e-16,-1.3322676295501878e-14,-5.684341886080802e-14,127.84043267916016,127.84043267916023,-7.105427357601002e-14,127.84043267916023,2.5568086536832046,False,0,none,True,0.15503612499992414,0.004656542000020636,186.07235332816066,ok,186.07235332816072,0.2838524055629349,0.40142792165933067,3.332186679807838,0.6777064807213863,3.3322601956092446,0.6776127655132275,21.55519512077772,0.8916134022252421,0.5925987910000003
3,3,3,3,49,49,49,1,-31.71332864068712,31.71332864068712,0.06170437890969166,0.36246122167186506,0.6765541127094234,0,683,31.714163713979282,0.9999736687588645,683,31.714163713979282,0.9999736687588643,683,31.714163713979282,0.9999736687588645,False,0,460,-328.6063002366163,-328.60630023661633,True,False,accepted,L-BFGS-B,True,11,21,6.68969571559188e-07,7.645855518523685e-09,8.749450398637787e-07,76.33774391176604,2.139176013484759,-8.154284539263479e-16,-1.3322676295501878e-14,-5.684341886080802e-14,76.33774391176604,76.33774391176604,0.0,76.33774391176604,1.5267548783353209,False,0,none,True,0.14465049999989787,0.009576208999988012,109.73460941639462,ok,109.73460941639469,0.2913876284735208,0.4120843360949857,2.9081146327953054,0.5914578991834061,2.908261987190553,0.5913930282436669,16.578149702853363,0.6857419001005618,0.750625583000101
4,4,4,4,361,361,361,1,-32.86573706755068,32.86573706755068,0.06792650673021353,0.36593348608495263,0.6756787708040269,0,491,32.866609395962094,0.9999734585213551,491,32.866609395962094,0.9999734585213562,491,32.866609395962094,0.9999734585213551,False,0,459,-407.465586139336,-407.465586139336,True,False,accepted,L-BFGS-B,True,13,14,1.2037550785929995e-07,1.340284244541535e-09,8.981351707890945e-07,78.8592859027197,2.139176013484759,-1.4038249729342311e-15,-1.3322676295501878e-14,0.0,78.8592859027197,78.85928590271965,5.684341886080802e-14,78.8592859027197,1.5771857181543942,False,0,none,True,0.13959350000004633,0.005375208000032217,30.87532351367497,ok,30.875323513674992,0.09875733927054434,0.13966396858028485,1.810823395857928,0.3682887151105223,1.8108319452611001,0.3682314015948951,8.881078534906006,0.367358708820234,0.9012032079999699
5,5,5,5,56,56,56,1,-3.9720785502918474,3.9720785502918474,0.2101734097835926,0.10835056252347247,0.17593484381833077,0,613,3.9720519251270034,1.0000067031260784,613,3.9720519251270034,1.0000067031260684,613,3.9720519251270034,1.0000067031260784,False,0,458,-422.1798220709303,-422.1798220709303,True,False,accepted,L-BFGS-B,True,15,16,1.5068106775447417e-08,4.11028587674728e-10,3.6659610377832233e-07,14.714235931594317,7.1561082209505305,-1.4452414959231774e-15,-1.3322676295501878e-14,0.0,14.714235931594317,14.714235931594317,0.0,14.714235931594317,0.29428471873188633,False,0,none,True,0.1422752500000115,0.009245791000012105,16.161087582080654,ok,16.161087582080647,0.1247360691062846,0.1764034406472153,1.566458480574164,0.31858931268739943,1.5664834212474024,0.31854330121060775,6.4315020523493684,0.26603393725655805,1.0579003749999174
6,6,6,6,233,233,233,1,-3.901430924262854,3.901430924262854,0.2389216967423257,0.10066994601472272,0.1610652768078234,0,830,3.901504163205083,0.9999812280240735,830,3.901504163205083,0.9999812280240548,830,3.901504163205083,0.9999812280240735,False,0,457,-438.20970290720584,-438.20970290720584,True,False,accepted,L-BFGS-B,True,16,18,6.7945306539176e-08,1.7532157997788454e-09,3.875477386715701e-07,16.029880836275538,7.7020837093271135,-2.1165794811262018e-15,-1.3322676295501878e-14,0.0,16.029880836275538,16.029880836275538,0.0,16.029880836275538,0.3205976168255108,False,0,none,True,0.14360583300003782,0.008462167000061527,0.13120674580511604,ok,0.13120674580514452,0.017799745956813048,0.025172642138920672,0.22378466302770259,0.045513751477054595,0.2237872655555076,0.04550698294794643,0.5846590046416024,0.024183952005502156,1.2138793330000226
7,7,7,7,289,289,289,1,0.08831068867832903,0.08831068867832903,0.02129868599840763,0.10015569737123717,0.2106306219291948,0,389,0.08834250890234996,0.9996398084634872,389,0.08834250890234996,0.9996398084635283,389,0.08834250890234996,0.9996398084634872,False,0,456,-438.23261477153466,-438.2326147715347,True,False,accepted,L-BFGS-B>Newton-CG,True,4,4,1.804904427996311e-13,2.0469941609246071e-13,8.818340383526319e-09,0.02291186432887571,7.7416299977908904,-2.129589907196028e-15,-1.3322676295501878e-14,-5.684341886080802e-14,0.022911864328818865,0.02291186432887571,-5.684341886080802e-14,0.02291186432887571,0.00045823738657751415,False,0,none,True,0.14151991599987923,0.019374832999801583,0.10829488147624033,ok,0.10829488147628638,0.016801679929967055,0.023761163627611243,0.1661213895106951,0.033786084957380655,0.16612633751608238,0.033781673813222474,0.5315034626307323,0.021985215534137355,1.3788682080000854
8,8,8,8,364,364,364,1,-0.05204214841410959,0.05204214841410959,0.44105871044014283,0.02703978268362872,0.040278866664610315,0,100,0.05204326105614145,0.9999786208241128,100,0.05204326105614145,0.9999786208231249,100,0.05204326105614145,0.9999786208241128,False,0,455,-438.31783783762114,-438.31783783762114,True,False,accepted,L-BFGS-B>Newton-CG,True,2,2,1.1071990998521686e-13,5.752726195942918e-14,1.9247511343317804e-08,0.08522306608648478,28.675095517253688,-2.041552690790205e-15,-1.3322676295501878e-14,0.0,0.08522306608648478,0.08522306608642793,5.684341886080802e-14,0.08522306608648478,0.0017044614217296957,False,0,none,True,0.13826945900018472,0.015158917000007932,0.0230718153898124,ok,0.02307181538983078,0.00423453085048002,0.00598853095903612,0.17241082167387783,0.035065241663358566,0.1724108428878601,0.0350596235575024,0.24558585690414084,0.01015846250455106,1.5368965830000434
9,9,9,9,398,398,398,1,0.0525013422330034,0.0525013422330034,0.015207762420690822,0.11476716430172161,0.25061046942130155,0,574,0.05250859590310716,0.9998618574734479,574,0.05250859590310716,0.9998618574734511,574,0.05250859590310716,0.9998618574734479,False,0,454,-438.3263479169473,-438.3263479169474,True,False,accepted,L-BFGS-B>Newton-CG,True,7,7,7.967905976615627e-14,1.7417725632606947e-13,4.575596100939417e-09,0.008510079326242703,28.675095517253688,-2.0081592638776513e-15,-1.3322676295501878e-14,-5.684341886080802e-14,0.00851007932618586,0.008510079326242703,-5.684341886080802e-14,0.008510079326242703,0.0001702016865248541,False,0,none,True,0.13868487500008086,0.03692979099992044,0.014561736063569697,ok,0.014561736063629305,0.005002630698616642,0.0070747881815276465,0.07548141409101294,0.015351553925077217,0.07548183943734361,0.015349178925030613,0.19583548369131062,0.00810057811641537,1.7182461659999717
10,10,10,10,316,316,316,1,0.004735422871238182,0.004735422871238182,0.034356127239583915,0.017498229415022062,0.03488221087380683,0,149,0.004748946582049238,0.9971522714401179,149,0.004748946582049238,0.9971522714395581,149,0.004748946582049238,0.9971522714401179,False,0,453,-438.327011379507,-438.327011379507,True,False,accepted,L-BFGS-B>Newton-CG,True,15,15,3.389072849618009e-14,1.2523226718923184e-13,2.707229732706955e-09,0.0006634625596007027,44.31124617403802,-2.057165202073996e-15,-1.3322676295501878e-14,0.0,0.0006634625596575461,0.0006634625596007027,5.684341886080802e-14,0.0006634625596575461,1.3269351193150922e-05,False,0,none,True,0.13491491600007066,0.10481095900013315,0.013898273503968994,ok,0.01389827350399716,0.00532570890578596,0.00753168976381368,0.07808232304134463,0.01588053174678428,0.07808280967112322,0.015878084391491867,0.19116909807063437,0.007907556808279051,1.964855082999975
11,11,11,11,41,41,41,1,-0.004196742496297645,0.004196742496297645,0.3745650893798015,0.007966021004435693,0.012096114686773468,0,36,0.004197074760887982,0.9999208342454527,36,0.004197074760887982,0.9999208342302974,36,0.004197074760887982,0.9999208342454527,False,0,452,-438.33194384191967,-438.33194384191967,True,False,accepted,L-BFGS-B>Newton-CG,True,2,2,8.702335715267317e-14,1.6518285112148355e-13,5.2693045825787295e-09,0.004932462412682526,97.33445979957749,-2.1141942363467336e-15,-1.3322676295501878e-14,0.0,0.004932462412682526,0.004932462412682526,0.0,0.004932462412682526,9.864934825365051e-05,False,0,none,True,0.13051575000008597,0.02317516700009037,0.008965811091286469,ok,0.008965811091272952,0.0035796294436960135,0.005062360507544959,0.05092364186668371,0.010356947383565159,0.05092399122682218,0.01035535777537605,0.15434892687540022,0.0063845198825658,2.124937290999924
12,12,12,12,452,452,452,1,-0.009434966320622351,0.009434966320622351,0.11854840031486534,0.010924158943909497,0.018938520080319616,0,710,0.009442081083106625,0.9992464836489273,710,0.009442081083106625,0.9992464836496634,710,0.009442081083106625,0.9992464836489273,False,0,451,-438.33826757422025,-438.33826757422025,True,False,accepted,L-BFGS-B>Newton-CG,True,10,10,6.311068618277643e-14,7.307192664996532e-14,8.63778967780527e-09,0.006323732300643314,97.33445979957749,-2.0497926273010947e-15,-1.3322676295501878e-14,0.0,0.006323732300586471,0.006323732300586471,0.0,0.006323732300586471,0.00012647474601172942,False,0,none,True,0.13607374999992317,0.08875429199997598,0.0026420787906999976,ok,0.0026420787907461166,0.0010520654293566898,0.001487845198700104,0.028323171326161748,0.005760420590670176,0.02832318815345453,0.005759500376982075,0.08390001839493655,0.0034704571417106577,2.354787833000046
13,13,13,13,293,293,293,1,-0.004303601527682943,0.004303601527682943,0.11226579297425034,0.009079166047550312,0.0158376774945792,0,409,0.004307379382981699,0.9991229341641736,409,0.004307379382981699,0.9991229341651977,409,0.004307379382981699,0.9991229341641736,False,0,450,-438.3398152426438,-438.3398152426438,True,False,accepted,L-BFGS-B>Newton-CG,True,4,4,5.547383519522665e-14,1.170313184887153e-13,4.741084612528373e-09,0.0015476684235409266,97.33445979957749,-2.0541294359910367e-15,-1.3322676295501878e-14,0.0,0.0015476684235409266,0.0015476684235409266,0.0,0.0015476684235409266,3.0953468470818534e-05,False,0,none,True,0.130493000000115,0.04057687500016982,0.001094410367159071,ok,0.0010944103671941857,0.0018927519546532655,0.002676755484478833,0.027595705577339598,0.0056124672195499116,0.027595869234270647,0.005611600586657275,0.05400620324972443,0.0022339233929893256,2.5325233749999825
14,14,14,14,208,208,208,1,0.0016962921436995126,0.0016962921436995126,0.0038621041263495765,0.08560126732592752,0.2177551578183026,0,22,0.0016963652481199628,0.9999569052593296,22,0.0016963652481199628,0.9999569052595871,22,0.0016963652481199628,0.9999569052593296,False,0,449,-438.3398513588928,-438.3398513588928,True,False,accepted,L-BFGS-B>Newton-CG,True,4,4,7.137689360811102e-14,3.6019459108584892e-12,1.9916203622863127e-10,3.611624902077892e-05,97.33445979957749,-2.100316448538919e-15,-1.3322676295501878e-14,0.0,3.611624902077892e-05,3.611624902077892e-05,0.0,3.611624902077892e-05,7.224249804155784e-07,False,0,none,True,0.1336951670000417,0.04322108300016225,0.001058294118138292,ok,0.0010582941181864463,0.0018961393406989636,0.0026815459717656528,0.025600542209090082,0.005206687089356671,0.025600747526138678,0.0052058939914867855,0.053114573709415185,0.002197041850349364,2.716362375000017
15,15,15,15,128,128,128,1,0.0007629127493755661,0.0007629127493755661,0.03486777335665697,0.011038741608671762,0.021968983374448782,0,555,0.0007640350732104086,0.998531057180233,555,0.0007640350732104086,0.9985310571766262,555,0.0007640350732104086,0.998531057180233,False,0,448,-438.33988963355307,-438.33988963355307,True,False,accepted,L-BFGS-B>Newton-CG,True,6,6,9.171624911325436e-14,1.3270612872321172e-12,6.92122934529641e-10,3.827466031225413e-05,97.33445979957749,-2.0966301611524685e-15,-1.3322676295501878e-14,0.0,3.827466025541071e-05,3.827466025541071e-05,0.0,3.827466025541071e-05,7.655932051082142e-07,False,0,none,True,0.1355330410001443,0.05893766600001982,0.0010200194578828814,ok,0.0010200194579296452,0.0019305823333924839,0.0027302557191615467,0.027184844723239694,0.00552890555561748,0.0271850296851755,0.005528056653500017,0.052139505257270374,0.0021567089238716396,2.9169463749999522
16,16,16,16,62,62,62,1,0.0011000783760455046,0.0011000783760455046,0.003115076043559244,0.11950910469464611,0.31136850676902367,0,70,0.0011000457548485103,1.000029654400147,70,0.0011000457548485103,1.0000296544006682,70,0.0011000457548485103,1.000029654400147,False,0,447,-438.3399015526523,-438.3399015526523,True,False,accepted,L-BFGS-B>Newton-CG,True,45,45,9.230382883486305e-13,1.0027601836357394e-10,9.304975460851878e-11,1.1919099335955252e-05,97.33445979957749,-2.222831294029781e-15,-1.3322676295501878e-14,0.0,1.1919099222268414e-05,1.1919099222268414e-05,0.0,1.1919099222268414e-05,2.384819844453683e-07,False,0,none,True,0.13331458299990118,0.5466854169999351,0.001008100358660613,ok,0.0010081003586902043,0.0019254720791163386,0.002723028728257047,0.025296061287387532,0.005144761178919463,0.025296287175136746,0.00514398219339149,0.051839286372484666,0.0021442906098746565,3.602938750000021
17,17,17,17,68,68,68,1,-0.0007994128024737535,0.0007994128024737535,0.16389678971629287,0.0029342715294223736,0.00490246677021462,0,692,0.0007993071739058918,1.0001321501561726,692,0.0007993071739058918,1.0001321500633436,692,0.0007993071739058918,1.0001321501561726,False,0,446,-438.34059677581894,-438.34059677581894,True,False,accepted,L-BFGS-B>Newton-CG,True,4,4,6.274584238716584e-14,2.303107210794506e-13,2.7253995456694493e-09,0.000695223166701453,264.24560353195096,-2.2171934427328566e-15,-1.3322676295501878e-14,0.0,0.0006952231666446096,0.0006952231666446096,0.0,0.0006952231666446096,1.3904563332892193e-05,False,0,none,True,0.13166370899989488,0.04861991699999635,0.0003128771920160034,ok,0.0003128771920241232,0.0010777228164759623,0.0015241302235392358,0.016183621064800608,0.0032914557109348405,0.016183705042937105,0.003290945030296467,0.028905825836860417,0.0011956663613631685,3.7903995409999425
18,18,18,18,223,223,223,1,-0.00015893368499142468,0.00015893368499142468,0.14441149176702142,0.0024551279573423305,0.004161690429166972,0,112,0.0001590689224417958,0.9991498185296339,112,0.0001590689224417958,0.9991498185702318,112,0.0001590689224417958,0.9991498185296339,False,0,445,-438.3406272910919,-438.34062729109195,True,False,accepted,L-BFGS-B>Newton-CG,True,5,5,5.477271020102283e-14,8.461013921393505e-13,6.483539780206616e-10,3.0515272953834938e-05,315.8158616132456,-2.1027016933183873e-15,-1.3322676295501878e-14,-5.684341886080802e-14,3.0515272953834938e-05,3.0515273010678357e-05,-5.684341886080802e-14,3.0515273010678357e-05,6.104054602135672e-07,False,0,none,True,0.13801366699999562,0.05771933300002274,0.00028236191900532503,ok,0.0002823619190829604,0.0011882070301965865,0.0016803784970110703,0.017635434195741182,0.0035867282338090914,0.01763552994126742,0.0035861726015692136,0.027474087960753128,0.0011364436694943183,3.99159491599994
19,19,19,19,307,307,307,1,-0.000148937409019112,0.000148937409019112,0.26672035290932716,0.0017188640195291774,0.0027152849668914928,0,557,0.00014901583439818003,0.9994737111033551,557,0.00014901583439818003,0.9994737108425017,557,0.00014901583439818003,0.9994737111033551,False,0,444,-438.3408661589379,-438.3408661589378,True,False,accepted,L-BFGS-B>Newton-CG,True,4,5,4.80303661226106e-14,5.543111614385748e-13,8.67487443586016e-10,0.00023886784606474976,451.09347941975125,-2.181848451909829e-15,-1.3322676295501878e-14,1.1368683772161603e-13,0.00023886784600790634,0.00023886784583737608,1.7053025658242404e-13,0.00023886784600790634,4.777456920158127e-06,False,0,none,True,0.13293016600005103,0.05704112500006886,4.3494073167948955e-05,ok,4.3494073085298556e-05,0.0001678299113072769,0.00023734733674262465,0.004019074152342826,0.0008174069646360929,0.00401907758872114,0.0008172765990164955,0.010769390651178368,0.00044546722887857626,4.187518082999986
20,20,20,20,435,435,435,1,0.00014252376175877268,0.00014252376175877268,0.007386157917568856,0.013679537092653567,0.03237541730327332,0,698,0.00014274852454560795,0.9984254633275494,698,0.00014274852454560795,0.9984254633242476,698,0.00014274852454560795,0.9984254633275494,False,0,443,-438.34086867906785,-438.3408686790679,True,False,accepted,L-BFGS-B>Newton-CG,True,3,4,9.091256445459762e-14,8.725855830963187e-12,1.0518756190309693e-10,2.5201300104527036e-06,451.09347941975125,-2.0814513307376714e-15,-1.3322676295501878e-14,-5.684341886080802e-14,2.5201299536092847e-06,2.5201301241395413e-06,-1.7053025658242404e-13,2.5201301241395413e-06,5.0502602482790825e-08,False,0,none,True,0.13528291600005105,0.05081949999998869,4.097394304380941e-05,ok,4.0973943119646075e-05,0.00016686522378717652,0.0002359830625682466,0.003695382114487066,0.0007515738607640699,0.003695386377125918,0.0007514542189543456,0.010452599443449862,0.00043236341400076104,4.381275125000002
21,21,21,21,437,437,437,1,9.200135026610212e-05,9.200135026610212e-05,0.04979643621342009,0.002543419587549545,0.004863369995414825,0,820,9.193533275809746e-05,1.0007180863550944,820,9.193533275809746e-05,1.0007180864072251,820,9.193533275809746e-05,1.0007180863550944,False,0,442,-438.34087529308437,-438.3408752930844,True,False,accepted,L-BFGS-B>Newton-CG,True,4,4,7.27221890476622e-14,2.01043832030534e-12,3.62723054684997e-10,6.614016513140086e-06,451.09347941975125,-2.048708425128609e-15,-1.3322676295501878e-14,-5.684341886080802e-14,6.614016513140086e-06,6.614016513140086e-06,0.0,6.614016513140086e-06,1.3238033026280174e-07,False,0,none,True,0.13529412499997306,0.0631028329999026,3.435992653066933e-05,ok,3.4359926591705545e-05,0.00016342679248077454,0.00023112038638144468,0.004211810982125787,0.0008566061485861169,0.004211813632915494,0.0008564693379546798,0.00957172917078321,0.0003959269198595263,4.587260958000115
22,22,22,22,193,193,193,1,-0.00010611958462017346,0.00010611958462017346,0.008594564797822151,0.021551407785183687,0.050152162747390906,0,632,0.00010609386083082678,1.0002424625623503,632,0.00010609386083082678,1.0002424625462625,632,0.00010609386083082678,1.0002424625623503,False,0,441,-438.34087580471333,-438.3408758047133,True,False,accepted,L-BFGS-B>Newton-CG,True,6,24,8.993670821378159e-14,1.8264891263234303e-11,5.0240210038817296e-11,5.116289685247466e-07,451.09347941975125,-2.194425197110661e-15,-1.3322676295501878e-14,5.684341886080802e-14,5.116289685247466e-07,5.116288548379089e-07,1.1368683772161603e-13,5.116289685247466e-07,1.0332579370494931e-08,False,0,none,True,0.13616508299992347,0.17425758299987137,3.384829767583142e-05,ok,3.3848297637613644e-05,0.00016416545288302158,0.00023216500994029042,0.003283628996690015,0.0006678307265395522,0.0032836346424150943,0.0006677247934941413,0.009500317572397726,0.0003929730362208925,4.905232374999969
23,23,23,23,101,101,101,1,-4.5734023687238334e-05,4.5734023687238334e-05,0.08163344873485372,0.00183338132810722,0.003315718499947956,0,9,4.5913862896623545e-05,0.9960831174281692,9,4.5913862896623545e-05,0.9960831174758652,9,4.5913862896623545e-05,0.9960831174281692,False,0,440,-438.34087867732035,-438.3408786773203,True,False,accepted,L-BFGS-B>Newton-CG,True,4,5,6.987782719564997e-14,2.801255900097943e-12,2.5045178051461405e-10,2.872607012704975e-06,451.09347941975125,-2.0942449163730004e-15,-1.3322676295501878e-14,5.684341886080802e-14,2.872607012704975e-06,2.872607012704975e-06,0.0,2.872607012704975e-06,5.7552140254099504e-08,False,0,none,True,0.13304100000004837,0.07199866700011626,3.097569066312644e-05,ok,3.097569065988935e-05,0.00015883365487235092,0.00022462470888176607,0.003237155904935073,0.0006583789405239799,0.0032371610701194655,0.000658274425276193,0.00908821329205377,0.00037592667234386706,5.11937720800006
24,24,24,24,410,410,410,1,5.7233031441672466e-05,5.7233031441672466e-05,0.02358667025103558,0.003569669376674104,0.007421991483316004,0,919,5.76720564750412e-05,0.9923875606281053,919,5.76720564750412e-05,0.9923875606312217,919,5.76720564750412e-05,0.9923875606281053,False,0,439,-438.34088053565597,-438.3408805356561,True,False,accepted,L-BFGS-B>Newton-CG,True,3,4,8.204886785783759e-14,5.117452693799067e-12,1.613314632634671e-10,1.8583356222734437e-06,451.09347941975125,-2.1200489280781554e-15,-1.3322676295501878e-14,-1.1368683772161603e-13,1.8583356222734437e-06,1.8583357928037003e-06,-1.7053025658242404e-13,1.8583357928037003e-06,3.726671585607401e-08,False,0,none,True,0.13316966599995794,0.07717787500018858,2.9117354870322742e-05,ok,2.9117354991357513e-05,0.00015844007002056273,0.00022406809584642263,0.003236119673415548,0.0006581681897816625,0.0032361247896482265,0.0006580636983717067,0.008811356875645096,0.0003644747281615534,5.338832207999985
25,25,25,25,71,71,71,1,-3.0078926279486495e-05,3.0078926279486495e-05,0.09342980876161097,0.001395488037018042,0.002485526804570772,0,38,3.034710268529217e-05,0.9911630309955208,38,3.034710268529217e-05,0.9911630302115341,38,3.034710268529217e-05,0.9911630309955208,False,0,438,-438.3408827059845,-438.3408827059845,True,False,accepted,L-BFGS-B>Newton-CG,True,3,4,5.5729181983842445e-14,2.5855114000319753e-12,2.1654413561337707e-10,2.1703285142393725e-06,555.6252226107842,-2.0797166072616946e-15,-1.3322676295501878e-14,0.0,2.1703285142393725e-06,2.1703284005525347e-06,1.1368683772161603e-13,2.1703285142393725e-06,4.350657028478745e-08,False,0,none,True,0.13298487500014744,0.07888950000005934,2.6947026469770208e-05,ok,2.6947026478470395e-05,0.00015475370894956465,0.00021885479402401292,0.003209616777131717,0.0006527779801999848,0.0032096215385559873,0.0006526742809152406,0.008476627434029747,0.000350628912589421,5.558604374999959
26,26,26,26,1,1,1,1,2.893109389824405e-05,2.893109389824405e-05,0.0005646786296604857,0.09686968733386547,0.30515214668417223,0,888,2.923635215995143e-05,0.9895589483928323,888,2.923635215995143e-05,0.9895589483975095,888,2.923635215995143e-05,0.9895589483928323,False,0,437,-438.3408827596502,-438.34088275965024,True,False,accepted,L-BFGS-B>Newton-CG,True,4,4,7.010894205909399e-14,2.3474505729238325e-10,3.986599286381175e-12,5.3665701216232264e-08,555.6252226107842,-2.140431928920883e-15,-1.3322676295501878e-14,-5.684341886080802e-14,5.3665701216232264e-08,5.3665758059651125e-08,-5.684341886080802e-14,5.3665758059651125e-08,1.1733151611930225e-09,False,0,none,True,0.13307650000001559,0.08106587499992202,2.6893360711710557e-05,ok,2.689336074047171e-05,0.00015444907600639524,0.0002184239779842371,0.0027773442668935556,0.0005648615728146105,0.0027773515372648966,0.0005647724803868132,0.008468223061265804,0.0003502812724334567,5.780356125000026
27,27,27,27,22,22,22,1,-2.6727525220593407e-05,2.6727525220593407e-05,0.19767015348340689,0.0007378480399660202,0.0012065655465693114,0,410,2.673548532227002e-05,0.9997022645528719,410,2.673548532227002e-05,0.9997022644522481,410,2.673548532227002e-05,0.9997022645528719,False,0,436,-438.3408976560496,-438.3408976560496,True,False,accepted,L-BFGS-B>Newton-CG,True,4,4,3.258575225117318e-14,8.99572004011806e-13,3.6323617571301744e-10,1.4896399420649686e-05,1050.8510007759098,-2.127638343285554e-15,-1.3322676295501878e-14,0.0,1.4896399420649686e-05,1.4896399363806268e-05,5.684341886080802e-14,1.4896399420649686e-05,2.9802798841299377e-07,False,0,none,True,0.12822987499998817,0.08314354100002674,1.1996961347904289e-05,ok,1.1996961366884685e-05,0.00010045482576593046,0.00014206457700400508,0.0022838174321022724,0.00046448714410245504,0.00228381972457822,0.00046441313362750896,0.005656478904809314,0.0002339757247695179,5.998259540999925
28,28,28,28,162,162,162,1,-1.934779125889463e-05,1.934779125889463e-05,0.1701879334516343,0.0006176482638622574,0.0010275028723834832,0,123,1.9521517379359978e-05,0.9911007880643015,123,1.9521517379359978e-05,0.9911007870188492,123,1.9521517379359978e-05,0.9911007880643015,False,0,435,-438.34090537628526,-438.3409053762853,True,False,accepted,L-BFGS-B>Newton-CG,True,4,4,3.580215895139787e-14,1.142928463705411e-12,3.1424934226702266e-10,7.720235714714363e-06,1255.3558337075676,-1.9656585387162195e-15,-1.3322676295501878e-14,-5.684341886080802e-14,7.720235657870944e-06,7.720235714714363e-06,-5.684341886080802e-14,7.720235714714363e-06,1.5450471429428727e-07,False,0,none,True,0.1226534999998421,0.07279337500017391,4.276725633189926e-06,ok,4.276725732482269e-06,5.462093808566036e-05,7.7245671430282e-05,0.001601324825608861,0.0003256804964233733,0.0016013254096679612,0.00032562839503393634,0.003377192182534583,0.00013969485290975676,6.200187249999999
29,29,29,29,26,26,26,1,1.9642887658655184e-05,1.9642887658655184e-05,0.0469506349878035,0.0014594481856114716,0.0028091826248887357,0,454,1.9760553193863985e-05,0.9940454331387171,454,1.9760553193863985e-05,0.9940454330071973,454,1.9760553193863985e-05,0.9940454331387171,False,0,434,-438.3409062570721,-438.34090625707205,True,False,accepted,L-BFGS-B>Newton-CG,True,4,4,1.0511645619549689e-13,7.810054403883022e-12,1.3559119586060095e-10,8.807868994153978e-07,1255.3558337075676,-2.1783790049578755e-15,-1.3322676295501878e-14,5.684341886080802e-14,8.807868425719789e-07,8.807867288851412e-07,1.1368683772161603e-13,8.807868425719789e-07,1.771573685143958e-08,False,0,none,True,0.11669766700015316,0.07296933400016314,3.395938904304785e-06,ok,3.395938857729563e-06,5.436388825253031e-05,7.688214807006374e-05,0.0016034287188198058,0.000326108390236299,0.0016034292887795358,0.00032605621737055284,0.003009425773435514,0.00012448248960691182,6.396302375000005
30,30,30,30,281,281,281,1,1.3144945931187202e-05,1.3144945931187202e-05,0.014517485339908475,0.004189644900175093,0.009196230521649569,0,28,1.3094061208989998e-05,1.0038860916704948,28,1.3094061208989998e-05,1.0038860920874555,28,1.3094061208989998e-05,1.0038860916704948,False,0,433,-438.340906357561,-438.34090635756104,True,False,accepted,L-BFGS-B>Newton-CG,True,3,4,6.951758111703408e-14,2.2157107397671482e-11,3.237484504152369e-11,1.0048887588709476e-07,1255.3558337075676,-2.043721095135176e-15,-1.3322676295501878e-14,-5.684341886080802e-14,1.0048887588709476e-07,1.0048898957393249e-07,-1.1368683772161603e-13,1.0048898957393249e-07,2.1097797914786497e-09,False,0,none,True,0.1171374170000945,0.09784549999994852,3.2954499147308525e-06,ok,3.2954500012209136e-06,5.4327255213717425e-05,7.683034112974362e-05,0.001603882269976888,0.0003262006343354534,0.0016038828381813642,0.0003261484463222039,0.0029645687157840842,0.00012262701330236877,6.617607458000066
31,31,31,31,127,127,127,1,1.813336315152625e-05,1.813336315152625e-05,0.005365523076154729,0.005490430017927734,0.013464951232178043,0,315,1.8078283330744844e-05,1.0030467395478715,315,1.8078283330744844e-05,1.0030467395661287,315,1.8078283330744844e-05,1.0030467395478715,False,0,432,-438.34090661429207,-438.34090661429195,True,False,accepted,L-BFGS-B>Newton-CG,True,5,5,5.1759340023045155e-14,1.5671722420883e-11,3.4027218472217463e-11,2.5673108439150383e-07,1255.3558337075676,-2.116796321560699e-15,-1.3322676295501878e-14,1.1368683772161603e-13,2.5673108439150383e-07,2.5673091386124725e-07,1.7053025658242404e-13,2.5673108439150383e-07,5.234621687830077e-09,False,0,none,True,0.11886895799989361,0.08841641699996217,3.0387190008696052e-06,ok,3.038718894183816e-06,5.432928790116132e-05,7.683321578389484e-05,0.0016076811879952744,0.0003269732655257738,0.001607681751721276,0.00032692095271684776,0.0028467630010607986,0.0001177540741562621,6.831697625000061
32,32,32,32,354,354,354,1,8.106275715603906e-06,8.106275715603906e-06,0.0013938411265722863,0.014605800430173803,0.04161367459262467,0,674,8.123872012930668e-06,0.9978340011636379,674,8.123872012930668e-06,0.9978340011560656,674,8.123872012930668e-06,0.9978340011636379,False,0,431,-438.3409066430272,-438.3409066430272,True,False,accepted,L-BFGS-B>Newton-CG,True,4,4,6.40090531421667e-14,1.153308236766522e-10,6.550038671502597e-12,2.8735144042002503e-08,1255.3558337075676,-2.046323180349141e-15,-1.3322676295501878e-14,0.0,2.8735144042002503e-08,2.8735257728840224e-08,-1.1368683772161603e-13,2.8735257728840224e-08,6.747051545768044e-10,False,0,none,True,0.11732154100013759,0.10853641700009575,3.009983743140765e-06,ok,3.0099837558667206e-06,5.434906574635509e-05,7.686118588080238e-05,0.0016035587627782806,0.00032613483882454016,0.0016035593313175553,0.0003260826614291344,0.0028332716669267743,0.00011719601591274383,7.06454441599999
