case_id,run_id,model,dim,p,relu_power,epsilon,seed,target_accepted,config_path,status
E1_linear_1d,E1_linear_1d,linear,1,4.0,3,,201,256,data/raw/cga_cases/E1_linear_1d/config.json,extracted_baseline
E2_cubic_1d,E2_cubic_1d,cubic,1,4.0,3,,201,256,data/raw/cga_cases/E2_cubic_1d/config.json,extracted_baseline
E3_sinh_2d,E3_sinh_2d,sinh,2,4.0,3,,201,512,data/raw/cga_cases/E3_sinh_2d/config.json,extracted_baseline
E4_pure_p4_1d,E4_pure_p4_1d,pure_p,1,4.0,3,,201,256,data/raw/cga_cases/E4_pure_p4_1d/config.json,extracted_baseline
E5_pure_p4_2d,E5_pure_p4_2d,pure_p,2,4.0,3,,201,512,data/raw/cga_cases/E5_pure_p4_2d/config.json,extracted_baseline
E6_regularized_p4_2d,E6_regularized_p4_2d,regularized_p,2,4.0,3,0.1,201,512,data/raw/cga_cases/E6_regularized_p4_2d/config.json,extracted_baseline
E7_reaction_p4_2d,E7_reaction_p4_2d,reaction_p,2,4.0,3,,201,512,data/raw/cga_cases/E7_reaction_p4_2d/config.json,extracted_baseline
E8_pure_p5_1d,E8_pure_p5_1d,pure_p,1,5.0,1,,201,256,data/raw/cga_cases/E8_pure_p5_1d/config.json,extracted_baseline
base_pure,pure_p_p4_k3_d1_neumann_stratified_breakpoint_lbfgs_seed0201_20260907T084318+0800,pure_p,1,4.0,3,,201,32,data/raw/sensitivity/base_pure/pure_p_p4_k3_d1_neumann_stratified_breakpoint_lbfgs_seed0201_20260907T084318+0800/config.json,extracted_sensitivity
epsilon_001,regularized_p_p4_k3_d1_neumann_stratified_breakpoint_lbfgs_seed0201_20260907T084325+0800,regularized_p,1,4.0,3,0.01,201,32,data/raw/sensitivity/epsilon_001/regularized_p_p4_k3_d1_neumann_stratified_breakpoint_lbfgs_seed0201_20260907T084325+0800/config.json,extracted_sensitivity
epsilon_01,regularized_p_p4_k3_d1_neumann_stratified_breakpoint_lbfgs_seed0201_20260907T084318+0800,regularized_p,1,4.0,3,0.1,201,32,data/raw/sensitivity/epsilon_01/regularized_p_p4_k3_d1_neumann_stratified_breakpoint_lbfgs_seed0201_20260907T084318+0800/config.json,extracted_sensitivity
epsilon_1,regularized_p_p4_k3_d1_neumann_stratified_breakpoint_lbfgs_seed0201_20260907T084318+0800,regularized_p,1,4.0,3,1.0,201,32,data/raw/sensitivity/epsilon_1/regularized_p_p4_k3_d1_neumann_stratified_breakpoint_lbfgs_seed0201_20260907T084318+0800/config.json,extracted_sensitivity
pool_1024,pure_p_p4_k3_d1_neumann_stratified_breakpoint_lbfgs_seed0201_20260907T084329+0800,pure_p,1,4.0,3,,201,32,data/raw/sensitivity/pool_1024/pure_p_p4_k3_d1_neumann_stratified_breakpoint_lbfgs_seed0201_20260907T084329+0800/config.json,extracted_sensitivity
pool_256,pure_p_p4_k3_d1_neumann_stratified_breakpoint_lbfgs_seed0201_20260907T084328+0800,pure_p,1,4.0,3,,201,32,data/raw/sensitivity/pool_256/pure_p_p4_k3_d1_neumann_stratified_breakpoint_lbfgs_seed0201_20260907T084328+0800/config.json,extracted_sensitivity
quadrature_10,pure_p_p4_k3_d1_neumann_stratified_breakpoint_lbfgs_seed0201_20260907T084335+0800,pure_p,1,4.0,3,,201,32,data/raw/sensitivity/quadrature_10/pure_p_p4_k3_d1_neumann_stratified_breakpoint_lbfgs_seed0201_20260907T084335+0800/config.json,extracted_sensitivity
quadrature_4,pure_p_p4_k3_d1_neumann_stratified_breakpoint_lbfgs_seed0201_20260907T084333+0800,pure_p,1,4.0,3,,201,32,data/raw/sensitivity/quadrature_4/pure_p_p4_k3_d1_neumann_stratified_breakpoint_lbfgs_seed0201_20260907T084333+0800/config.json,extracted_sensitivity
tolerance_loose,pure_p_p4_k3_d1_neumann_stratified_breakpoint_lbfgs_seed0201_20260907T084340+0800,pure_p,1,4.0,3,,201,32,data/raw/sensitivity/tolerance_loose/pure_p_p4_k3_d1_neumann_stratified_breakpoint_lbfgs_seed0201_20260907T084340+0800/config.json,extracted_sensitivity
tolerance_tight,pure_p_p4_k3_d1_neumann_stratified_breakpoint_lbfgs_seed0201_20260907T084341+0800,pure_p,1,4.0,3,,201,32,data/raw/sensitivity/tolerance_tight/pure_p_p4_k3_d1_neumann_stratified_breakpoint_lbfgs_seed0201_20260907T084341+0800/config.json,extracted_sensitivity
continuation_20260914_base_pure,base_pure,pure_p,1,4.0,3,,201,64,data/raw/continuation_20260914/base_pure/config.json,frozen_prefix_continuation
continuation_20260914_epsilon_01,epsilon_01,regularized_p,1,4.0,3,0.1,201,64,data/raw/continuation_20260914/epsilon_01/config.json,frozen_prefix_continuation
